2026-08-19T15:35:04.261125+00:00,110130,Birendra,squat,good,squat_good,-6.897695,-0.507571,7.575254,-0.091663,-0.027712,-0.014389,-8.59279,1.347936,-2.377442,-0.082603,-0.032775,0.033041
2026-08-19T15:35:04.261125+00:00,110149,Birendra,squat,good,squat_good,-6.885724,-0.531513,7.548918,-0.09193,-0.02638,-0.013856,-8.595184,1.352724,-2.365471,-0.083936,-0.038104,0.03011
2026-08-19T15:35:04.261125+00:00,110170,Birendra,squat,good,squat_good,-6.876147,-0.531513,7.599196,-0.094861,-0.019452,-0.011724,-8.590396,1.33357,-2.367866,-0.084735,-0.041568,0.021051
2026-08-19T15:35:04.261125+00:00,110190,Birendra,squat,good,squat_good,-6.885724,-0.538695,7.582437,-0.096193,-0.020784,-0.009326,-8.559271,1.355118,-2.382231,-0.08287,-0.042634,0.012257
2026-08-19T15:35:04.261125+00:00,110210,Birendra,squat,good,squat_good,-6.907272,-0.54109,7.608773,-0.096459,-0.023715,-0.011724,-8.566454,1.338359,-2.351106,-0.079672,-0.042368,0.007194
2026-08-19T15:35:04.261125+00:00,110231,Birendra,squat,good,squat_good,-6.909666,-0.560243,7.589619,-0.095926,-0.022116,-0.013057,-8.564059,1.364695,-2.379837,-0.075942,-0.042634,0.004263
2026-08-19T15:35:04.261125+00:00,110249,Birendra,squat,good,squat_good,-6.890512,-0.567426,7.589619,-0.092462,-0.023715,-0.013856,-8.576031,1.37906,-2.375048,-0.076741,-0.041835,0.001066
2026-08-19T15:35:04.261125+00:00,110269,Birendra,squat,good,squat_good,-6.871359,-0.548272,7.582437,-0.092462,-0.020518,-0.01279,-8.60955,1.383849,-2.387019,-0.078606,-0.041568,-0.003997
2026-08-19T15:35:04.261125+00:00,110289,Birendra,squat,good,squat_good,-6.873753,-0.550666,7.592013,-0.092995,-0.016787,-0.008793,-8.590396,1.364695,-2.372654,-0.080738,-0.040502,-0.005596
2026-08-19T15:35:04.261125+00:00,110310,Birendra,squat,good,squat_good,-6.890512,-0.560243,7.587225,-0.092196,-0.016254,-0.007994,-8.602366,1.35033,-2.37026,-0.083403,-0.039436,-0.002665
2026-08-19T15:35:04.261125+00:00,110330,Birendra,squat,good,squat_good,-6.914454,-0.538695,7.64708,-0.092462,-0.022916,-0.010658,-8.554482,1.362301,-2.322376,-0.079939,-0.032242,0.006395
2026-08-19T15:35:04.261125+00:00,110349,Birendra,squat,good,squat_good,-6.909666,-0.548272,7.627927,-0.090597,-0.028511,-0.014389,-8.549694,1.391031,-2.329558,-0.0866,-0.031443,0.006662
2026-08-19T15:35:04.261125+00:00,110369,Birendra,squat,good,squat_good,-6.919243,-0.577003,7.594408,-0.087933,-0.033041,-0.019185,-8.540117,1.352724,-2.341529,-0.085268,-0.024248,0.000799
2026-08-19T15:35:04.261125+00:00,110389,Birendra,squat,good,squat_good,-6.926425,-0.557849,7.623138,-0.086867,-0.039436,-0.020784,-8.552089,1.386243,-2.351106,-0.081271,-0.023715,-0.000266
2026-08-19T15:35:04.261125+00:00,110409,Birendra,squat,good,squat_good,-6.914454,-0.531513,7.625533,-0.085002,-0.041835,-0.019452,-8.576031,1.340753,-2.382231,-0.079139,-0.025847,0.0
2026-08-19T15:35:04.261125+00:00,110430,Birendra,squat,good,squat_good,-6.924031,-0.54109,7.57286,-0.084469,-0.042634,-0.019985,-8.590396,1.386243,-2.389413,-0.079406,-0.018652,-0.006129
2026-08-19T15:35:04.261125+00:00,110449,Birendra,squat,good,squat_good,-6.902483,-0.526724,7.563283,-0.081804,-0.0437,-0.019185,-8.552089,1.355118,-2.384625,-0.079672,-0.022383,-0.001066
2026-08-19T15:35:04.261125+00:00,110469,Birendra,squat,good,squat_good,-6.909666,-0.543484,7.563283,-0.081538,-0.044766,-0.017587,-8.554482,1.39582,-2.387019,-0.078606,-0.018919,0.000533
2026-08-19T15:35:04.261125+00:00,110489,Birendra,squat,good,squat_good,-6.940791,-0.54109,7.541735,-0.084202,-0.051427,-0.019718,-8.554482,1.345541,-2.413355,-0.081005,-0.019718,0.006928
2026-08-19T15:35:04.261125+00:00,110509,Birendra,squat,good,squat_good,-6.92882,-0.519542,7.580042,-0.08207,-0.046631,-0.02185,-8.564059,1.340753,-2.403779,-0.077008,-0.014922,0.005063
2026-08-19T15:35:04.261125+00:00,110531,Birendra,squat,good,squat_good,-6.938396,-0.512359,7.524976,-0.085801,-0.044766,-0.018652,-8.578424,1.347936,-2.39899,-0.071145,-0.013323,-0.001865
2026-08-19T15:35:04.261125+00:00,110550,Birendra,squat,good,squat_good,-6.943185,-0.545878,7.534553,-0.086334,-0.045032,-0.011458,-8.561666,1.335965,-2.367866,-0.06928,-0.018652,-0.006395
2026-08-19T15:35:04.261125+00:00,110569,Birendra,squat,good,squat_good,-6.947973,-0.572214,7.493851,-0.080738,-0.050361,-0.01359,-8.506598,1.314417,-2.360683,-0.062619,-0.014123,-0.00373
2026-08-19T15:35:04.261125+00:00,110589,Birendra,squat,good,squat_good,-6.921637,-0.521936,7.513005,-0.078606,-0.04743,-0.01732,-8.51857,1.335965,-2.365471,-0.059954,-0.010126,0.001599
2026-08-19T15:35:04.261125+00:00,110609,Birendra,squat,good,squat_good,-6.938396,-0.47884,7.529764,-0.085268,-0.049029,-0.013856,-8.53054,1.338359,-2.329558,-0.058355,-0.006928,0.00453
2026-08-19T15:35:04.261125+00:00,110630,Birendra,squat,good,squat_good,-6.933608,-0.47884,7.515399,-0.089798,-0.049562,-0.011191,-8.571242,1.362301,-2.363077,-0.062086,-0.01359,0.000533
2026-08-19T15:35:04.261125+00:00,110649,Birendra,squat,good,squat_good,-6.969521,-0.493206,7.522582,-0.092196,-0.049562,-0.011191,-8.597578,1.355118,-2.365471,-0.062086,-0.020251,-0.001865
2026-08-19T15:35:04.261125+00:00,110669,Birendra,squat,good,squat_good,-6.967127,-0.502782,7.522582,-0.093795,-0.050095,-0.00826,-8.604761,1.316811,-2.372654,-0.054358,-0.02558,-0.000799
2026-08-19T15:35:04.261125+00:00,110689,Birendra,squat,good,squat_good,-6.967127,-0.514753,7.477092,-0.094861,-0.04823,-0.005596,-8.631097,1.352724,-2.410961,-0.043167,-0.031443,0.000533
2026-08-19T15:35:04.261125+00:00,110709,Birendra,squat,good,squat_good,-6.943185,-0.529119,7.474698,-0.091663,-0.045832,-0.005596,-8.554482,1.340753,-2.396596,-0.041302,-0.035706,0.010658
2026-08-19T15:35:04.261125+00:00,110732,Birendra,squat,good,squat_good,-6.931214,-0.538695,7.524976,-0.091663,-0.041302,-0.00453,-8.566454,1.362301,-2.389413,-0.035706,-0.035972,0.02185
2026-08-19T15:35:04.261125+00:00,113150,Birendra,squat,good,squat_good,-6.904878,-0.545878,7.52737,-0.087666,-0.039969,-0.011191,-8.556877,1.398214,-2.475605,-0.033574,-0.012524,0.027179
2026-08-19T15:35:04.261125+00:00,113155,Birendra,squat,good,squat_good,-6.907272,-0.54109,7.541735,-0.087133,-0.039436,-0.011191,-8.573636,1.383849,-2.458845,-0.032242,-0.012257,0.022649
2026-08-19T15:35:04.261125+00:00,113161,Birendra,squat,good,squat_good,-6.919243,-0.555455,7.534553,-0.0866,-0.039969,-0.009859,-8.578424,1.37906,-2.463634,-0.030643,-0.013323,0.02185
2026-08-19T15:35:04.261125+00:00,113166,Birendra,squat,good,squat_good,-6.919243,-0.545878,7.524976,-0.0866,-0.039436,-0.009593,-8.595184,1.393425,-2.470816,-0.028511,-0.016787,0.019718
2026-08-19T15:35:04.261125+00:00,113172,Birendra,squat,good,squat_good,-6.91206,-0.555455,7.524976,-0.087133,-0.040236,-0.009859,-8.595184,1.412579,-2.454057,-0.029577,-0.020518,0.017853
2026-08-19T15:35:04.261125+00:00,113178,Birendra,squat,good,squat_good,-6.926425,-0.550666,7.517793,-0.0874,-0.040769,-0.00906,-8.573636,1.407791,-2.475605,-0.034374,-0.024515,0.017853
2026-08-19T15:35:04.261125+00:00,113184,Birendra,squat,good,squat_good,-6.926425,-0.538695,7.513005,-0.087666,-0.040769,-0.00906,-8.554482,1.400608,-2.475605,-0.035972,-0.02558,0.015721
2026-08-19T15:35:04.261125+00:00,113190,Birendra,squat,good,squat_good,-6.933608,-0.565032,7.508216,-0.086867,-0.041035,-0.008527,-8.573636,1.405396,-2.501941,-0.034107,-0.029577,0.008793
2026-08-19T15:35:04.261125+00:00,113195,Birendra,squat,good,squat_good,-6.924031,-0.56982,7.544129,-0.086334,-0.040769,-0.010658,-8.599973,1.400608,-2.475605,-0.03544,-0.033574,0.00906
2026-08-19T15:35:04.261125+00:00,113201,Birendra,squat,good,squat_good,-6.940791,-0.567426,7.558495,-0.085268,-0.041302,-0.011724,-8.604761,1.388637,-2.497152,-0.031443,-0.041302,0.002398
2026-08-19T15:35:04.261125+00:00,113206,Birendra,squat,good,squat_good,-6.950367,-0.550666,7.563283,-0.084469,-0.042368,-0.01279,-8.595184,1.477222,-2.482787,-0.037038,-0.055158,-0.005862
2026-08-19T15:35:04.261125+00:00,113212,Birendra,squat,good,squat_good,-6.947973,-0.543484,7.553706,-0.085002,-0.042101,-0.013323,-8.5473,1.42455,-2.499547,-0.039436,-0.059421,-0.008527
2026-08-19T15:35:04.261125+00:00,113217,Birendra,squat,good,squat_good,-6.924031,-0.557849,7.534553,-0.085268,-0.041568,-0.014123,-8.492233,1.405396,-2.506729,-0.049029,-0.055158,-0.010126
2026-08-19T15:35:04.261125+00:00,113223,Birendra,squat,good,squat_good,-6.924031,-0.553061,7.52737,-0.0866,-0.041568,-0.014922,-8.456321,1.338359,-2.506729,-0.049828,-0.044233,-0.006395
2026-08-19T15:35:04.261125+00:00,113228,Birendra,squat,good,squat_good,-6.931214,-0.548272,7.546524,-0.086334,-0.041568,-0.015188,-8.511387,1.338359,-2.487576,-0.049029,-0.029577,-0.000799
2026-08-19T15:35:04.261125+00:00,113234,Birendra,squat,good,squat_good,-6.931214,-0.545878,7.582437,-0.087933,-0.041035,-0.01359,-8.564059,1.381454,-2.475605,-0.046897,-0.024781,0.005063
2026-08-19T15:35:04.261125+00:00,113239,Birendra,squat,good,squat_good,-6.931214,-0.560243,7.580042,-0.088998,-0.041302,-0.01279,-8.60955,1.42455,-2.463634,-0.047697,-0.027979,0.011458
2026-08-19T15:35:04.261125+00:00,113245,Birendra,squat,good,squat_good,-6.936002,-0.557849,7.589619,-0.088998,-0.041035,-0.01359,-8.599973,1.426944,-2.449268,-0.050894,-0.033574,0.014389
2026-08-19T15:35:04.261125+00:00,113250,Birendra,squat,good,squat_good,-6.947973,-0.536301,7.582437,-0.088466,-0.041835,-0.01359,-8.554482,1.383849,-2.463634,-0.052227,-0.037838,0.01359
2026-08-19T15:35:04.596160+00:00,113256,Birendra,squat,good,squat_good,-6.933608,-0.536301,7.580042,-0.086867,-0.041302,-0.014389,-8.51857,1.347936,-2.461239,-0.050095,-0.037571,0.011724
2026-08-19T15:35:04.596160+00:00,113261,Birendra,squat,good,squat_good,-6.933608,-0.533907,7.565677,-0.087933,-0.041302,-0.015188,-8.504205,1.345541,-2.494758,-0.046897,-0.034107,0.008793
2026-08-19T15:35:04.596160+00:00,113267,Birendra,squat,good,squat_good,-6.943185,-0.536301,7.582437,-0.087933,-0.040769,-0.015721,-8.532935,1.369483,-2.482787,-0.045032,-0.033308,0.007994
2026-08-19T15:35:04.596160+00:00,113274,Birendra,squat,good,squat_good,-6.931214,-0.526724,7.589619,-0.089265,-0.040769,-0.015455,-8.571242,1.403002,-2.451663,-0.044233,-0.037305,0.008793
2026-08-19T15:35:04.596160+00:00,113280,Birendra,squat,good,squat_good,-6.962338,-0.519542,7.546524,-0.090064,-0.040236,-0.014389,-8.556877,1.398214,-2.451663,-0.044233,-0.041302,0.009593
2026-08-19T15:35:04.596160+00:00,113285,Birendra,squat,good,squat_good,-6.959944,-0.538695,7.534553,-0.091397,-0.040502,-0.014389,-8.528147,1.37906,-2.485181,-0.043966,-0.043433,0.010126
2026-08-19T15:35:04.596160+00:00,113294,Birendra,squat,good,squat_good,-6.955156,-0.526724,7.524976,-0.09193,-0.040236,-0.013057,-8.520964,1.422156,-2.494758,-0.045299,-0.042634,0.002132
2026-08-19T15:35:04.596160+00:00,113301,Birendra,squat,good,squat_good,-6.926425,-0.521936,7.541735,-0.09193,-0.041835,-0.013057,-8.554482,1.455675,-2.47321,-0.050361,-0.043433,0.003198
2026-08-19T15:35:04.596160+00:00,113306,Birendra,squat,good,squat_good,-6.926425,-0.526724,7.560889,-0.090597,-0.0429,-0.01359,-8.552089,1.407791,-2.485181,-0.053825,-0.047697,0.003997
2026-08-19T15:35:04.596160+00:00,113312,Birendra,squat,good,squat_good,-6.91206,-0.536301,7.546524,-0.089265,-0.045032,-0.013856,-8.537724,1.388637,-2.487576,-0.054625,-0.051694,0.002132
2026-08-19T15:35:04.596160+00:00,113317,Birendra,squat,good,squat_good,-6.895301,-0.536301,7.548918,-0.088732,-0.046098,-0.014123,-8.508993,1.359907,-2.487576,-0.054625,-0.050894,0.000266
2026-08-19T15:35:04.596160+00:00,113323,Birendra,squat,good,squat_good,-6.892907,-0.557849,7.546524,-0.087933,-0.046364,-0.013323,-8.504205,1.33357,-2.480393,-0.054891,-0.047697,0.000533
2026-08-19T15:35:04.596160+00:00,113331,Birendra,squat,good,squat_good,-6.890512,-0.543484,7.553706,-0.087933,-0.045565,-0.01279,-8.516175,1.362301,-2.492364,-0.055158,-0.045832,0.002398
2026-08-19T15:35:04.596160+00:00,113338,Birendra,squat,good,squat_good,-6.919243,-0.548272,7.536947,-0.090597,-0.045032,-0.014123,-8.525752,1.374272,-2.492364,-0.053292,-0.046098,0.004263
2026-08-19T15:35:04.596160+00:00,113343,Birendra,squat,good,squat_good,-6.909666,-0.550666,7.553706,-0.091663,-0.044766,-0.01279,-8.497022,1.391031,-2.477999,-0.054358,-0.046098,0.005862
2026-08-19T15:35:04.596160+00:00,113350,Birendra,squat,good,squat_good,-6.91206,-0.548272,7.544129,-0.09113,-0.043966,-0.01279,-8.480263,1.371878,-2.468422,-0.055424,-0.045565,0.005063
2026-08-19T15:35:04.596160+00:00,113356,Birendra,squat,good,squat_good,-6.91206,-0.548272,7.575254,-0.089798,-0.0429,-0.013856,-8.492233,1.357512,-2.449268,-0.05276,-0.045032,0.004796
2026-08-19T15:35:04.596160+00:00,113361,Birendra,squat,good,squat_good,-6.909666,-0.531513,7.570466,-0.089531,-0.042101,-0.013323,-8.468291,1.367089,-2.451663,-0.052227,-0.0437,0.00453
2026-08-19T15:35:04.596160+00:00,113368,Birendra,squat,good,squat_good,-6.921637,-0.545878,7.568071,-0.089798,-0.041568,-0.013057,-8.494628,1.388637,-2.480393,-0.051427,-0.041302,0.002398
2026-08-19T15:35:04.596160+00:00,113374,Birendra,squat,good,squat_good,-6.897695,-0.533907,7.541735,-0.089531,-0.038904,-0.01359,-8.492233,1.405396,-2.506729,-0.05196,-0.040502,0.000799
2026-08-19T15:35:04.596160+00:00,113379,Birendra,squat,good,squat_good,-6.892907,-0.531513,7.560889,-0.089798,-0.038637,-0.013856,-8.516175,1.407791,-2.497152,-0.054625,-0.03917,-0.001066
2026-08-19T15:35:04.596160+00:00,113385,Birendra,squat,good,squat_good,-6.890512,-0.538695,7.577648,-0.088998,-0.040502,-0.013856,-8.537724,1.414973,-2.482787,-0.058622,-0.03917,-0.001865
2026-08-19T15:35:04.596160+00:00,113391,Birendra,squat,good,squat_good,-6.88333,-0.562637,7.599196,-0.089265,-0.040236,-0.014922,-8.525752,1.400608,-2.48997,-0.063152,-0.040236,-0.001332
2026-08-19T15:35:04.596160+00:00,113397,Birendra,squat,good,squat_good,-6.86657,-0.560243,7.589619,-0.090064,-0.041835,-0.014389,-8.537724,1.391031,-2.494758,-0.066349,-0.042101,-0.002132
2026-08-19T15:35:04.596160+00:00,113402,Birendra,squat,good,squat_good,-6.861782,-0.553061,7.575254,-0.09193,-0.043167,-0.013856,-8.525752,1.37906,-2.475605,-0.067415,-0.0437,-0.003997
2026-08-19T15:35:04.596160+00:00,113409,Birendra,squat,good,squat_good,-6.878541,-0.560243,7.563283,-0.092196,-0.042634,-0.013057,-8.516175,1.367089,-2.494758,-0.067415,-0.044766,-0.003198
2026-08-19T15:35:04.596160+00:00,113414,Birendra,squat,good,squat_good,-6.900089,-0.557849,7.577648,-0.092995,-0.042368,-0.012524,-8.506598,1.355118,-2.48997,-0.067415,-0.044766,-0.000266
2026-08-19T15:35:04.596160+00:00,113420,Birendra,squat,good,squat_good,-6.895301,-0.555455,7.587225,-0.094061,-0.0429,-0.011724,-8.494628,1.35033,-2.509123,-0.066882,-0.042634,0.000266
2026-08-19T15:35:04.596160+00:00,113425,Birendra,squat,good,squat_good,-6.902483,-0.538695,7.577648,-0.094061,-0.043433,-0.010925,-8.513782,1.359907,-2.494758,-0.066083,-0.042634,0.001066
2026-08-19T15:35:04.596160+00:00,113431,Birendra,squat,good,squat_good,-6.914454,-0.548272,7.560889,-0.094328,-0.044766,-0.009326,-8.499416,1.352724,-2.477999,-0.066616,-0.043433,0.002931
2026-08-19T15:35:04.596160+00:00,113439,Birendra,squat,good,squat_good,-6.926425,-0.533907,7.5561,-0.093528,-0.044766,-0.00906,-8.504205,1.369483,-2.485181,-0.068214,-0.042634,0.005329
2026-08-19T15:35:04.596160+00:00,113445,Birendra,squat,good,squat_good,-6.92882,-0.536301,7.536947,-0.09193,-0.04743,-0.009859,-8.50181,1.369483,-2.499547,-0.067681,-0.0429,0.005063
2026-08-19T15:35:04.596160+00:00,113450,Birendra,squat,good,squat_good,-6.933608,-0.529119,7.534553,-0.092196,-0.047697,-0.010658,-8.506598,1.362301,-2.480393,-0.066349,-0.041035,0.005596
2026-08-19T15:35:04.596160+00:00,113456,Birendra,squat,good,squat_good,-6.92882,-0.521936,7.548918,-0.091397,-0.046631,-0.010658,-8.520964,1.357512,-2.48997,-0.064484,-0.038371,0.006129
2026-08-19T15:35:04.596160+00:00,113461,Birendra,squat,good,squat_good,-6.936002,-0.52433,7.551312,-0.091663,-0.045832,-0.011991,-8.549694,1.345541,-2.504335,-0.061819,-0.037038,0.007727
2026-08-19T15:35:04.596160+00:00,113467,Birendra,squat,good,squat_good,-6.940791,-0.52433,7.553706,-0.092462,-0.045299,-0.010658,-8.561666,1.352724,-2.499547,-0.060221,-0.038104,0.00826
2026-08-19T15:35:04.596160+00:00,113472,Birendra,squat,good,squat_good,-6.940791,-0.548272,7.577648,-0.093528,-0.0437,-0.010126,-8.578424,1.35033,-2.506729,-0.060487,-0.039703,0.005862
2026-08-19T15:35:04.596160+00:00,113478,Birendra,squat,good,squat_good,-6.919243,-0.562637,7.577648,-0.095394,-0.0437,-0.009859,-8.571242,1.359907,-2.513912,-0.061553,-0.041835,0.005329
2026-08-19T15:35:04.596160+00:00,113483,Birendra,squat,good,squat_good,-6.924031,-0.548272,7.570466,-0.096459,-0.043966,-0.009593,-8.554482,1.352724,-2.501941,-0.062352,-0.043167,0.00373
2026-08-19T15:35:04.596160+00:00,113490,Birendra,squat,good,squat_good,-6.921637,-0.553061,7.563283,-0.096992,-0.044499,-0.00906,-8.561666,1.345541,-2.504335,-0.064484,-0.045565,0.002665
2026-08-19T15:35:04.596160+00:00,113496,Birendra,squat,good,squat_good,-6.926425,-0.550666,7.529764,-0.09566,-0.043433,-0.00906,-8.568848,1.35033,-2.482787,-0.065017,-0.047963,0.002132
2026-08-19T15:35:04.596160+00:00,113502,Birendra,squat,good,squat_good,-6.92882,-0.560243,7.532158,-0.094861,-0.042634,-0.00906,-8.561666,1.352724,-2.48997,-0.064484,-0.050628,-0.000533
2026-08-19T15:35:04.596160+00:00,113507,Birendra,squat,good,squat_good,-6.926425,-0.550666,7.532158,-0.093795,-0.042368,-0.00906,-8.552089,1.357512,-2.487576,-0.065283,-0.05196,-0.001066
2026-08-19T15:35:04.596160+00:00,113513,Birendra,squat,good,squat_good,-6.940791,-0.579397,7.517793,-0.092729,-0.043433,-0.009859,-8.540117,1.355118,-2.487576,-0.065283,-0.052227,-0.000799
2026-08-19T15:35:04.596160+00:00,113518,Birendra,squat,good,squat_good,-6.940791,-0.584185,7.522582,-0.091663,-0.044766,-0.011458,-8.532935,1.340753,-2.463634,-0.066616,-0.05276,-0.001066
2026-08-19T15:35:04.596160+00:00,113524,Birendra,squat,good,squat_good,-6.945579,-0.593762,7.558495,-0.088199,-0.046364,-0.01359,-8.532935,1.321599,-2.475605,-0.066616,-0.052227,-0.000799
2026-08-19T15:35:04.596160+00:00,113529,Birendra,squat,good,squat_good,-6.931214,-0.600945,7.560889,-0.086334,-0.049029,-0.016254,-8.525752,1.314417,-2.475605,-0.066616,-0.051694,0.0
2026-08-19T15:35:04.596160+00:00,113535,Birendra,squat,good,squat_good,-6.938396,-0.61531,7.536947,-0.0866,-0.050628,-0.017054,-8.523358,1.295263,-2.456451,-0.064484,-0.051161,0.000799
2026-08-19T15:35:04.596160+00:00,113540,Birendra,squat,good,squat_good,-6.938396,-0.610521,7.522582,-0.086334,-0.050095,-0.017587,-8.50181,1.300052,-2.468422,-0.062619,-0.049029,0.002132
2026-08-19T15:35:04.596160+00:00,113546,Birendra,squat,good,squat_good,-6.931214,-0.591368,7.558495,-0.085534,-0.049562,-0.017054,-8.482656,1.285686,-2.475605,-0.063152,-0.04743,0.002665
2026-08-19T15:35:04.896530+00:00,113551,Birendra,squat,good,squat_good,-6.909666,-0.577003,7.565677,-0.086067,-0.049029,-0.017054,-8.497022,1.302446,-2.463634,-0.064484,-0.047164,0.004796
2026-08-19T15:35:04.896530+00:00,113557,Birendra,squat,good,squat_good,-6.892907,-0.56982,7.565677,-0.086334,-0.049296,-0.017054,-8.504205,1.319205,-2.454057,-0.06555,-0.047963,0.007994
2026-08-19T15:35:04.896530+00:00,113563,Birendra,squat,good,squat_good,-6.888118,-0.557849,7.565677,-0.0874,-0.049296,-0.015721,-8.499416,1.319205,-2.466028,-0.06555,-0.050095,0.009859
2026-08-19T15:35:04.896530+00:00,113569,Birendra,squat,good,squat_good,-6.880936,-0.557849,7.565677,-0.088199,-0.049029,-0.015455,-8.50181,1.307234,-2.485181,-0.065017,-0.047963,0.009859
2026-08-19T15:35:04.896530+00:00,113578,Birendra,squat,good,squat_good,-6.892907,-0.536301,7.57286,-0.088199,-0.04823,-0.016521,-8.497022,1.323994,-2.458845,-0.065283,-0.045032,0.008793
2026-08-19T15:35:04.896530+00:00,113584,Birendra,squat,good,squat_good,-6.88333,-0.545878,7.57286,-0.088199,-0.046631,-0.01732,-8.532935,1.319205,-2.470816,-0.065283,-0.042634,0.00826
2026-08-19T15:35:04.896530+00:00,113591,Birendra,squat,good,squat_good,-6.88333,-0.529119,7.582437,-0.087933,-0.045299,-0.017054,-8.554482,1.312023,-2.487576,-0.066083,-0.044233,0.009859
2026-08-19T15:35:04.896530+00:00,113599,Birendra,squat,good,squat_good,-6.873753,-0.517148,7.570466,-0.088466,-0.044766,-0.017853,-8.544906,1.312023,-2.480393,-0.066083,-0.046897,0.008793
2026-08-19T15:35:04.896530+00:00,113605,Birendra,squat,good,squat_good,-6.868965,-0.529119,7.570466,-0.088998,-0.042634,-0.018119,-8.528147,1.319205,-2.494758,-0.066349,-0.047164,0.006129
2026-08-19T15:35:04.896530+00:00,113611,Birendra,squat,good,squat_good,-6.859388,-0.536301,7.577648,-0.090064,-0.041302,-0.017054,-8.5473,1.297657,-2.482787,-0.066616,-0.047697,0.005063
2026-08-19T15:35:04.896530+00:00,113618,Birendra,squat,good,squat_good,-6.856994,-0.550666,7.551312,-0.089265,-0.041302,-0.015988,-8.568848,1.285686,-2.48997,-0.065816,-0.049029,0.006662
2026-08-19T15:35:04.896530+00:00,113623,Birendra,squat,good,squat_good,-6.86657,-0.560243,7.599196,-0.088466,-0.039969,-0.015721,-8.568848,1.292869,-2.499547,-0.06475,-0.050361,0.007461
2026-08-19T15:35:04.896530+00:00,113629,Birendra,squat,good,squat_good,-6.88333,-0.557849,7.613562,-0.088998,-0.038371,-0.014389,-8.53054,1.292869,-2.501941,-0.062885,-0.05196,0.00826
2026-08-19T15:35:04.896530+00:00,113634,Birendra,squat,good,squat_good,-6.86657,-0.567426,7.594408,-0.089265,-0.037038,-0.013057,-8.520964,1.312023,-2.485181,-0.06102,-0.05196,0.007461
2026-08-19T15:35:04.896530+00:00,113640,Birendra,squat,good,squat_good,-6.854599,-0.562637,7.548918,-0.089798,-0.035173,-0.011724,-8.528147,1.319205,-2.492364,-0.058622,-0.051427,0.007727
2026-08-19T15:35:04.896530+00:00,113645,Birendra,squat,good,squat_good,-6.849811,-0.565032,7.563283,-0.09113,-0.033041,-0.011191,-8.523358,1.331176,-2.516306,-0.058622,-0.051427,0.009859
2026-08-19T15:35:04.896530+00:00,113651,Birendra,squat,good,squat_good,-6.864176,-0.557849,7.568071,-0.092196,-0.031443,-0.011191,-8.504205,1.309628,-2.511518,-0.059155,-0.050628,0.011724
2026-08-19T15:35:04.896530+00:00,113656,Birendra,squat,good,squat_good,-6.861782,-0.567426,7.575254,-0.092729,-0.031443,-0.010658,-8.497022,1.33357,-2.487576,-0.059688,-0.050095,0.012257
2026-08-19T15:35:04.896530+00:00,113662,Birendra,squat,good,squat_good,-6.86657,-0.553061,7.589619,-0.092995,-0.030643,-0.011191,-8.485051,1.319205,-2.482787,-0.059954,-0.049828,0.01359
2026-08-19T15:35:04.896530+00:00,113668,Birendra,squat,good,squat_good,-6.871359,-0.555455,7.589619,-0.092995,-0.030377,-0.011458,-8.470686,1.319205,-2.480393,-0.058622,-0.049562,0.01279
2026-08-19T15:35:04.896530+00:00,113674,Birendra,squat,good,squat_good,-6.873753,-0.545878,7.580042,-0.093528,-0.031709,-0.010658,-8.470686,1.326388,-2.499547,-0.058888,-0.048496,0.01359
2026-08-19T15:35:04.896530+00:00,113679,Birendra,squat,good,squat_good,-6.854599,-0.545878,7.592013,-0.093528,-0.033308,-0.010392,-8.482656,1.326388,-2.482787,-0.059421,-0.048496,0.015721
2026-08-19T15:35:04.896530+00:00,113685,Birendra,squat,good,squat_good,-6.864176,-0.543484,7.592013,-0.094861,-0.03464,-0.009859,-8.470686,1.328782,-2.494758,-0.060221,-0.04823,0.017054
2026-08-19T15:35:04.896530+00:00,113691,Birendra,squat,good,squat_good,-6.86657,-0.536301,7.575254,-0.095394,-0.034374,-0.009326,-8.463503,1.314417,-2.485181,-0.060221,-0.046897,0.018119
2026-08-19T15:35:04.896530+00:00,113697,Birendra,squat,good,squat_good,-6.876147,-0.543484,7.575254,-0.096459,-0.034374,-0.008527,-8.470686,1.295263,-2.480393,-0.057822,-0.045299,0.019185
2026-08-19T15:35:04.896530+00:00,113704,Birendra,squat,good,squat_good,-6.880936,-0.536301,7.589619,-0.097792,-0.035173,-0.007194,-8.485051,1.314417,-2.482787,-0.055424,-0.041035,0.021583
2026-08-19T15:35:04.896530+00:00,113710,Birendra,squat,good,squat_good,-6.890512,-0.533907,7.596802,-0.098858,-0.036505,-0.005329,-8.492233,1.323994,-2.509123,-0.054891,-0.040769,0.020784
2026-08-19T15:35:04.896530+00:00,113715,Birendra,squat,good,squat_good,-6.890512,-0.531513,7.589619,-0.099657,-0.037038,-0.003997,-8.497022,1.345541,-2.499547,-0.054625,-0.042368,0.020251
2026-08-19T15:35:04.896530+00:00,113721,Birendra,squat,good,squat_good,-6.902483,-0.529119,7.603985,-0.098858,-0.038371,-0.003997,-8.492233,1.33357,-2.499547,-0.05649,-0.0429,0.021317
2026-08-19T15:35:04.896530+00:00,113726,Birendra,squat,good,squat_good,-6.909666,-0.52433,7.601591,-0.10019,-0.037305,-0.003997,-8.499416,1.326388,-2.506729,-0.057556,-0.041835,0.020251
2026-08-19T15:35:04.896530+00:00,113732,Birendra,squat,good,squat_good,-6.919243,-0.538695,7.603985,-0.101256,-0.036772,-0.004263,-8.50181,1.33357,-2.485181,-0.059155,-0.039703,0.017587
2026-08-19T15:35:04.896530+00:00,113737,Birendra,squat,good,squat_good,-6.921637,-0.548272,7.599196,-0.101789,-0.038104,-0.003997,-8.494628,1.331176,-2.492364,-0.060753,-0.038637,0.013856
2026-08-19T15:35:04.896530+00:00,113744,Birendra,squat,good,squat_good,-6.916849,-0.557849,7.608773,-0.101789,-0.039703,-0.003997,-8.492233,1.35033,-2.504335,-0.060487,-0.036505,0.010126
2026-08-19T15:35:04.896530+00:00,113750,Birendra,squat,good,squat_good,-6.947973,-0.572214,7.594408,-0.100456,-0.041035,-0.005596,-8.504205,1.345541,-2.494758,-0.061286,-0.034907,0.009326
2026-08-19T15:35:04.896530+00:00,113756,Birendra,squat,good,squat_good,-6.931214,-0.584185,7.582437,-0.09939,-0.0429,-0.006928,-8.497022,1.331176,-2.482787,-0.061286,-0.035706,0.00826
2026-08-19T15:35:04.896530+00:00,113761,Birendra,squat,good,squat_good,-6.931214,-0.586579,7.577648,-0.098591,-0.043167,-0.008527,-8.468291,1.319205,-2.487576,-0.062086,-0.035173,0.007194
2026-08-19T15:35:04.896530+00:00,113768,Birendra,squat,good,squat_good,-6.919243,-0.584185,7.606379,-0.096726,-0.043966,-0.009859,-8.499416,1.335965,-2.487576,-0.062885,-0.031709,0.005862
2026-08-19T15:35:04.896530+00:00,113773,Birendra,squat,good,squat_good,-6.907272,-0.577003,7.592013,-0.094594,-0.043167,-0.010392,-8.504205,1.323994,-2.499547,-0.063685,-0.029044,0.006928
2026-08-19T15:35:04.896530+00:00,113779,Birendra,squat,good,squat_good,-6.890512,-0.596156,7.603985,-0.093528,-0.044766,-0.012257,-8.497022,1.328782,-2.504335,-0.065283,-0.029311,0.007727
2026-08-19T15:35:04.896530+00:00,113784,Birendra,squat,good,squat_good,-6.888118,-0.593762,7.596802,-0.092995,-0.045032,-0.013856,-8.511387,1.340753,-2.499547,-0.066882,-0.029844,0.009593
2026-08-19T15:35:04.896530+00:00,113790,Birendra,squat,good,squat_good,-6.890512,-0.603339,7.580042,-0.09113,-0.04823,-0.014655,-8.513782,1.338359,-2.485181,-0.067948,-0.029044,0.010126
2026-08-19T15:35:04.896530+00:00,113796,Birendra,squat,good,squat_good,-6.904878,-0.591368,7.596802,-0.09113,-0.050628,-0.015188,-8.508993,1.345541,-2.482787,-0.067415,-0.027712,0.009593
2026-08-19T15:35:04.896530+00:00,113801,Birendra,squat,good,squat_good,-6.914454,-0.56982,7.570466,-0.09193,-0.051694,-0.016254,-8.508993,1.316811,-2.477999,-0.066349,-0.026646,0.010658
2026-08-19T15:35:04.896530+00:00,113807,Birendra,squat,good,squat_good,-6.92882,-0.553061,7.575254,-0.091663,-0.052493,-0.015455,-8.513782,1.316811,-2.475605,-0.066083,-0.02638,0.011991
2026-08-19T15:35:04.896530+00:00,113812,Birendra,squat,good,squat_good,-6.921637,-0.538695,7.599196,-0.089798,-0.051427,-0.016254,-8.504205,1.319205,-2.485181,-0.066882,-0.026113,0.014123
2026-08-19T15:35:04.896530+00:00,113819,Birendra,squat,good,squat_good,-6.914454,-0.553061,7.563283,-0.089265,-0.050361,-0.016521,-8.525752,1.319205,-2.499547,-0.066083,-0.025847,0.014389
2026-08-19T15:35:04.896530+00:00,113825,Birendra,squat,good,squat_good,-6.900089,-0.550666,7.577648,-0.090864,-0.049562,-0.015988,-8.53054,1.326388,-2.499547,-0.065017,-0.024781,0.014922
2026-08-19T15:35:04.896530+00:00,113830,Birendra,squat,good,squat_good,-6.904878,-0.545878,7.582437,-0.09113,-0.049828,-0.015188,-8.554482,1.300052,-2.497152,-0.065816,-0.025047,0.016521
2026-08-19T15:35:04.896530+00:00,113836,Birendra,squat,good,squat_good,-6.902483,-0.531513,7.592013,-0.091397,-0.051694,-0.015721,-8.53054,1.307234,-2.48997,-0.06555,-0.02638,0.017587
2026-08-19T15:35:04.896530+00:00,113841,Birendra,squat,good,squat_good,-6.909666,-0.54109,7.594408,-0.091397,-0.052227,-0.015721,-8.5473,1.314417,-2.492364,-0.065816,-0.028778,0.018652
2026-08-19T15:35:05.206284+00:00,113847,Birendra,squat,good,squat_good,-6.88333,-0.550666,7.592013,-0.091397,-0.052493,-0.015455,-8.568848,1.300052,-2.497152,-0.065816,-0.029844,0.019185
2026-08-19T15:35:05.206284+00:00,113852,Birendra,squat,good,squat_good,-6.880936,-0.54109,7.584831,-0.091397,-0.05196,-0.014389,-8.556877,1.292869,-2.506729,-0.063951,-0.031176,0.019185
2026-08-19T15:35:05.206284+00:00,113858,Birendra,squat,good,squat_good,-6.888118,-0.536301,7.5561,-0.091397,-0.051427,-0.014123,-8.552089,1.280898,-2.504335,-0.062885,-0.031975,0.020784
2026-08-19T15:35:05.206284+00:00,113865,Birendra,squat,good,squat_good,-6.885724,-0.538695,7.5561,-0.091397,-0.049828,-0.014389,-8.544906,1.273715,-2.504335,-0.061819,-0.032508,0.023982
2026-08-19T15:35:05.206284+00:00,113870,Birendra,squat,good,squat_good,-6.888118,-0.548272,7.580042,-0.091397,-0.049029,-0.01359,-8.552089,1.273715,-2.497152,-0.059954,-0.033041,0.023715
2026-08-19T15:35:05.206284+00:00,113877,Birendra,squat,good,squat_good,-6.880936,-0.567426,7.580042,-0.090864,-0.050095,-0.013856,-8.5473,1.290475,-2.487576,-0.058888,-0.033041,0.024248
2026-08-19T15:35:05.206284+00:00,113883,Birendra,squat,good,squat_good,-6.902483,-0.577003,7.575254,-0.090064,-0.051427,-0.01359,-8.554482,1.321599,-2.492364,-0.057822,-0.033041,0.022649
2026-08-19T15:35:05.206284+00:00,113891,Birendra,squat,good,squat_good,-6.885724,-0.56982,7.596802,-0.088998,-0.051161,-0.014655,-8.537724,1.33357,-2.485181,-0.059954,-0.033308,0.023182
2026-08-19T15:35:05.206284+00:00,113897,Birendra,squat,good,squat_good,-6.88333,-0.572214,7.627927,-0.088466,-0.050894,-0.014389,-8.53054,1.312023,-2.494758,-0.060753,-0.033841,0.022383
2026-08-19T15:35:05.206284+00:00,113905,Birendra,squat,good,squat_good,-6.868965,-0.572214,7.620744,-0.087666,-0.051694,-0.014389,-8.540117,1.292869,-2.506729,-0.060753,-0.033574,0.022383
2026-08-19T15:35:05.206284+00:00,113912,Birendra,squat,good,squat_good,-6.871359,-0.572214,7.606379,-0.0874,-0.049828,-0.01359,-8.542512,1.297657,-2.499547,-0.058622,-0.032242,0.022649
2026-08-19T15:35:05.206284+00:00,113918,Birendra,squat,good,squat_good,-6.861782,-0.565032,7.582437,-0.088998,-0.048496,-0.013323,-8.537724,1.290475,-2.461239,-0.05649,-0.032775,0.022649
2026-08-19T15:35:05.206284+00:00,113923,Birendra,squat,good,squat_good,-6.878541,-0.562637,7.587225,-0.088732,-0.047164,-0.013057,-8.520964,1.288081,-2.439692,-0.054891,-0.031975,0.022649
2026-08-19T15:35:05.206284+00:00,113929,Birendra,squat,good,squat_good,-6.876147,-0.555455,7.603985,-0.088732,-0.04743,-0.013057,-8.53054,1.280898,-2.456451,-0.053026,-0.031975,0.022916
2026-08-19T15:35:05.206284+00:00,113934,Birendra,squat,good,squat_good,-6.861782,-0.567426,7.625533,-0.089265,-0.047164,-0.012524,-8.535329,1.288081,-2.470816,-0.050894,-0.031443,0.023982
2026-08-19T15:35:05.206284+00:00,113940,Birendra,squat,good,squat_good,-6.864176,-0.560243,7.608773,-0.091397,-0.04823,-0.013323,-8.528147,1.300052,-2.470816,-0.050628,-0.031975,0.023715
2026-08-19T15:35:05.206284+00:00,113945,Birendra,squat,good,squat_good,-6.859388,-0.565032,7.594408,-0.090597,-0.047963,-0.013057,-8.528147,1.300052,-2.451663,-0.05196,-0.033041,0.023449
2026-08-19T15:35:05.206284+00:00,113951,Birendra,squat,good,squat_good,-6.861782,-0.555455,7.599196,-0.090864,-0.049029,-0.01359,-8.53054,1.288081,-2.456451,-0.051694,-0.033041,0.022383
2026-08-19T15:35:05.206284+00:00,113956,Birendra,squat,good,squat_good,-6.873753,-0.553061,7.594408,-0.090064,-0.049828,-0.014389,-8.542512,1.295263,-2.456451,-0.050361,-0.033574,0.020784
2026-08-19T15:35:05.206284+00:00,113962,Birendra,squat,good,squat_good,-6.888118,-0.531513,7.57286,-0.089798,-0.049828,-0.013856,-8.542512,1.280898,-2.434903,-0.050095,-0.034907,0.019452
2026-08-19T15:35:05.206284+00:00,113968,Birendra,squat,good,squat_good,-6.902483,-0.529119,7.575254,-0.089531,-0.049828,-0.013323,-8.523358,1.285686,-2.434903,-0.050361,-0.03464,0.019452
2026-08-19T15:35:05.206284+00:00,113974,Birendra,squat,good,squat_good,-6.900089,-0.533907,7.611167,-0.088998,-0.049562,-0.013323,-8.523358,1.273715,-2.461239,-0.050095,-0.035706,0.020251
2026-08-19T15:35:05.206284+00:00,113979,Birendra,squat,good,squat_good,-6.876147,-0.555455,7.603985,-0.088998,-0.049828,-0.013323,-8.532935,1.292869,-2.451663,-0.04743,-0.035972,0.018652
2026-08-19T15:35:05.206284+00:00,113985,Birendra,squat,good,squat_good,-6.873753,-0.562637,7.575254,-0.089531,-0.051427,-0.014123,-8.535329,1.314417,-2.449268,-0.046631,-0.036239,0.018386
2026-08-19T15:35:05.206284+00:00,113990,Birendra,squat,good,squat_good,-6.892907,-0.572214,7.582437,-0.089798,-0.052493,-0.01359,-8.556877,1.307234,-2.461239,-0.044499,-0.036239,0.017054
2026-08-19T15:35:05.206284+00:00,113997,Birendra,squat,good,squat_good,-6.904878,-0.56982,7.570466,-0.090331,-0.053026,-0.015188,-8.568848,1.314417,-2.449268,-0.043433,-0.038371,0.017853
2026-08-19T15:35:05.206284+00:00,114002,Birendra,squat,good,squat_good,-6.919243,-0.565032,7.57286,-0.089265,-0.053292,-0.014922,-8.566454,1.30484,-2.454057,-0.043966,-0.039436,0.017853
2026-08-19T15:35:05.206284+00:00,114011,Birendra,squat,good,squat_good,-6.885724,-0.562637,7.584831,-0.088732,-0.051427,-0.01359,-8.5473,1.323994,-2.458845,-0.043433,-0.040502,0.016787
2026-08-19T15:35:05.206284+00:00,114017,Birendra,squat,good,squat_good,-6.890512,-0.56982,7.5561,-0.088998,-0.05196,-0.013057,-8.5473,1.316811,-2.454057,-0.043966,-0.041035,0.01732
2026-08-19T15:35:05.206284+00:00,114022,Birendra,squat,good,squat_good,-6.892907,-0.579397,7.570466,-0.088998,-0.05196,-0.014123,-8.556877,1.316811,-2.449268,-0.044766,-0.041302,0.016787
2026-08-19T15:35:05.206284+00:00,114028,Birendra,squat,good,squat_good,-6.880936,-0.581791,7.575254,-0.088998,-0.051427,-0.014655,-8.568848,1.307234,-2.461239,-0.044499,-0.041835,0.015721
2026-08-19T15:35:05.206284+00:00,114034,Birendra,squat,good,squat_good,-6.880936,-0.591368,7.575254,-0.089265,-0.050628,-0.014922,-8.566454,1.307234,-2.458845,-0.044499,-0.041302,0.014655
2026-08-19T15:35:05.206284+00:00,114040,Birendra,squat,good,squat_good,-6.876147,-0.610521,7.594408,-0.088732,-0.051161,-0.015188,-8.566454,1.321599,-2.482787,-0.045832,-0.041035,0.014655
2026-08-19T15:35:05.206284+00:00,114046,Birendra,squat,good,squat_good,-6.876147,-0.59855,7.587225,-0.088732,-0.050361,-0.015721,-8.576031,1.323994,-2.475605,-0.046631,-0.040502,0.01279
2026-08-19T15:35:05.206284+00:00,114051,Birendra,squat,good,squat_good,-6.878541,-0.591368,7.599196,-0.087933,-0.050628,-0.014922,-8.580819,1.340753,-2.470816,-0.047697,-0.042634,0.011724
2026-08-19T15:35:05.206284+00:00,114057,Birendra,squat,good,squat_good,-6.88333,-0.588974,7.582437,-0.087133,-0.052227,-0.015188,-8.583213,1.347936,-2.439692,-0.047697,-0.043966,0.009859
2026-08-19T15:35:05.206284+00:00,114062,Birendra,squat,good,squat_good,-6.873753,-0.593762,7.57286,-0.085534,-0.052493,-0.015455,-8.59279,1.343147,-2.458845,-0.050894,-0.043433,0.009593
2026-08-19T15:35:05.206284+00:00,114070,Birendra,squat,good,squat_good,-6.873753,-0.581791,7.580042,-0.083936,-0.051427,-0.015721,-8.583213,1.345541,-2.437297,-0.051694,-0.0437,0.006395
2026-08-19T15:35:05.206284+00:00,114076,Birendra,squat,good,squat_good,-6.854599,-0.593762,7.635109,-0.083403,-0.051161,-0.017054,-8.580819,1.359907,-2.442086,-0.053825,-0.044499,0.005329
2026-08-19T15:35:05.206284+00:00,114081,Birendra,squat,good,squat_good,-6.868965,-0.608127,7.637504,-0.08287,-0.05196,-0.017587,-8.585608,1.347936,-2.449268,-0.057556,-0.046631,0.005862
2026-08-19T15:35:05.206284+00:00,114087,Birendra,squat,good,squat_good,-6.859388,-0.59855,7.613562,-0.082603,-0.05196,-0.016787,-8.571242,1.314417,-2.456451,-0.059688,-0.047963,0.004796
2026-08-19T15:35:05.206284+00:00,114092,Birendra,squat,good,squat_good,-6.83784,-0.608127,7.615956,-0.082337,-0.049029,-0.017853,-8.571242,1.30484,-2.463634,-0.059155,-0.04823,0.003464
2026-08-19T15:35:05.206284+00:00,114098,Birendra,squat,good,squat_good,-6.842628,-0.588974,7.615956,-0.083136,-0.048496,-0.017853,-8.554482,1.300052,-2.451663,-0.058355,-0.047963,0.002665
2026-08-19T15:35:05.206284+00:00,114104,Birendra,squat,good,squat_good,-6.83784,-0.588974,7.601591,-0.083403,-0.048496,-0.018652,-8.544906,1.338359,-2.458845,-0.05649,-0.045832,0.000266
2026-08-19T15:35:05.206284+00:00,114110,Birendra,squat,good,squat_good,-6.835446,-0.581791,7.611167,-0.083136,-0.048496,-0.018919,-8.544906,1.359907,-2.456451,-0.058089,-0.0437,-0.000266
2026-08-19T15:35:05.206284+00:00,114115,Birendra,squat,good,squat_good,-6.847417,-0.557849,7.603985,-0.08287,-0.047963,-0.020251,-8.568848,1.383849,-2.468422,-0.061553,-0.043966,-0.001066
2026-08-19T15:35:05.206284+00:00,114121,Birendra,squat,good,squat_good,-6.852205,-0.545878,7.620744,-0.081804,-0.046897,-0.020784,-8.583213,1.369483,-2.456451,-0.06475,-0.045565,-0.001865
2026-08-19T15:35:05.206284+00:00,114127,Birendra,squat,good,squat_good,-6.849811,-0.550666,7.606379,-0.082603,-0.045565,-0.022116,-8.580819,1.352724,-2.449268,-0.067681,-0.046364,-0.002398
2026-08-19T15:35:05.206284+00:00,114132,Birendra,squat,good,squat_good,-6.835446,-0.550666,7.608773,-0.083136,-0.0429,-0.022916,-8.564059,1.328782,-2.439692,-0.067681,-0.046364,-0.002665
2026-08-19T15:35:05.206284+00:00,114138,Birendra,squat,good,squat_good,-6.830657,-0.550666,7.639898,-0.083403,-0.040769,-0.022116,-8.561666,1.33357,-2.410961,-0.069547,-0.046364,-0.002931
2026-08-19T15:35:06.236586+00:00,114143,Birendra,squat,good,squat_good,-6.825869,-0.545878,7.625533,-0.083936,-0.040769,-0.021583,-8.552089,1.335965,-2.403779,-0.071945,-0.046364,0.0
2026-08-19T15:35:06.236586+00:00,114149,Birendra,squat,good,squat_good,-6.818686,-0.557849,7.601591,-0.086334,-0.041302,-0.020518,-8.564059,1.326388,-2.408567,-0.073277,-0.047697,0.000533
2026-08-19T15:35:06.236586+00:00,114170,Birendra,squat,good,squat_good,-6.859388,-0.548272,7.611167,-0.089798,-0.042368,-0.018119,-8.566454,1.321599,-2.458845,-0.076208,-0.046364,0.002931
2026-08-19T15:35:06.236586+00:00,114190,Birendra,squat,good,squat_good,-6.878541,-0.545878,7.620744,-0.087933,-0.045832,-0.019985,-8.564059,1.30484,-2.466028,-0.07834,-0.046897,0.007461
2026-08-19T15:35:06.236586+00:00,114210,Birendra,squat,good,squat_good,-6.835446,-0.553061,7.639898,-0.086067,-0.0429,-0.020518,-8.578424,1.307234,-2.475605,-0.07834,-0.043966,0.007194
2026-08-19T15:35:06.236586+00:00,114230,Birendra,squat,good,squat_good,-6.873753,-0.565032,7.599196,-0.089531,-0.042101,-0.015188,-8.590396,1.300052,-2.422932,-0.075942,-0.040769,0.008793
2026-08-19T15:35:06.236586+00:00,114249,Birendra,squat,good,squat_good,-6.854599,-0.59855,7.627927,-0.086867,-0.045299,-0.017853,-8.576031,1.285686,-2.396596,-0.069014,-0.043433,0.009326
2026-08-19T15:35:06.236586+00:00,114270,Birendra,squat,good,squat_good,-6.859388,-0.581791,7.625533,-0.088199,-0.044766,-0.022116,-8.516175,1.367089,-2.410961,-0.070613,-0.049296,0.007194
2026-08-19T15:35:06.236586+00:00,114289,Birendra,squat,good,squat_good,-6.835446,-0.548272,7.613562,-0.089798,-0.041568,-0.021317,-8.511387,1.321599,-2.41575,-0.071145,-0.045032,0.012257
2026-08-19T15:35:06.236586+00:00,114309,Birendra,squat,good,squat_good,-6.835446,-0.54109,7.64708,-0.088732,-0.0437,-0.018919,-8.532935,1.33357,-2.403779,-0.079672,-0.038904,0.017853
2026-08-19T15:35:06.236586+00:00,114330,Birendra,squat,good,squat_good,-6.828263,-0.557849,7.64708,-0.089531,-0.047697,-0.019185,-8.588001,1.331176,-2.437297,-0.083936,-0.043167,0.017853
2026-08-19T15:35:06.236586+00:00,114349,Birendra,squat,good,squat_good,-6.859388,-0.565032,7.620744,-0.090331,-0.045565,-0.020784,-8.588001,1.355118,-2.422932,-0.084735,-0.049296,0.00906
2026-08-19T15:35:06.236586+00:00,114370,Birendra,squat,good,squat_good,-6.845023,-0.577003,7.66384,-0.092995,-0.042368,-0.018386,-8.554482,1.323994,-2.456451,-0.083936,-0.05276,0.008527
2026-08-19T15:35:06.236586+00:00,114389,Birendra,squat,good,squat_good,-6.835446,-0.56982,7.606379,-0.088998,-0.041568,-0.018386,-8.549694,1.347936,-2.432509,-0.088732,-0.049562,0.010392
2026-08-19T15:35:06.236586+00:00,114409,Birendra,squat,good,squat_good,-6.835446,-0.545878,7.608773,-0.087666,-0.041568,-0.017853,-8.528147,1.276109,-2.425326,-0.089531,-0.050894,0.011724
2026-08-19T15:35:06.236586+00:00,114430,Birendra,squat,good,squat_good,-6.83784,-0.517148,7.623138,-0.091397,-0.03917,-0.01359,-8.552089,1.323994,-2.41575,-0.0874,-0.050894,0.011724
2026-08-19T15:35:06.236586+00:00,114450,Birendra,squat,good,squat_good,-6.830657,-0.555455,7.625533,-0.09566,-0.040236,-0.009326,-8.511387,1.273715,-2.434903,-0.086334,-0.046897,0.013323
2026-08-19T15:35:06.236586+00:00,114469,Birendra,squat,good,squat_good,-6.859388,-0.565032,7.659051,-0.093528,-0.041035,-0.010925,-8.53054,1.323994,-2.44448,-0.083936,-0.042101,0.009326
2026-08-19T15:35:06.236586+00:00,114489,Birendra,squat,good,squat_good,-6.847417,-0.593762,7.630321,-0.091397,-0.040502,-0.010925,-8.537724,1.316811,-2.406173,-0.081538,-0.046631,0.003997
2026-08-19T15:35:06.236586+00:00,114511,Birendra,squat,good,squat_good,-6.849811,-0.59855,7.615956,-0.090597,-0.040236,-0.010658,-8.561666,1.326388,-2.408567,-0.081804,-0.046897,-0.000799
2026-08-19T15:35:06.236586+00:00,114530,Birendra,squat,good,squat_good,-6.849811,-0.574608,7.651869,-0.089265,-0.041835,-0.013323,-8.53054,1.276109,-2.408567,-0.083936,-0.045832,-0.000266
2026-08-19T15:35:06.236586+00:00,114550,Birendra,squat,good,squat_good,-6.847417,-0.579397,7.656657,-0.09193,-0.041835,-0.012257,-8.571242,1.323994,-2.434903,-0.085002,-0.043966,0.000266
2026-08-19T15:35:06.236586+00:00,114569,Birendra,squat,good,squat_good,-6.842628,-0.555455,7.615956,-0.09193,-0.0429,-0.012257,-8.556877,1.268927,-2.413355,-0.084735,-0.045299,-0.000533
2026-08-19T15:35:06.236586+00:00,114589,Birendra,squat,good,squat_good,-6.835446,-0.56982,7.630321,-0.09113,-0.044499,-0.011458,-8.573636,1.268927,-2.401384,-0.080205,-0.042101,-0.000266
2026-08-19T15:35:06.236586+00:00,114610,Birendra,squat,good,squat_good,-6.835446,-0.562637,7.649475,-0.089531,-0.043966,-0.009859,-8.564059,1.300052,-2.39899,-0.079406,-0.044233,0.000533
2026-08-19T15:35:06.236586+00:00,114630,Birendra,squat,good,squat_good,-6.849811,-0.560243,7.623138,-0.09193,-0.045832,-0.008527,-8.552089,1.288081,-2.358289,-0.07834,-0.045032,-0.000799
2026-08-19T15:35:06.236586+00:00,114649,Birendra,squat,good,squat_good,-6.861782,-0.572214,7.601591,-0.092995,-0.043966,-0.006662,-8.50181,1.252167,-2.41575,-0.072744,-0.046098,0.003198
2026-08-19T15:35:06.236586+00:00,114669,Birendra,squat,good,squat_good,-6.871359,-0.560243,7.630321,-0.093262,-0.042368,-0.005596,-8.53054,1.247379,-2.422932,-0.064484,-0.042101,0.005862
2026-08-19T15:35:06.236586+00:00,114689,Birendra,squat,good,squat_good,-6.859388,-0.572214,7.582437,-0.093262,-0.041302,-0.006662,-8.53054,1.276109,-2.41575,-0.065816,-0.041035,0.007461
2026-08-19T15:35:06.236586+00:00,114709,Birendra,squat,good,squat_good,-6.854599,-0.588974,7.596802,-0.091663,-0.039969,-0.008527,-8.53054,1.266533,-2.418144,-0.061286,-0.044766,0.010658
2026-08-19T15:35:06.236586+00:00,114730,Birendra,squat,good,squat_good,-6.849811,-0.577003,7.654263,-0.090864,-0.041835,-0.008527,-8.506598,1.254562,-2.434903,-0.055691,-0.0429,0.015188
2026-08-19T15:35:06.236586+00:00,114749,Birendra,squat,good,squat_good,-6.840234,-0.593762,7.611167,-0.092729,-0.045032,-0.009593,-8.441956,1.312023,-2.439692,-0.053559,-0.036505,0.016787
2026-08-19T15:35:06.236586+00:00,114769,Birendra,squat,good,squat_good,-6.842628,-0.567426,7.603985,-0.091397,-0.041035,-0.010658,-8.463503,1.228225,-2.442086,-0.053026,-0.034374,0.022383
2026-08-19T15:35:06.236586+00:00,114789,Birendra,squat,good,squat_good,-6.864176,-0.536301,7.603985,-0.091663,-0.038637,-0.010126,-8.465898,1.242591,-2.458845,-0.040236,-0.02638,0.030377
2026-08-19T15:35:06.236586+00:00,114809,Birendra,squat,good,squat_good,-6.840234,-0.553061,7.625533,-0.092462,-0.036239,-0.008527,-8.475474,1.261744,-2.458845,-0.033841,-0.020784,0.032775
2026-08-19T15:35:06.236586+00:00,114830,Birendra,squat,good,squat_good,-6.830657,-0.548272,7.603985,-0.094328,-0.038904,-0.005862,-8.485051,1.240196,-2.463634,-0.031709,-0.019718,0.034374
2026-08-19T15:35:06.236586+00:00,114849,Birendra,squat,good,squat_good,-6.861782,-0.557849,7.611167,-0.097792,-0.038371,-0.005596,-8.485051,1.247379,-2.482787,-0.021051,-0.014655,0.037305
2026-08-19T15:35:06.236586+00:00,114869,Birendra,squat,good,squat_good,-6.86657,-0.581791,7.635109,-0.097792,-0.043167,-0.008527,-8.47308,1.273715,-2.487576,-0.023449,-0.011458,0.040769
2026-08-19T15:35:06.236586+00:00,114889,Birendra,squat,good,squat_good,-6.864176,-0.572214,7.661446,-0.094594,-0.043966,-0.010658,-8.504205,1.240196,-2.523489,-0.020251,-0.006928,0.038637
2026-08-19T15:35:06.236586+00:00,114909,Birendra,squat,good,squat_good,-6.840234,-0.56982,7.661446,-0.093795,-0.03917,-0.007194,-8.595184,1.343147,-2.458845,-0.019185,-0.022116,0.021317
2026-08-19T15:35:06.236586+00:00,114930,Birendra,squat,good,squat_good,-6.861782,-0.577003,7.620744,-0.096459,-0.0429,-0.005596,-8.48984,1.225831,-2.446874,-0.021051,-0.005063,0.023182
2026-08-19T15:35:06.236586+00:00,114949,Birendra,squat,good,squat_good,-6.873753,-0.612916,7.594408,-0.090864,-0.047164,-0.011191,-8.549694,1.321599,-2.432509,-0.018919,0.007461,0.033308
2026-08-19T15:35:06.236586+00:00,114969,Birendra,squat,good,squat_good,-6.856994,-0.603339,7.632715,-0.09193,-0.047697,-0.017587,-8.571242,1.261744,-2.420538,-0.01359,-0.007461,0.022383
2026-08-19T15:35:06.236586+00:00,114989,Birendra,squat,good,squat_good,-6.835446,-0.584185,7.606379,-0.094328,-0.044766,-0.014922,-8.528147,1.285686,-2.382231,-0.024781,-0.015721,0.021317
2026-08-19T15:35:06.236586+00:00,115009,Birendra,squat,good,squat_good,-6.835446,-0.538695,7.613562,-0.090864,-0.045299,-0.012257,-8.578424,1.400608,-2.401384,-0.021317,0.010392,0.035706
2026-08-19T15:35:06.236586+00:00,115030,Birendra,squat,good,squat_good,-6.813898,-0.553061,7.627927,-0.092995,-0.043167,-0.011458,-8.655039,1.405396,-2.37026,-0.027712,-0.030377,0.030377
2026-08-19T15:35:06.236586+00:00,115049,Birendra,squat,good,squat_good,-6.816292,-0.586579,7.649475,-0.097792,-0.0429,-0.010126,-8.616732,1.319205,-2.389413,-0.012524,-0.023182,0.038104
2026-08-19T15:35:06.236586+00:00,115069,Birendra,squat,good,squat_good,-6.801927,-0.586579,7.637504,-0.094861,-0.038637,-0.012524,-8.63828,1.386243,-2.391808,-0.015188,-0.015988,0.050894
2026-08-19T15:35:06.236586+00:00,115089,Birendra,squat,good,squat_good,-6.806715,-0.59855,7.649475,-0.093795,-0.034374,-0.012257,-8.597578,1.357512,-2.394202,-0.027446,-0.017853,0.050894
2026-08-19T15:35:06.236586+00:00,115109,Birendra,squat,good,squat_good,-6.840234,-0.586579,7.656657,-0.092462,-0.036505,-0.012524,-8.604761,1.398214,-2.418144,-0.031176,-0.022649,0.051427
2026-08-19T15:35:07.261331+00:00,115131,Birendra,squat,good,squat_good,-6.811504,-0.56982,7.666234,-0.094061,-0.034907,-0.013323,-8.62152,1.362301,-2.389413,-0.035972,-0.03011,0.051161
2026-08-19T15:35:07.261331+00:00,115150,Birendra,squat,good,squat_good,-6.806715,-0.567426,7.651869,-0.096726,-0.033574,-0.011458,-8.628703,1.393425,-2.425326,-0.0429,-0.03464,0.042101
2026-08-19T15:35:07.261331+00:00,115172,Birendra,squat,good,squat_good,-6.835446,-0.579397,7.671022,-0.09566,-0.033308,-0.010126,-8.604761,1.343147,-2.422932,-0.055158,-0.042634,0.037838
2026-08-19T15:35:07.261331+00:00,115190,Birendra,squat,good,squat_good,-6.801927,-0.596156,7.64708,-0.093528,-0.031975,-0.011191,-8.578424,1.343147,-2.41575,-0.060487,-0.042634,0.029844
2026-08-19T15:35:07.261331+00:00,115210,Birendra,squat,good,squat_good,-6.821081,-0.579397,7.66384,-0.091397,-0.030643,-0.012524,-8.556877,1.326388,-2.418144,-0.069014,-0.045299,0.024248
2026-08-19T15:35:07.261331+00:00,115230,Birendra,squat,good,squat_good,-6.821081,-0.579397,7.656657,-0.091397,-0.029044,-0.011458,-8.549694,1.343147,-2.44448,-0.069813,-0.042634,0.02185
2026-08-19T15:35:07.261331+00:00,115250,Birendra,squat,good,squat_good,-6.828263,-0.591368,7.644686,-0.088466,-0.034907,-0.01359,-8.537724,1.290475,-2.456451,-0.071145,-0.043966,0.022116
2026-08-19T15:35:07.261331+00:00,115269,Birendra,squat,good,squat_good,-6.833052,-0.562637,7.654263,-0.088466,-0.034907,-0.01359,-8.549694,1.252167,-2.466028,-0.069547,-0.046897,0.022116
2026-08-19T15:35:07.261331+00:00,115289,Birendra,squat,good,squat_good,-6.813898,-0.562637,7.659051,-0.090864,-0.033041,-0.011458,-8.540117,1.261744,-2.461239,-0.059688,-0.046364,0.024515
2026-08-19T15:35:07.261331+00:00,115309,Birendra,squat,good,squat_good,-6.825869,-0.593762,7.66384,-0.091663,-0.033574,-0.010658,-8.535329,1.292869,-2.492364,-0.059421,-0.046098,0.023982
2026-08-19T15:35:07.261331+00:00,115330,Birendra,squat,good,squat_good,-6.828263,-0.588974,7.678205,-0.0866,-0.034107,-0.014123,-8.508993,1.273715,-2.482787,-0.054891,-0.0437,0.026913
2026-08-19T15:35:07.261331+00:00,115350,Birendra,squat,good,squat_good,-6.833052,-0.567426,7.659051,-0.086867,-0.035706,-0.014655,-8.487445,1.288081,-2.528277,-0.056224,-0.039436,0.02638
2026-08-19T15:35:07.261331+00:00,115369,Birendra,squat,good,squat_good,-6.818686,-0.562637,7.64708,-0.090597,-0.033841,-0.014389,-8.461109,1.268927,-2.504335,-0.056224,-0.037838,0.027179
2026-08-19T15:35:07.261331+00:00,115390,Birendra,squat,good,squat_good,-6.821081,-0.560243,7.603985,-0.088998,-0.031975,-0.01359,-8.50181,1.252167,-2.516306,-0.04823,-0.03464,0.029044
2026-08-19T15:35:07.261331+00:00,115409,Birendra,squat,good,squat_good,-6.842628,-0.555455,7.627927,-0.089798,-0.033041,-0.013057,-8.494628,1.266533,-2.494758,-0.035972,-0.029577,0.034107
2026-08-19T15:35:07.261331+00:00,115430,Birendra,squat,good,squat_good,-6.840234,-0.581791,7.630321,-0.093262,-0.034907,-0.010392,-8.506598,1.254562,-2.501941,-0.031176,-0.027712,0.037038
2026-08-19T15:35:07.261331+00:00,115450,Birendra,squat,good,squat_good,-6.861782,-0.574608,7.649475,-0.092995,-0.034374,-0.009859,-8.50181,1.297657,-2.504335,-0.026646,-0.024781,0.03544
2026-08-19T15:35:07.261331+00:00,115472,Birendra,squat,good,squat_good,-6.856994,-0.565032,7.637504,-0.09113,-0.032775,-0.010925,-8.51857,1.302446,-2.504335,-0.029311,-0.023715,0.029044
2026-08-19T15:35:07.261331+00:00,115489,Birendra,squat,good,squat_good,-6.845023,-0.591368,7.642292,-0.093262,-0.031709,-0.00826,-8.520964,1.355118,-2.454057,-0.036239,-0.035706,0.011991
2026-08-19T15:35:07.261331+00:00,115509,Birendra,squat,good,squat_good,-6.83784,-0.543484,7.637504,-0.094061,-0.034374,-0.008793,-8.53054,1.331176,-2.430115,-0.035972,-0.051694,-0.008793
2026-08-19T15:35:07.261331+00:00,115530,Birendra,squat,good,squat_good,-6.847417,-0.579397,7.635109,-0.092462,-0.038104,-0.009326,-8.499416,1.242591,-2.439692,-0.031975,-0.021583,0.003198
2026-08-19T15:35:07.261331+00:00,115550,Birendra,squat,good,squat_good,-6.842628,-0.56982,7.668628,-0.092729,-0.036505,-0.010126,-8.566454,1.357512,-2.442086,-0.036772,-0.026113,0.015188
2026-08-19T15:35:07.261331+00:00,115569,Birendra,squat,good,squat_good,-6.828263,-0.56982,7.613562,-0.096193,-0.035173,-0.006928,-8.559271,1.359907,-2.439692,-0.044233,-0.024515,0.00906
2026-08-19T15:35:07.261331+00:00,115589,Birendra,squat,good,squat_good,-6.83784,-0.59855,7.654263,-0.096193,-0.03917,-0.007994,-8.544906,1.321599,-2.454057,-0.034374,-0.021317,0.012257
2026-08-19T15:35:07.261331+00:00,115609,Birendra,squat,good,squat_good,-6.83784,-0.574608,7.632715,-0.092729,-0.03544,-0.007994,-8.631097,1.436521,-2.461239,-0.038104,-0.023982,0.005063
2026-08-19T15:35:07.261331+00:00,115629,Birendra,squat,good,squat_good,-6.842628,-0.584185,7.649475,-0.095394,-0.033841,-0.005329,-8.628703,1.374272,-2.387019,-0.068481,-0.031176,-0.011458
2026-08-19T15:35:07.261331+00:00,115649,Birendra,squat,good,squat_good,-6.871359,-0.603339,7.615956,-0.094594,-0.034107,-0.005329,-8.544906,1.364695,-2.403779,-0.05276,-0.03464,-0.010392
2026-08-19T15:35:07.261331+00:00,115669,Birendra,squat,good,squat_good,-6.854599,-0.605733,7.623138,-0.09113,-0.036239,-0.010925,-8.5473,1.367089,-2.430115,-0.053825,-0.038637,-0.003198
2026-08-19T15:35:07.261331+00:00,115689,Birendra,squat,good,squat_good,-6.864176,-0.574608,7.594408,-0.093528,-0.036505,-0.011724,-8.542512,1.331176,-2.403779,-0.060221,-0.034107,-0.001332
2026-08-19T15:35:07.261331+00:00,115709,Birendra,squat,good,squat_good,-6.868965,-0.553061,7.632715,-0.093795,-0.034907,-0.008527,-8.571242,1.391031,-2.434903,-0.065283,-0.037305,0.000533
2026-08-19T15:35:07.261331+00:00,115729,Birendra,squat,good,squat_good,-6.859388,-0.550666,7.623138,-0.092995,-0.037038,-0.009593,-8.561666,1.328782,-2.442086,-0.075142,-0.042101,0.0
2026-08-19T15:35:07.261331+00:00,115750,Birendra,squat,good,squat_good,-6.854599,-0.579397,7.615956,-0.094594,-0.037838,-0.010925,-8.576031,1.323994,-2.468422,-0.076741,-0.045832,0.000266
2026-08-19T15:35:07.261331+00:00,115769,Birendra,squat,good,squat_good,-6.878541,-0.584185,7.620744,-0.096193,-0.038637,-0.00826,-8.506598,1.309628,-2.477999,-0.071145,-0.047164,0.007461
2026-08-19T15:35:07.261331+00:00,115789,Birendra,squat,good,squat_good,-6.873753,-0.586579,7.611167,-0.094328,-0.038904,-0.00906,-8.53054,1.323994,-2.461239,-0.068481,-0.046897,0.011458
2026-08-19T15:35:07.261331+00:00,115809,Birendra,squat,good,squat_good,-6.852205,-0.586579,7.613562,-0.092995,-0.037838,-0.011458,-8.487445,1.321599,-2.485181,-0.070613,-0.044499,0.015455
2026-08-19T15:35:07.261331+00:00,115829,Birendra,squat,good,squat_good,-6.861782,-0.536301,7.606379,-0.093262,-0.038371,-0.007994,-8.48984,1.319205,-2.468422,-0.067415,-0.042634,0.021317
2026-08-19T15:35:07.261331+00:00,115850,Birendra,squat,good,squat_good,-6.833052,-0.533907,7.61835,-0.094861,-0.037038,-0.007194,-8.487445,1.321599,-2.458845,-0.066882,-0.038904,0.021583
2026-08-19T15:35:07.261331+00:00,115869,Birendra,squat,good,squat_good,-6.849811,-0.593762,7.642292,-0.09566,-0.037838,-0.006129,-8.523358,1.30484,-2.451663,-0.063685,-0.03464,0.022649
2026-08-19T15:35:07.261331+00:00,115889,Birendra,squat,good,squat_good,-6.859388,-0.584185,7.606379,-0.096992,-0.038371,-0.007727,-8.504205,1.30484,-2.47321,-0.061286,-0.031443,0.023715
2026-08-19T15:35:07.261331+00:00,115909,Birendra,squat,good,squat_good,-6.847417,-0.586579,7.656657,-0.093528,-0.033841,-0.008793,-8.528147,1.302446,-2.449268,-0.061553,-0.027179,0.024781
2026-08-19T15:35:07.261331+00:00,115929,Birendra,squat,good,squat_good,-6.859388,-0.59855,7.627927,-0.093528,-0.034907,-0.010392,-8.544906,1.290475,-2.451663,-0.065816,-0.03011,0.02638
2026-08-19T15:35:07.261331+00:00,115950,Birendra,squat,good,squat_good,-6.854599,-0.586579,7.64708,-0.090864,-0.037571,-0.010925,-8.549694,1.285686,-2.458845,-0.06102,-0.029311,0.029844
2026-08-19T15:35:07.261331+00:00,115969,Birendra,squat,good,squat_good,-6.854599,-0.553061,7.620744,-0.092729,-0.038371,-0.012257,-8.573636,1.312023,-2.449268,-0.06102,-0.034374,0.030377
2026-08-19T15:35:07.261331+00:00,115989,Birendra,squat,good,squat_good,-6.864176,-0.560243,7.623138,-0.094328,-0.036772,-0.011724,-8.556877,1.288081,-2.442086,-0.062086,-0.036772,0.031176
2026-08-19T15:35:07.261331+00:00,116009,Birendra,squat,good,squat_good,-6.856994,-0.596156,7.654263,-0.092196,-0.038904,-0.013057,-8.580819,1.271321,-2.430115,-0.060487,-0.040769,0.032508
2026-08-19T15:35:07.261331+00:00,116029,Birendra,squat,good,squat_good,-6.849811,-0.605733,7.64708,-0.087933,-0.040236,-0.015188,-8.597578,1.206678,-2.451663,-0.047963,-0.047963,0.035173
2026-08-19T15:35:07.261331+00:00,116049,Birendra,squat,good,squat_good,-6.861782,-0.600945,7.639898,-0.088466,-0.039969,-0.014389,-8.645462,1.070208,-2.41575,-0.010925,-0.057822,0.050894
2026-08-19T15:35:07.261331+00:00,116070,Birendra,squat,good,squat_good,-6.845023,-0.572214,7.603985,-0.088466,-0.046098,-0.015455,-8.59279,0.897826,-2.422932,0.066083,-0.074876,0.099657
2026-08-19T15:35:07.261331+00:00,116089,Birendra,squat,good,squat_good,-6.845023,-0.579397,7.649475,-0.088466,-0.044499,-0.016521,-8.913613,0.634463,-2.135628,0.174533,-0.062885,0.175066
2026-08-19T15:35:07.261331+00:00,116109,Birendra,squat,good,squat_good,-6.833052,-0.548272,7.644686,-0.088199,-0.045565,-0.016787,-9.01417,0.158017,-1.884237,0.407954,-0.090064,0.370116
2026-08-19T15:35:08.100502+00:00,116131,Birendra,squat,good,squat_good,-6.825869,-0.59855,7.656657,-0.089265,-0.041568,-0.016787,-9.105149,-0.304064,-1.896208,0.868401,-0.06102,0.669087
2026-08-19T15:35:08.100502+00:00,116151,Birendra,squat,good,squat_good,-6.821081,-0.600945,7.711724,-0.093795,-0.043433,-0.017853,-8.710106,0.184354,-2.102109,1.233188,-0.140959,0.919562
2026-08-19T15:35:08.100502+00:00,116170,Birendra,squat,good,squat_good,-6.830657,-0.617704,7.659051,-0.097259,-0.049029,-0.016787,-8.566454,0.225055,-1.989582,1.510842,-0.166273,1.033075
2026-08-19T15:35:08.100502+00:00,116190,Birendra,squat,good,squat_good,-6.854599,-0.636858,7.627927,-0.097525,-0.047697,-0.018919,-9.028535,1.070208,-1.80044,1.699764,-0.160677,1.145789
2026-08-19T15:35:08.100502+00:00,116210,Birendra,squat,good,squat_good,-6.871359,-0.699107,7.615956,-0.091663,-0.044233,-0.026646,-8.899248,0.893037,-1.984793,1.898812,-0.122306,1.397596
2026-08-19T15:35:08.100502+00:00,116229,Birendra,squat,good,squat_good,-6.880936,-0.711078,7.603985,-0.088199,-0.050361,-0.035173,-9.375694,2.477999,-2.322376,1.971556,-0.073011,1.588116
2026-08-19T15:35:08.100502+00:00,116250,Birendra,squat,good,squat_good,-6.897695,-0.76375,7.608773,-0.075409,-0.04823,-0.040236,-9.294291,2.873042,-2.703054,1.715485,-0.198515,1.682977
2026-08-19T15:35:08.100502+00:00,116270,Birendra,squat,good,squat_good,-6.847417,-0.746991,7.64708,-0.063418,-0.053292,-0.044233,-9.844957,3.86903,-3.023877,1.434634,-0.179596,1.637678
2026-08-19T15:35:08.100502+00:00,116289,Birendra,squat,good,squat_good,-6.777985,-0.672771,7.615956,-0.06475,-0.051427,-0.039969,-10.42435,4.912902,-2.786851,1.045599,-0.282184,1.701629
2026-08-19T15:35:08.100502+00:00,116309,Birendra,squat,good,squat_good,-6.818686,-0.624887,7.675811,-0.071145,-0.052227,-0.042634,-10.55604,4.359841,-2.578555,0.790861,-0.440729,1.925991
2026-08-19T15:35:08.100502+00:00,116329,Birendra,squat,good,squat_good,-6.840234,-0.593762,7.70933,-0.075675,-0.055424,-0.043966,-10.35492,4.283227,-2.525883,0.650701,-0.469507,2.1754
2026-08-19T15:35:08.100502+00:00,116349,Birendra,squat,good,squat_good,-6.852205,-0.591368,7.659051,-0.074343,-0.045299,-0.034374,-9.65821,4.201824,-2.856283,0.548113,-0.508677,2.472239
2026-08-19T15:35:08.100502+00:00,116370,Birendra,squat,good,squat_good,-6.845023,-0.584185,7.615956,-0.077274,-0.042634,-0.028511,-9.062054,4.958392,-3.332729,0.440462,-0.53479,2.669954
2026-08-19T15:35:08.100502+00:00,116389,Birendra,squat,good,squat_good,-6.806715,-0.610521,7.644686,-0.070879,-0.044233,-0.036239,-8.880095,5.604826,-3.526659,0.219299,-0.642175,2.781069
2026-08-19T15:35:08.100502+00:00,116410,Birendra,squat,good,squat_good,-6.775591,-0.567426,7.639898,-0.07008,-0.043433,-0.040769,-7.699753,6.224925,-3.921702,0.008793,-0.623256,2.817841
2026-08-19T15:35:08.100502+00:00,116430,Birendra,squat,good,squat_good,-6.787562,-0.521936,7.661446,-0.075409,-0.039436,-0.033574,-7.12275,6.777985,-3.995923,-0.406355,-0.571029,2.677415
2026-08-19T15:35:08.100502+00:00,116449,Birendra,squat,good,squat_good,-6.775591,-0.476446,7.639898,-0.075409,-0.036772,-0.03091,-6.208165,6.675035,-3.931279,-0.725844,-0.432202,2.350466
2026-08-19T15:35:08.100502+00:00,116470,Birendra,squat,good,squat_good,-6.787562,-0.507571,7.656657,-0.075409,-0.031443,-0.026913,-6.169858,6.538565,-3.507505,-1.036806,-0.257136,1.989142
2026-08-19T15:35:08.100502+00:00,116490,Birendra,squat,good,squat_good,-6.773197,-0.543484,7.623138,-0.074343,-0.020518,-0.022916,-6.124368,6.040571,-3.387795,-1.207608,-0.2177,1.739201
2026-08-19T15:35:08.100502+00:00,116509,Birendra,squat,good,squat_good,-6.785168,-0.565032,7.613562,-0.069014,-0.015188,-0.022116,-6.828263,6.078878,-2.554613,-1.279819,-0.24781,1.473005
2026-08-19T15:35:08.100502+00:00,116529,Birendra,squat,good,squat_good,-6.782773,-0.572214,7.613562,-0.063152,-0.015188,-0.022649,-5.427655,5.77242,-3.315969,-1.280086,-0.494021,1.452753
2026-08-19T15:35:08.100502+00:00,116549,Birendra,squat,good,squat_good,-6.782773,-0.502782,7.659051,-0.066349,-0.015455,-0.020251,-5.77242,5.930438,-2.657564,-1.311528,0.077807,1.441828
2026-08-19T15:35:08.100502+00:00,116570,Birendra,squat,good,squat_good,-6.789956,-0.462081,7.666234,-0.074343,-0.012524,-0.009859,-5.803545,5.966351,-2.171541,-1.290478,0.076475,1.458349
2026-08-19T15:35:08.100502+00:00,116589,Birendra,squat,good,squat_good,-6.861782,-0.418985,7.716512,-0.091397,-0.018386,0.000533,-5.78918,5.997475,-1.798046,-1.267828,-0.014922,1.362689
2026-08-19T15:35:08.100502+00:00,116609,Birendra,squat,good,squat_good,-6.833052,-0.440533,7.706935,-0.102588,-0.014123,0.011724,-5.573701,6.548141,-1.838747,-1.199348,-0.178796,1.313394
2026-08-19T15:35:08.100502+00:00,116629,Birendra,squat,good,squat_good,-6.811504,-0.529119,7.685388,-0.107651,-0.013323,0.023982,-5.090073,6.256049,-1.723825,-1.10875,-0.13856,1.312061
2026-08-19T15:35:08.100502+00:00,116649,Birendra,squat,good,squat_good,-6.813898,-0.54109,7.635109,-0.114312,-0.016787,0.030643,-5.123591,6.179435,-1.285686,-0.988842,0.024248,1.325651
2026-08-19T15:35:08.100502+00:00,116670,Birendra,squat,good,squat_good,-6.842628,-0.52433,7.668628,-0.123639,-0.024781,0.034107,-5.468357,7.165846,-1.228225,-0.804717,0.09939,1.416515
2026-08-19T15:35:08.100502+00:00,116689,Birendra,squat,good,squat_good,-6.88333,-0.588974,7.639898,-0.132965,-0.028511,0.034907,-5.604826,7.814674,-1.149217,-0.856144,0.175599,1.406123
2026-08-19T15:35:08.100502+00:00,116709,Birendra,squat,good,squat_good,-6.880936,-0.596156,7.630321,-0.135096,-0.033574,0.034107,-5.604826,7.987057,-0.852336,-0.885721,0.122573,1.348034
2026-08-19T15:35:08.100502+00:00,116729,Birendra,squat,good,squat_good,-6.854599,-0.577003,7.644686,-0.138827,-0.036239,0.03544,-4.999093,8.169016,-0.921768,-0.823636,0.118309,1.441029
2026-08-19T15:35:08.100502+00:00,116749,Birendra,squat,good,squat_good,-6.861782,-0.627281,7.625533,-0.13936,-0.035972,0.039969,-4.580108,8.085219,-0.572214,-0.7397,0.227825,1.556407
2026-08-19T15:35:08.100502+00:00,116770,Birendra,squat,good,squat_good,-6.878541,-0.627281,7.639898,-0.139893,-0.038371,0.041835,-4.089296,8.480263,-0.328006,-0.715185,0.362655,1.627286
2026-08-19T15:35:08.100502+00:00,116789,Birendra,squat,good,squat_good,-6.86657,-0.627281,7.630321,-0.137228,-0.036505,0.037305,-3.936068,9.208099,0.031125,-0.76608,0.408487,1.517237
2026-08-19T15:35:08.100502+00:00,116809,Birendra,squat,good,squat_good,-6.847417,-0.679953,7.611167,-0.130567,-0.037038,0.029044,-4.359841,9.856929,0.04549,-0.914233,0.39996,1.333645
2026-08-19T15:35:08.100502+00:00,116829,Birendra,squat,good,squat_good,-6.868965,-0.703895,7.563283,-0.12124,-0.036772,0.021583,-4.1707,9.452309,0.153229,-1.101556,0.246744,1.337908
2026-08-19T15:35:08.100502+00:00,116849,Birendra,squat,good,squat_good,-6.854599,-0.694318,7.594408,-0.112447,-0.037838,0.014123,-3.256114,8.14268,0.979228,-1.07411,0.239017,1.405856
2026-08-19T15:35:08.100502+00:00,116869,Birendra,squat,good,squat_good,-6.876147,-0.677559,7.637504,-0.104986,-0.045832,0.005063,-2.571373,8.528147,1.244985,-0.924092,0.375446,1.37468
2026-08-19T15:35:08.100502+00:00,116890,Birendra,squat,good,squat_good,-6.878541,-0.682347,7.644686,-0.100723,-0.043966,-0.001066,-2.525883,9.11712,1.21386,-0.989908,0.344802,1.24358
2026-08-19T15:35:08.100502+00:00,116909,Birendra,squat,good,squat_good,-6.868965,-0.653617,7.596802,-0.093795,-0.033841,-0.002931,-2.291251,9.105149,1.249773,-1.091164,0.260334,1.033075
2026-08-19T15:35:08.100502+00:00,116929,Birendra,squat,good,squat_good,-6.833052,-0.672771,7.611167,-0.0866,-0.025847,-0.007461,-2.219425,8.276755,1.774103,-1.189489,0.179862,0.839623
2026-08-19T15:35:08.100502+00:00,116949,Birendra,squat,good,squat_good,-6.825869,-0.651223,7.599196,-0.080472,-0.024781,-0.01279,-1.92015,8.159439,1.757344,-1.05226,0.133231,0.774074
2026-08-19T15:35:08.100502+00:00,116969,Birendra,squat,good,squat_good,-6.821081,-0.641646,7.603985,-0.075409,-0.025847,-0.021051,-1.867477,9.160215,1.144428,-0.910236,0.193452,0.790328
2026-08-19T15:35:08.100502+00:00,116990,Birendra,squat,good,squat_good,-6.835446,-0.612916,7.654263,-0.071678,-0.030643,-0.03091,-1.941698,8.918402,1.316811,-0.90464,0.232355,0.850815
2026-08-19T15:35:08.100502+00:00,117009,Birendra,squat,good,squat_good,-6.847417,-0.560243,7.66384,-0.075942,-0.032775,-0.029577,-1.893813,9.41879,1.479617,-0.775672,0.264864,0.93928
2026-08-19T15:35:08.100502+00:00,117029,Birendra,squat,good,squat_good,-6.859388,-0.531513,7.654263,-0.083403,-0.036239,-0.023715,-1.853112,10.18254,1.386243,-0.728508,0.240882,1.073311
2026-08-19T15:35:08.100502+00:00,117049,Birendra,squat,good,squat_good,-6.88333,-0.519542,7.699753,-0.086334,-0.037838,-0.02185,-1.833959,10.81221,1.240196,-0.773274,0.262998,1.139394
2026-08-19T15:35:08.100502+00:00,117069,Birendra,squat,good,squat_good,-6.868965,-0.517148,7.635109,-0.091663,-0.037305,-0.015455,-1.613692,11.29106,1.644817,-0.970723,0.212904,1.236386
2026-08-19T15:35:08.100502+00:00,117090,Birendra,squat,good,squat_good,-6.878541,-0.514753,7.620744,-0.100456,-0.033574,-0.005596,-1.027112,10.64701,2.030283,-1.05679,0.155614,1.327516
2026-08-19T15:35:08.100502+00:00,117109,Birendra,squat,good,squat_good,-6.888118,-0.605733,7.587225,-0.100723,-0.034374,-0.004263,-0.268151,9.859323,2.497152,-1.10049,0.175599,1.456217
2026-08-19T15:35:09.085291+00:00,117131,Birendra,squat,good,squat_good,-6.885724,-0.648829,7.606379,-0.09566,-0.041835,-0.014123,-0.014365,9.624691,2.980781,-0.968591,0.215035,1.619825
2026-08-19T15:35:09.085291+00:00,117152,Birendra,squat,good,squat_good,-6.86657,-0.646434,7.608773,-0.093795,-0.03917,-0.022116,0.418985,9.500193,3.260903,-0.907038,0.301369,1.811678
2026-08-19T15:35:09.085291+00:00,117170,Birendra,squat,good,squat_good,-6.859388,-0.6608,7.584831,-0.087933,-0.038904,-0.02638,0.881066,9.555259,3.32794,-0.848417,0.342138,1.872698
2026-08-19T15:35:09.085291+00:00,117190,Birendra,squat,good,squat_good,-6.876147,-0.6608,7.587225,-0.076208,-0.041835,-0.037838,1.268927,10.05325,3.552995,-0.947008,0.359991,1.957966
2026-08-19T15:35:09.085291+00:00,117210,Birendra,squat,good,squat_good,-6.892907,-0.672771,7.589619,-0.060753,-0.0429,-0.050628,1.838747,9.272743,3.940856,-0.981914,0.40822,2.02245
2026-08-19T15:35:09.085291+00:00,117230,Birendra,squat,good,squat_good,-6.926425,-0.672771,7.627927,-0.051694,-0.050095,-0.063418,2.39899,8.540117,4.050989,-0.898245,0.51747,2.11438
2026-08-19T15:35:09.085291+00:00,117249,Birendra,squat,good,squat_good,-6.938396,-0.667982,7.575254,-0.037038,-0.04823,-0.074343,2.829947,8.911219,3.919308,-0.870533,0.771142,2.121574
2026-08-19T15:35:09.085291+00:00,117270,Birendra,squat,good,squat_good,-6.924031,-0.667982,7.601591,-0.02185,-0.052493,-0.087133,2.305616,8.41083,4.517859,-0.908904,0.871865,2.094928
2026-08-19T15:35:09.085291+00:00,117291,Birendra,squat,good,squat_good,-6.88333,-0.622492,7.584831,-0.01279,-0.053825,-0.094328,2.667141,8.212111,4.663905,-0.871066,0.774873,2.113847
2026-08-19T15:35:09.085291+00:00,117310,Birendra,squat,good,squat_good,-6.864176,-0.553061,7.596802,-0.011724,-0.055691,-0.092196,2.906561,7.762002,4.845864,-0.869201,0.819905,2.079207
2026-08-19T15:35:09.085291+00:00,117330,Birendra,squat,good,squat_good,-6.845023,-0.509965,7.627927,-0.015188,-0.057289,-0.088466,2.856283,8.202535,4.786009,-0.868934,0.706658,2.072812
2026-08-19T15:35:09.085291+00:00,117349,Birendra,squat,good,squat_good,-6.835446,-0.521936,7.656657,-0.022649,-0.061553,-0.080738,3.402161,7.165846,5.41329,-1.038404,0.615262,1.942245
2026-08-19T15:35:09.085291+00:00,117369,Birendra,squat,good,squat_good,-6.80911,-0.529119,7.666234,-0.033841,-0.062086,-0.069014,3.332729,5.851429,6.248867,-0.985911,0.562236,1.839124
2026-08-19T15:35:09.085291+00:00,117390,Birendra,squat,good,squat_good,-6.854599,-0.529119,7.66384,-0.044499,-0.060487,-0.055691,3.485958,5.221754,6.500257,-0.840956,0.511342,1.560937
2026-08-19T15:35:09.085291+00:00,117409,Birendra,squat,good,squat_good,-6.823475,-0.517148,7.625533,-0.050628,-0.053026,-0.043433,3.821146,4.005499,6.868965,-0.697865,0.436998,1.121541
2026-08-19T15:35:09.085291+00:00,117429,Birendra,squat,good,squat_good,-6.787562,-0.54109,7.611167,-0.058622,-0.049029,-0.031709,3.569755,3.634398,6.675035,-0.556374,0.278453,0.542251
2026-08-19T15:35:09.085291+00:00,117449,Birendra,squat,good,squat_good,-6.804321,-0.550666,7.635109,-0.065816,-0.043433,-0.023449,3.289633,3.560178,6.572083,-0.399694,-0.034374,-0.089798
2026-08-19T15:35:09.085291+00:00,117469,Birendra,squat,good,squat_good,-6.816292,-0.557849,7.587225,-0.071412,-0.040236,-0.015988,3.552995,3.904943,5.98311,-0.202778,-0.359191,-0.579556
2026-08-19T15:35:09.085291+00:00,117491,Birendra,squat,good,squat_good,-6.768408,-0.512359,7.608773,-0.077274,-0.040502,-0.00906,3.634398,5.078102,5.087678,0.064217,-0.4354,-0.96113
2026-08-19T15:35:09.085291+00:00,117510,Birendra,squat,good,squat_good,-6.804321,-0.521936,7.61835,-0.088199,-0.040769,-0.00453,3.610456,5.365406,4.821922,0.221164,-0.467908,-1.124472
2026-08-19T15:35:09.085291+00:00,117529,Birendra,squat,good,squat_good,-6.825869,-0.517148,7.627927,-0.094328,-0.036772,0.000266,3.610456,5.576096,5.094861,0.43007,-0.468175,-1.249176
2026-08-19T15:35:09.085291+00:00,117549,Birendra,squat,good,squat_good,-6.830657,-0.483629,7.675811,-0.102322,-0.038371,0.006395,3.519476,5.901707,4.819528,0.798588,-0.435666,-1.268095
2026-08-19T15:35:09.085291+00:00,117569,Birendra,squat,good,squat_good,-6.833052,-0.486023,7.639898,-0.113247,-0.038371,0.013856,3.473987,7.029376,4.606444,0.990974,-0.425541,-1.275023
2026-08-19T15:35:09.085291+00:00,117590,Birendra,squat,good,squat_good,-6.847417,-0.486023,7.656657,-0.118309,-0.032508,0.021317,3.217807,7.460332,4.656722,1.019752,-0.478034,-1.341106
2026-08-19T15:35:09.085291+00:00,117609,Birendra,squat,good,squat_good,-6.811504,-0.519542,7.64708,-0.128701,-0.03091,0.029844,3.078943,7.170634,4.702212,1.07491,-0.518536,-1.413583
2026-08-19T15:35:09.085291+00:00,117629,Birendra,squat,good,squat_good,-6.80911,-0.548272,7.673417,-0.129234,-0.029311,0.034907,2.762909,7.438785,4.63278,1.160711,-0.52573,-1.501516
2026-08-19T15:35:09.085291+00:00,117649,Birendra,squat,good,squat_good,-6.804321,-0.612916,7.66384,-0.129501,-0.029311,0.038104,2.322376,8.549694,4.060566,1.192153,-0.546781,-1.577458
2026-08-19T15:35:09.085291+00:00,117669,Birendra,squat,good,squat_good,-6.804321,-0.639252,7.627927,-0.132965,-0.028778,0.037571,1.671153,8.74123,4.074931,1.085568,-0.576891,-1.651801
2026-08-19T15:35:09.085291+00:00,117689,Birendra,squat,good,squat_good,-6.799533,-0.665588,7.642292,-0.128435,-0.030643,0.032242,1.733402,8.295909,4.331111,1.06958,-0.649103,-1.60517
2026-08-19T15:35:09.085291+00:00,117710,Birendra,squat,good,squat_good,-6.813898,-0.68953,7.649475,-0.124438,-0.033308,0.028511,1.68073,7.862558,4.235343,1.225194,-0.525464,-1.654466
2026-08-19T15:35:09.085291+00:00,117729,Birendra,squat,good,squat_good,-6.852205,-0.687136,7.659051,-0.118576,-0.038104,0.024515,1.434127,8.590396,3.428497,1.393865,-0.506012,-1.714953
2026-08-19T15:35:09.085291+00:00,117749,Birendra,squat,good,squat_good,-6.900089,-0.679953,7.716512,-0.110848,-0.040769,0.016521,1.345541,9.694122,2.60968,1.325651,-0.472171,-1.845253
2026-08-19T15:35:09.085291+00:00,117769,Birendra,squat,good,squat_good,-6.873753,-0.663194,7.690176,-0.100989,-0.039969,0.008793,0.23942,9.895236,2.487576,1.215335,-0.545982,-1.92306
2026-08-19T15:35:09.085291+00:00,117790,Birendra,squat,good,squat_good,-6.852205,-0.624887,7.673417,-0.095394,-0.044233,0.001865,0.158017,8.935161,2.750938,1.138594,-0.58302,-1.870833
2026-08-19T15:35:09.085291+00:00,117810,Birendra,squat,good,squat_good,-6.835446,-0.605733,7.668628,-0.096726,-0.04823,0.0,-0.181959,8.298303,2.542642,1.333645,-0.432735,-1.784499
2026-08-19T15:35:09.085291+00:00,117829,Birendra,squat,good,squat_good,-6.840234,-0.593762,7.644686,-0.095394,-0.055424,-0.00826,-0.227449,9.239224,1.690306,1.469807,-0.394364,-1.738135
2026-08-19T15:35:09.085291+00:00,117849,Birendra,squat,good,squat_good,-6.828263,-0.581791,7.64708,-0.09566,-0.055691,-0.011458,-0.459687,9.900024,1.180341,1.335776,-0.431403,-1.842322
2026-08-19T15:35:09.085291+00:00,117869,Birendra,squat,good,squat_good,-6.801927,-0.567426,7.661446,-0.098858,-0.050894,-0.005596,-1.051055,9.502586,1.017536,1.19615,-0.50841,-1.945709
2026-08-19T15:35:09.085291+00:00,117890,Birendra,squat,good,squat_good,-6.799533,-0.538695,7.682993,-0.100456,-0.04823,0.001332,-1.25935,8.760384,0.943315,1.206276,-0.50468,-1.900677
2026-08-19T15:35:09.085291+00:00,117910,Birendra,squat,good,squat_good,-6.804321,-0.562637,7.654263,-0.102322,-0.042101,0.00453,-1.721431,8.59279,0.591368,1.38374,-0.389302,-1.772775
2026-08-19T15:35:09.085291+00:00,117929,Birendra,squat,good,squat_good,-6.780379,-0.56982,7.644686,-0.102322,-0.038904,0.003198,-1.841141,8.525752,0.138864,1.558806,-0.32242,-1.626753
2026-08-19T15:35:09.085291+00:00,117949,Birendra,squat,good,squat_good,-6.806715,-0.567426,7.61835,-0.103121,-0.037305,0.003464,-2.267309,9.299079,-0.699107,1.591314,-0.306698,-1.579323
2026-08-19T15:35:09.085291+00:00,117969,Birendra,squat,good,squat_good,-6.823475,-0.567426,7.61835,-0.099923,-0.034107,0.001599,-3.256114,9.821015,-0.703895,1.420245,-0.418346,-1.599041
2026-08-19T15:35:09.085291+00:00,117990,Birendra,squat,good,squat_good,-6.847417,-0.567426,7.630321,-0.102055,-0.03464,0.002398,-2.863465,8.422802,-0.68953,1.334711,-0.547047,-1.484729
2026-08-19T15:35:09.085291+00:00,118010,Birendra,squat,good,squat_good,-6.854599,-0.567426,7.642292,-0.102055,-0.03544,0.00373,-3.040636,7.848193,-0.835576,1.55321,-0.312294,-1.438098
2026-08-19T15:35:09.085291+00:00,118029,Birendra,squat,good,squat_good,-6.852205,-0.565032,7.627927,-0.096992,-0.038637,0.001865,-3.383007,8.312668,-1.678335,1.760784,-0.191587,-1.318723
2026-08-19T15:35:09.085291+00:00,118049,Birendra,squat,good,squat_good,-6.856994,-0.586579,7.630321,-0.092729,-0.042634,-0.003997,-4.007894,9.627085,-2.592921,1.720015,-0.073011,-1.402126
2026-08-19T15:35:09.085291+00:00,118069,Birendra,squat,good,squat_good,-6.861782,-0.593762,7.651869,-0.087666,-0.044233,-0.009593,-5.190629,9.866506,-2.434903,1.388802,-0.24328,-1.475936
2026-08-19T15:35:09.085291+00:00,118089,Birendra,squat,good,squat_good,-6.849811,-0.577003,7.661446,-0.086867,-0.046098,-0.015455,-4.936844,8.748413,-2.451663,1.22253,-0.458315,-1.409054
2026-08-19T15:35:09.085291+00:00,118110,Birendra,squat,good,squat_good,-6.840234,-0.577003,7.651869,-0.084735,-0.047963,-0.021317,-4.355053,7.814674,-2.782062,1.332579,-0.404224,-1.170037
2026-08-19T15:35:10.339775+00:00,118130,Birendra,squat,good,squat_good,-6.825869,-0.545878,7.649475,-0.084469,-0.049029,-0.020518,-5.200206,8.018182,-3.081338,1.498052,-0.24328,-0.997636
2026-08-19T15:35:10.339775+00:00,118151,Birendra,squat,good,squat_good,-6.845023,-0.543484,7.635109,-0.086867,-0.050894,-0.017587,-5.595249,9.028535,-3.145981,1.348567,-0.241948,-1.074377
2026-08-19T15:35:10.339775+00:00,118170,Birendra,squat,good,squat_good,-6.835446,-0.536301,7.611167,-0.088998,-0.047164,-0.014922,-4.903325,8.839393,-3.196259,1.015222,-0.245945,-1.293409
2026-08-19T15:35:10.339775+00:00,118190,Birendra,squat,good,squat_good,-6.823475,-0.536301,7.642292,-0.091663,-0.041835,-0.013856,-4.977545,7.304709,-3.198653,0.841222,-0.261133,-1.292343
2026-08-19T15:35:10.339775+00:00,118210,Birendra,squat,good,squat_good,-6.811504,-0.584185,7.64708,-0.093262,-0.041035,-0.016254,-6.287174,7.357382,-3.196259,1.03121,-0.405822,-1.229724
2026-08-19T15:35:10.339775+00:00,118229,Birendra,squat,good,squat_good,-6.801927,-0.577003,7.608773,-0.09113,-0.039703,-0.016521,-5.659893,7.733272,-3.806781,0.995504,-0.358925,-1.141792
2026-08-19T15:35:10.339775+00:00,118250,Birendra,squat,good,squat_good,-6.823475,-0.572214,7.671022,-0.086334,-0.045832,-0.018386,-7.089231,7.43639,-3.150769,0.678147,-0.205976,-1.178031
2026-08-19T15:35:10.339775+00:00,118270,Birendra,squat,good,squat_good,-6.806715,-0.531513,7.685388,-0.089798,-0.048763,-0.023715,-5.434838,6.457162,-3.406949,0.690138,-0.376245,-1.016821
2026-08-19T15:35:10.339775+00:00,118289,Birendra,squat,good,squat_good,-6.801927,-0.514753,7.673417,-0.096193,-0.042368,-0.015721,-5.164293,6.093243,-3.799598,0.779403,-0.040769,-1.099424
2026-08-19T15:35:10.339775+00:00,118310,Birendra,squat,good,squat_good,-6.797139,-0.560243,7.680599,-0.092729,-0.033308,-0.009593,-6.272809,6.651093,-3.876213,0.737035,0.09939,-1.164175
2026-08-19T15:35:10.339775+00:00,118330,Birendra,squat,good,squat_good,-6.813898,-0.577003,7.659051,-0.089531,-0.032775,-0.012257,-7.132327,6.246472,-3.632004,0.636312,-0.000266,-1.151118
2026-08-19T15:35:10.339775+00:00,118349,Birendra,squat,good,squat_good,-6.801927,-0.579397,7.678205,-0.090597,-0.036239,-0.014123,-6.943185,5.906496,-3.548207,0.571296,-0.067681,-1.114613
2026-08-19T15:35:10.339775+00:00,118369,Birendra,squat,good,squat_good,-6.813898,-0.567426,7.685388,-0.097792,-0.045832,-0.015455,-6.648698,5.870583,-3.620033,0.474037,0.022383,-1.057057
2026-08-19T15:35:10.339775+00:00,118389,Birendra,squat,good,squat_good,-6.804321,-0.536301,7.654263,-0.09939,-0.045299,-0.01279,-6.50744,4.862624,-3.871424,0.580888,0.033308,-0.99577
2026-08-19T15:35:10.339775+00:00,118410,Birendra,squat,good,squat_good,-6.80911,-0.562637,7.697359,-0.100723,-0.043966,-0.010126,-6.768408,5.722142,-4.019865,0.507611,0.16574,-0.986444
2026-08-19T15:35:10.339775+00:00,118429,Birendra,squat,good,squat_good,-6.768408,-0.579397,7.682993,-0.103121,-0.039969,-0.005862,-7.252037,5.434838,-3.852271,0.365054,0.090331,-0.971522
2026-08-19T15:35:10.339775+00:00,118449,Birendra,squat,good,squat_good,-6.768408,-0.574608,7.70933,-0.101256,-0.038104,-0.003464,-7.094019,4.74052,-3.744531,0.292576,0.037305,-0.942478
2026-08-19T15:35:10.339775+00:00,118469,Birendra,squat,good,squat_good,-6.787562,-0.612916,7.682993,-0.106585,-0.039969,-0.007461,-6.998251,4.352659,-3.734955,0.335743,0.063152,-0.910236
2026-08-19T15:35:10.339775+00:00,118489,Birendra,squat,good,squat_good,-6.818686,-0.588974,7.687782,-0.101522,-0.041035,-0.011191,-7.082048,4.031836,-3.902549,0.377844,0.060753,-0.820971
2026-08-19T15:35:10.339775+00:00,118510,Birendra,squat,good,squat_good,-6.79235,-0.591368,7.721301,-0.099124,-0.038104,-0.011991,-7.165846,4.383783,-3.945644,0.397296,0.103121,-0.791127
2026-08-19T15:35:10.339775+00:00,118529,Birendra,squat,good,squat_good,-6.801927,-0.624887,7.685388,-0.09939,-0.037838,-0.013057,-7.694964,4.462792,-3.861847,0.307498,0.053559,-0.738101
2026-08-19T15:35:10.339775+00:00,118549,Birendra,squat,good,squat_good,-6.789956,-0.624887,7.671022,-0.095127,-0.037038,-0.016521,-7.477092,4.240131,-3.888184,0.270992,-0.03917,-0.661093
2026-08-19T15:35:10.339775+00:00,118569,Birendra,squat,good,squat_good,-6.794744,-0.627281,7.651869,-0.090597,-0.042101,-0.022916,-7.206547,4.264073,-3.983952,0.197449,0.023715,-0.651234
2026-08-19T15:35:10.339775+00:00,118589,Birendra,squat,good,squat_good,-6.785168,-0.584185,7.64708,-0.089798,-0.03917,-0.021583,-7.328651,4.113238,-4.007894,0.027712,0.104986,-0.716784
2026-08-19T15:35:10.339775+00:00,118609,Birendra,squat,good,squat_good,-6.821081,-0.577003,7.714118,-0.089265,-0.039703,-0.019185,-7.66384,4.417302,-3.876213,-0.17027,0.12124,-0.862806
2026-08-19T15:35:10.339775+00:00,118630,Birendra,squat,good,squat_good,-6.825869,-0.581791,7.690176,-0.089531,-0.038104,-0.019718,-8.195353,3.536236,-3.550601,-0.279519,0.112714,-0.813776
2026-08-19T15:35:10.339775+00:00,118649,Birendra,squat,good,squat_good,-6.801927,-0.59855,7.666234,-0.090597,-0.032242,-0.022649,-8.128315,2.813187,-3.356671,-0.143357,-0.006395,-0.696266
2026-08-19T15:35:10.339775+00:00,118669,Birendra,squat,good,squat_good,-6.773197,-0.622492,7.671022,-0.091397,-0.032508,-0.023449,-7.577648,2.782062,-3.632004,0.064217,-0.078873,-0.501482
2026-08-19T15:35:10.339775+00:00,118689,Birendra,squat,good,squat_good,-6.775591,-0.641646,7.654263,-0.085002,-0.031443,-0.024515,-7.769185,3.157952,-3.73256,0.270992,-0.027979,-0.332545
2026-08-19T15:35:10.339775+00:00,118710,Birendra,squat,good,squat_good,-6.782773,-0.620098,7.661446,-0.081538,-0.03464,-0.029577,-7.881712,3.739743,-3.763685,0.266995,-0.040769,-0.176132
2026-08-19T15:35:10.339775+00:00,118730,Birendra,squat,good,squat_good,-6.754043,-0.572214,7.699753,-0.084202,-0.027979,-0.029044,-7.611167,3.751714,-3.79481,0.255271,-0.033841,-0.056757
2026-08-19T15:35:10.339775+00:00,118749,Birendra,squat,good,squat_good,-6.770802,-0.572214,7.699753,-0.090864,-0.023982,-0.023982,-7.661446,3.646369,-3.89776,0.253139,-0.014123,0.047963
2026-08-19T15:35:10.339775+00:00,118769,Birendra,squat,good,squat_good,-6.785168,-0.600945,7.745243,-0.089531,-0.028511,-0.022916,-7.697359,4.000711,-4.096479,0.189455,-0.030643,0.127103
2026-08-19T15:35:10.339775+00:00,118789,Birendra,squat,good,squat_good,-6.768408,-0.584185,7.716512,-0.084202,-0.03091,-0.019718,-7.735666,4.1707,-4.24492,0.112714,-0.067681,0.277387
2026-08-19T15:35:10.339775+00:00,118810,Birendra,squat,good,squat_good,-6.761226,-0.577003,7.706935,-0.080205,-0.031443,-0.017587,-7.814674,4.149151,-4.355053,0.071412,-0.026646,0.542784
2026-08-19T15:35:10.339775+00:00,118830,Birendra,squat,good,squat_good,-6.756437,-0.572214,7.757214,-0.082337,-0.03544,-0.013856,-7.975086,4.268862,-4.254497,0.094861,-0.001599,0.883323
2026-08-19T15:35:10.339775+00:00,118849,Birendra,squat,good,squat_good,-6.746861,-0.56982,7.742848,-0.0874,-0.033308,-0.010126,-7.740454,4.560954,-4.369418,0.143623,-0.032508,1.279286
2026-08-19T15:35:10.339775+00:00,118869,Birendra,squat,good,squat_good,-6.746861,-0.579397,7.730877,-0.087666,-0.031443,-0.009326,-7.098808,5.212177,-4.627992,0.199047,0.107651,1.56147
2026-08-19T15:35:10.339775+00:00,118889,Birendra,squat,good,squat_good,-6.782773,-0.608127,7.733272,-0.088199,-0.031709,-0.009859,-7.343017,5.978322,-4.759673,0.124971,0.162009,1.79649
2026-08-19T15:35:10.339775+00:00,118909,Birendra,squat,good,squat_good,-6.818686,-0.608127,7.697359,-0.084469,-0.032242,-0.011191,-7.084443,6.423643,-4.910508,-0.068214,0.106052,1.853247
2026-08-19T15:35:10.339775+00:00,118930,Birendra,squat,good,squat_good,-6.828263,-0.663194,7.656657,-0.073544,-0.028778,-0.017054,-7.223307,6.610391,-4.84347,-0.349066,0.027979,1.773841
2026-08-19T15:35:10.339775+00:00,118949,Birendra,squat,good,squat_good,-6.830657,-0.667982,7.673417,-0.062619,-0.033308,-0.026113,-7.058106,6.749255,-5.006276,-0.653899,-0.013057,1.649936
2026-08-19T15:35:10.339775+00:00,118969,Birendra,squat,good,squat_good,-6.823475,-0.663194,7.630321,-0.054092,-0.030643,-0.032242,-7.266402,6.830657,-5.025429,-0.998168,-0.010392,1.563069
2026-08-19T15:35:10.339775+00:00,118989,Birendra,squat,good,squat_good,-6.813898,-0.646434,7.639898,-0.053292,-0.038637,-0.040502,-6.727707,6.600814,-5.324705,-1.201479,0.040769,1.576126
2026-08-19T15:35:10.339775+00:00,119009,Birendra,squat,good,squat_good,-6.811504,-0.557849,7.637504,-0.052493,-0.037838,-0.041302,-6.658275,6.648698,-5.363012,-1.343504,0.280052,1.64807
2026-08-19T15:35:10.339775+00:00,119030,Birendra,squat,good,squat_good,-6.818686,-0.52433,7.687782,-0.058355,-0.036505,-0.03544,-6.605602,6.660669,-5.190629,-1.428505,0.457516,1.638478
2026-08-19T15:35:10.339775+00:00,119049,Birendra,squat,good,squat_good,-6.813898,-0.471658,7.697359,-0.067681,-0.033574,-0.023982,-6.426037,7.249643,-5.042189,-1.552677,0.550245,1.54868
2026-08-19T15:35:10.339775+00:00,119069,Birendra,squat,good,squat_good,-6.794744,-0.481235,7.704541,-0.083136,-0.03091,-0.010392,-6.397307,7.041347,-4.812346,-1.654466,0.54385,1.536156
2026-08-19T15:35:10.339775+00:00,119089,Birendra,squat,good,squat_good,-6.799533,-0.4956,7.66384,-0.093795,-0.034907,-0.002398,-6.277597,7.25922,-4.580108,-1.691504,0.475636,1.585985
2026-08-19T15:35:10.339775+00:00,119109,Birendra,squat,good,squat_good,-6.818686,-0.512359,7.61835,-0.099657,-0.03091,0.005329,-5.729325,7.419631,-4.505888,-1.757053,0.414882,1.683244
2026-08-19T15:35:11.099304+00:00,119131,Birendra,squat,good,squat_good,-6.811504,-0.529119,7.635109,-0.10472,-0.031443,0.010126,-5.473145,7.273585,-4.074931,-1.812744,0.437798,1.769044
2026-08-19T15:35:11.099304+00:00,119150,Birendra,squat,good,squat_good,-6.835446,-0.574608,7.637504,-0.111115,-0.031975,0.012257,-5.121197,7.340622,-3.65834,-1.732805,0.439397,1.79276
2026-08-19T15:35:11.099304+00:00,119170,Birendra,squat,good,squat_good,-6.852205,-0.574608,7.639898,-0.11298,-0.030377,0.013323,-4.707001,7.850587,-3.679888,-1.70909,0.478833,1.797556
2026-08-19T15:35:11.099304+00:00,119190,Birendra,squat,good,squat_good,-6.840234,-0.579397,7.639898,-0.111381,-0.032775,0.012524,-4.996699,8.508993,-3.337517,-1.826867,0.472704,1.756521
2026-08-19T15:35:11.099304+00:00,119209,Birendra,squat,good,squat_good,-6.890512,-0.584185,7.589619,-0.111914,-0.035972,0.011724,-4.252102,8.092402,-2.880225,-1.936649,0.403691,1.821537
2026-08-19T15:35:11.099304+00:00,119230,Birendra,squat,good,squat_good,-6.888118,-0.59855,7.644686,-0.107917,-0.040502,0.006395,-3.854665,8.204929,-2.494758,-1.893482,0.458848,1.840456
2026-08-19T15:35:11.099304+00:00,119250,Birendra,squat,good,squat_good,-6.876147,-0.59855,7.606379,-0.106052,-0.03917,0.002665,-3.342306,7.960721,-2.140416,-1.839124,0.464178,1.875096
2026-08-19T15:35:11.099304+00:00,119269,Birendra,squat,good,squat_good,-6.871359,-0.632069,7.603985,-0.102855,-0.035173,0.004796,-3.040636,8.700529,-1.853112,-1.769311,0.510542,1.830597
2026-08-19T15:35:11.099304+00:00,119289,Birendra,squat,good,squat_good,-6.86657,-0.665588,7.587225,-0.094861,-0.036239,0.0,-3.0143,8.841787,-1.39582,-1.81834,0.520401,1.770643
2026-08-19T15:35:11.099304+00:00,119309,Birendra,squat,good,squat_good,-6.876147,-0.639252,7.613562,-0.088466,-0.039969,-0.009593,-2.829947,9.114726,-1.197101,-1.873764,0.479366,1.711488
2026-08-19T15:35:11.099304+00:00,119330,Birendra,squat,good,squat_good,-6.854599,-0.565032,7.651869,-0.094061,-0.042368,-0.010126,-2.446874,9.325416,-0.749385,-1.995804,0.406089,1.724812
2026-08-19T15:35:11.099304+00:00,119349,Birendra,squat,good,squat_good,-6.845023,-0.509965,7.659051,-0.099657,-0.04743,-0.008527,-1.606509,8.42759,-0.148441,-1.975553,0.364787,1.763982
2026-08-19T15:35:11.099304+00:00,119369,Birendra,squat,good,squat_good,-6.852205,-0.500388,7.673417,-0.107651,-0.050361,-0.006129,-0.921768,8.152257,0.09098,-1.767446,0.463112,1.789562
2026-08-19T15:35:11.099304+00:00,119389,Birendra,squat,good,squat_good,-6.849811,-0.4956,7.632715,-0.112447,-0.048496,-0.002665,-0.821211,9.169792,0.234632,-1.640343,0.566499,1.751991
2026-08-19T15:35:11.099304+00:00,119409,Birendra,squat,good,squat_good,-6.80911,-0.545878,7.613562,-0.113513,-0.043433,0.00373,-0.849942,9.02614,0.656011,-1.684043,0.550511,1.733072
2026-08-19T15:35:11.099304+00:00,119431,Birendra,squat,good,squat_good,-6.813898,-0.581791,7.632715,-0.116178,-0.041835,0.009859,-0.23942,9.066842,0.933739,-1.64061,0.504946,1.733871
2026-08-19T15:35:11.099304+00:00,119450,Birendra,squat,good,squat_good,-6.849811,-0.586579,7.659051,-0.119375,-0.046364,0.012257,0.093374,8.75799,1.458069,-1.619825,0.48283,1.746129
2026-08-19T15:35:11.099304+00:00,119469,Birendra,squat,good,squat_good,-6.813898,-0.553061,7.64708,-0.119642,-0.049029,0.012524,0.545878,8.413225,1.82917,-1.554276,0.473504,1.745596
2026-08-19T15:35:11.099304+00:00,119490,Birendra,squat,good,squat_good,-6.833052,-0.588974,7.654263,-0.120175,-0.044233,0.012257,1.012747,8.767567,2.008735,-1.508711,0.487093,1.660328
2026-08-19T15:35:11.099304+00:00,119510,Birendra,squat,good,squat_good,-6.856994,-0.596156,7.644686,-0.114046,-0.0429,0.010925,1.146823,8.588001,2.339135,-1.540953,0.467908,1.545216
2026-08-19T15:35:11.099304+00:00,119529,Birendra,squat,good,squat_good,-6.840234,-0.629675,7.630321,-0.102322,-0.046098,0.00373,1.606509,8.664616,2.698265,-1.515372,0.44366,1.462879
2026-08-19T15:35:11.099304+00:00,119550,Birendra,squat,good,squat_good,-6.840234,-0.653617,7.699753,-0.096459,-0.04743,-0.000533,2.001553,7.496245,3.112462,-1.449023,0.530527,1.415715
2026-08-19T15:35:11.099304+00:00,119570,Birendra,squat,good,squat_good,-6.859388,-0.600945,7.678205,-0.092995,-0.05276,-0.003198,2.193089,8.532935,3.239355,-1.262499,0.594478,1.391734
2026-08-19T15:35:11.099304+00:00,119589,Birendra,squat,good,squat_good,-6.852205,-0.565032,7.687782,-0.087933,-0.055691,-0.003198,2.109292,7.972692,3.605668,-1.265697,0.536922,1.411452
2026-08-19T15:35:11.099304+00:00,119609,Birendra,squat,good,squat_good,-6.830657,-0.584185,7.666234,-0.082337,-0.05649,0.000533,2.568978,8.269572,3.770868,-1.227326,0.402891,1.405589
2026-08-19T15:35:11.099304+00:00,119629,Birendra,squat,good,squat_good,-6.80911,-0.562637,7.651869,-0.076475,-0.053825,-0.002132,2.892196,7.630321,4.074931,-1.239317,0.426074,1.32192
2026-08-19T15:35:11.099304+00:00,119650,Birendra,squat,good,squat_good,-6.787562,-0.56982,7.637504,-0.071412,-0.049828,-0.006928,2.995146,7.66384,4.340688,-1.158046,0.425008,1.26543
2026-08-19T15:35:11.099304+00:00,119669,Birendra,squat,good,squat_good,-6.782773,-0.584185,7.637504,-0.072211,-0.046631,-0.00826,3.3447,7.343017,4.699818,-1.083436,0.448723,1.222263
2026-08-19T15:35:11.099304+00:00,119689,Birendra,squat,good,squat_good,-6.799533,-0.581791,7.656657,-0.071412,-0.043966,-0.011191,3.49314,7.218518,4.838682,-0.911568,0.47457,1.145256
2026-08-19T15:35:11.099304+00:00,119709,Birendra,squat,good,squat_good,-6.806715,-0.56982,7.66384,-0.071678,-0.044499,-0.013323,3.588908,7.5561,4.99191,-0.838024,0.440995,1.123406
2026-08-19T15:35:11.099304+00:00,119730,Birendra,squat,good,squat_good,-6.797139,-0.574608,7.656657,-0.07381,-0.040236,-0.013856,3.801992,7.422025,5.17387,-0.832162,0.426074,1.107684
2026-08-19T15:35:11.099304+00:00,119750,Birendra,squat,good,squat_good,-6.79235,-0.588974,7.649475,-0.074876,-0.040502,-0.014123,4.010288,7.04853,5.386954,-0.7397,0.433534,1.079706
2026-08-19T15:35:11.099304+00:00,119769,Birendra,squat,good,squat_good,-6.811504,-0.600945,7.649475,-0.075409,-0.038904,-0.016254,4.185065,7.335834,5.588067,-0.664025,0.442594,1.066916
2026-08-19T15:35:11.099304+00:00,119789,Birendra,squat,good,squat_good,-6.797139,-0.596156,7.690176,-0.075142,-0.033574,-0.015455,4.288015,7.350199,5.585672,-0.569963,0.50841,1.041602
2026-08-19T15:35:11.099304+00:00,119809,Birendra,squat,good,squat_good,-6.789956,-0.603339,7.656657,-0.077008,-0.031443,-0.016787,4.304775,8.149862,5.463568,-0.567565,0.507878,0.952603
2026-08-19T15:35:11.099304+00:00,119829,Birendra,squat,good,squat_good,-6.770802,-0.605733,7.716512,-0.079406,-0.029844,-0.017054,4.005499,8.468291,6.236896,-0.78793,0.439663,0.935816
2026-08-19T15:35:11.099304+00:00,119850,Birendra,squat,good,squat_good,-6.780379,-0.59855,7.69257,-0.08287,-0.027446,-0.015188,4.031836,6.505046,7.486669,-0.976052,0.181994,1.007761
2026-08-19T15:35:11.099304+00:00,119869,Birendra,squat,good,squat_good,-6.806715,-0.608127,7.723695,-0.08287,-0.024781,-0.011724,5.135562,4.60405,7.809886,-0.859075,0.139626,1.133265
2026-08-19T15:35:11.099304+00:00,119889,Birendra,squat,good,squat_good,-6.816292,-0.632069,7.697359,-0.081271,-0.02638,-0.014655,5.612009,3.311181,7.759608,-0.520934,0.262732,0.968058
2026-08-19T15:35:11.099304+00:00,119909,Birendra,squat,good,squat_good,-6.828263,-0.646434,7.66384,-0.07381,-0.03011,-0.021051,4.893748,3.598485,7.400477,-0.37358,0.23049,0.553443
2026-08-19T15:35:11.099304+00:00,119929,Birendra,squat,good,squat_good,-6.813898,-0.672771,7.611167,-0.065283,-0.032242,-0.03091,3.981557,3.82354,7.685388,-0.381308,0.046364,-0.002132
2026-08-19T15:35:11.099304+00:00,119950,Birendra,squat,good,squat_good,-6.766014,-0.667982,7.651869,-0.050361,-0.034374,-0.045832,3.620033,3.258508,7.649475,-0.337342,-0.290178,-0.533191
2026-08-19T15:35:11.099304+00:00,119969,Birendra,squat,good,squat_good,-6.746861,-0.629675,7.702147,-0.044499,-0.038371,-0.059954,4.563348,4.55856,6.327875,-0.176665,-0.381041,-0.950472
2026-08-19T15:35:11.099304+00:00,119989,Birendra,squat,good,squat_good,-6.761226,-0.521936,7.706935,-0.04743,-0.0429,-0.063951,3.445256,6.852205,5.820304,-0.106052,-0.371182,-1.122606
2026-08-19T15:35:11.099304+00:00,120009,Birendra,squat,good,squat_good,-6.797139,-0.474052,7.773973,-0.053825,-0.048496,-0.059954,4.735731,6.830657,5.540183,-0.105519,-0.732505,-0.832962
2026-08-19T15:35:11.099304+00:00,120029,Birendra,squat,good,squat_good,-6.816292,-0.409408,7.735666,-0.067948,-0.054358,-0.053292,5.080496,5.746084,6.042965,0.181461,-0.363188,-0.617127
2026-08-19T15:35:11.099304+00:00,120050,Birendra,squat,good,squat_good,-6.825869,-0.308852,7.723695,-0.093262,-0.053825,-0.033574,4.742914,6.560112,6.282385,0.528928,-0.247544,-0.445792
2026-08-19T15:35:11.099304+00:00,120069,Birendra,squat,good,squat_good,-6.777985,-0.332794,7.673417,-0.116977,-0.045032,-0.001332,4.639963,6.80911,6.392519,0.54758,-0.294175,-0.51294
2026-08-19T15:35:11.099304+00:00,120089,Birendra,squat,good,squat_good,-6.756437,-0.442927,7.668628,-0.131366,-0.033041,0.023715,4.235343,6.567295,6.538565,0.551844,-0.394631,-0.68241
2026-08-19T15:35:11.099304+00:00,120109,Birendra,squat,good,squat_good,-6.761226,-0.574608,7.661446,-0.135363,-0.027446,0.033841,4.285621,6.50744,6.682217,0.499084,-0.453786,-0.914499
2026-08-19T15:35:12.174972+00:00,120131,Birendra,squat,good,squat_good,-6.744466,-0.646434,7.608773,-0.140959,-0.021051,0.027712,4.010288,5.437232,6.584054,0.600873,-0.459914,-1.019485
2026-08-19T15:35:12.174972+00:00,120150,Birendra,squat,good,squat_good,-6.742072,-0.703895,7.630321,-0.136429,-0.013057,0.024515,3.332729,7.216124,6.397307,0.702662,-0.443394,-1.303268
2026-08-19T15:35:12.174972+00:00,120170,Birendra,squat,good,squat_good,-6.789956,-0.725443,7.651869,-0.125504,-0.011991,0.014655,3.835511,6.375759,5.923255,0.691737,-0.666423,-1.385871
2026-08-19T15:35:12.174972+00:00,120190,Birendra,squat,good,squat_good,-6.780379,-0.667982,7.656657,-0.115911,-0.010925,0.005596,3.593697,6.708553,5.832275,0.75249,-0.480432,-1.485528
2026-08-19T15:35:12.174972+00:00,120210,Birendra,squat,good,squat_good,-6.79235,-0.632069,7.661446,-0.113513,-0.009326,0.005862,3.203442,6.71813,5.556942,0.9566,-0.495354,-1.567332
2026-08-19T15:35:12.174972+00:00,120229,Birendra,squat,good,squat_good,-6.833052,-0.608127,7.675811,-0.106851,-0.011724,0.001332,2.89459,7.855376,5.123591,1.037871,-0.508144,-1.644606
2026-08-19T15:35:12.174972+00:00,120250,Birendra,squat,good,squat_good,-6.856994,-0.64404,7.721301,-0.095926,-0.017587,-0.010658,2.652776,8.37013,4.596867,1.011758,-0.568098,-1.687507
2026-08-19T15:35:12.174972+00:00,120270,Birendra,squat,good,squat_good,-6.849811,-0.61531,7.730877,-0.09113,-0.027979,-0.020251,2.671929,8.159439,4.429273,1.007228,-0.534257,-1.661127
2026-08-19T15:35:12.174972+00:00,120290,Birendra,squat,good,squat_good,-6.847417,-0.577003,7.69257,-0.090331,-0.036505,-0.025314,2.06859,8.025364,4.441244,1.059455,-0.504946,-1.553743
2026-08-19T15:35:12.174972+00:00,120309,Birendra,squat,good,squat_good,-6.79235,-0.548272,7.716512,-0.0866,-0.046098,-0.024781,2.305616,8.403648,3.983952,1.179896,-0.467642,-1.510309
2026-08-19T15:35:12.174972+00:00,120329,Birendra,squat,good,squat_good,-6.751649,-0.529119,7.728483,-0.087933,-0.0437,-0.017853,2.03986,8.951921,3.605668,1.140992,-0.479366,-1.497519
2026-08-19T15:35:12.174972+00:00,120350,Birendra,squat,good,squat_good,-6.761226,-0.505177,7.735666,-0.096193,-0.041302,-0.009593,1.817199,9.01417,3.311181,1.123672,-0.512674,-1.579856
2026-08-19T15:35:12.174972+00:00,120370,Birendra,squat,good,squat_good,-6.751649,-0.519542,7.704541,-0.101256,-0.03917,-0.001066,1.292869,8.880095,3.198653,1.132732,-0.500683,-1.596643
2026-08-19T15:35:12.174972+00:00,120389,Birendra,squat,good,squat_good,-6.773197,-0.567426,7.659051,-0.103121,-0.032242,0.001865,1.288081,8.674192,3.138798,1.187623,-0.471372,-1.501783
2026-08-19T15:35:12.174972+00:00,120409,Birendra,squat,good,squat_good,-6.79235,-0.620098,7.668628,-0.102322,-0.031443,0.002398,0.746991,8.7125,2.952051,1.327783,-0.305632,-1.449556
2026-08-19T15:35:12.174972+00:00,120429,Birendra,squat,good,squat_good,-6.799533,-0.622492,7.649475,-0.098858,-0.029577,0.002132,0.328006,9.909601,2.293645,1.344836,-0.441795,-1.486328
2026-08-19T15:35:12.174972+00:00,120450,Birendra,squat,good,squat_good,-6.83784,-0.648829,7.601591,-0.095926,-0.027179,-0.002132,0.4956,10.10114,1.63524,1.142858,-0.489492,-1.673118
2026-08-19T15:35:12.174972+00:00,120470,Birendra,squat,good,squat_good,-6.888118,-0.627281,7.637504,-0.087933,-0.026646,-0.008527,-0.112527,9.507375,1.90339,0.963795,-0.493222,-1.676848
2026-08-19T15:35:12.174972+00:00,120489,Birendra,squat,good,squat_good,-6.878541,-0.629675,7.623138,-0.08287,-0.028511,-0.016787,-0.217872,8.240842,2.104503,1.129001,-0.392499,-1.53136
2026-08-19T15:35:12.174972+00:00,120509,Birendra,squat,good,squat_good,-6.868965,-0.603339,7.649475,-0.077807,-0.029844,-0.022116,-0.220267,7.716512,1.774103,1.472738,-0.254205,-1.359225
2026-08-19T15:35:12.174972+00:00,120529,Birendra,squat,good,squat_good,-6.830657,-0.56982,7.615956,-0.078606,-0.032242,-0.022383,-0.52433,9.169792,0.835576,1.662459,-0.110848,-1.388003
2026-08-19T15:35:12.174972+00:00,120550,Birendra,squat,good,squat_good,-6.830657,-0.577003,7.627927,-0.075409,-0.027179,-0.023182,-1.374272,10.08198,0.246603,1.494855,-0.147354,-1.515372
2026-08-19T15:35:12.174972+00:00,120570,Birendra,squat,good,squat_good,-6.830657,-0.555455,7.611167,-0.074876,-0.020251,-0.021051,-2.616863,9.969456,0.308852,1.28355,-0.276588,-1.620358
2026-08-19T15:35:12.174972+00:00,120589,Birendra,squat,good,squat_good,-6.821081,-0.593762,7.632715,-0.080472,-0.022116,-0.01732,-2.375048,9.109938,0.3304,1.209473,-0.381841,-1.531093
2026-08-19T15:35:12.174972+00:00,120610,Birendra,squat,good,squat_good,-6.833052,-0.52433,7.666234,-0.084469,-0.028511,-0.017587,-2.020706,8.35337,0.28491,1.306732,-0.359724,-1.320855
2026-08-19T15:35:12.174972+00:00,120629,Birendra,squat,good,squat_good,-6.842628,-0.509965,7.620744,-0.090064,-0.027446,-0.009859,-1.063026,8.116343,-0.92895,1.54868,-0.223562,-1.351498
2026-08-19T15:35:12.174972+00:00,120649,Birendra,squat,good,squat_good,-6.856994,-0.536301,7.608773,-0.092995,-0.020784,0.001332,-3.383007,9.911995,-1.21386,1.494322,-0.088466,-1.523366
2026-08-19T15:35:12.174972+00:00,120670,Birendra,squat,good,squat_good,-6.86657,-0.543484,7.639898,-0.094328,-0.019452,0.005063,-4.458004,9.320627,-1.144428,1.325917,-0.246478,-1.508711
2026-08-19T15:35:12.174972+00:00,120689,Birendra,squat,good,squat_good,-6.876147,-0.572214,7.627927,-0.098858,-0.025314,0.001599,-3.871424,8.303091,-1.115698,1.351231,-0.305632,-1.254772
2026-08-19T15:35:12.174972+00:00,120709,Birendra,squat,good,squat_good,-6.902483,-0.579397,7.615956,-0.104187,-0.037571,0.0,-2.667141,8.231265,-2.15957,1.574527,-0.162809,-1.120741
2026-08-19T15:35:12.174972+00:00,120729,Birendra,squat,good,squat_good,-6.931214,-0.581791,7.601591,-0.099124,-0.043167,-0.003997,-3.902549,9.631873,-2.614468,1.512441,-0.012524,-1.215602
2026-08-19T15:35:12.174972+00:00,120749,Birendra,squat,good,squat_good,-6.909666,-0.591368,7.582437,-0.098591,-0.04743,-0.00373,-5.046977,9.267955,-2.391808,1.268361,-0.120441,-1.306732
2026-08-19T15:35:12.174972+00:00,120770,Birendra,squat,good,squat_good,-6.921637,-0.577003,7.592013,-0.103387,-0.0437,0.000266,-5.092467,8.50181,-1.94888,1.14872,-0.305366,-1.311528
2026-08-19T15:35:12.174972+00:00,120789,Birendra,squat,good,squat_good,-6.902483,-0.565032,7.606379,-0.104986,-0.049296,-0.003997,-4.175488,7.742848,-2.37026,1.203078,-0.323219,-1.190288
2026-08-19T15:35:12.174972+00:00,120809,Birendra,squat,good,squat_good,-6.859388,-0.56982,7.594408,-0.102588,-0.045832,-0.008527,-4.197036,7.661446,-3.050213,1.258502,-0.259534,-1.141792
2026-08-19T15:35:12.174972+00:00,120829,Birendra,squat,good,squat_good,-6.830657,-0.562637,7.565677,-0.10392,-0.044233,-0.00826,-5.537788,8.942344,-3.229778,1.139127,-0.256603,-1.289678
2026-08-19T15:35:12.174972+00:00,120849,Birendra,squat,good,squat_good,-6.845023,-0.572214,7.592013,-0.105519,-0.043433,-0.005329,-5.415684,7.694964,-3.270479,0.958732,-0.432469,-1.235587
2026-08-19T15:35:12.174972+00:00,120870,Birendra,squat,good,squat_good,-6.856994,-0.562637,7.589619,-0.100456,-0.042368,-0.008793,-5.020641,7.575254,-3.138798,0.894781,-0.228625,-1.257436
2026-08-19T15:35:12.174972+00:00,120889,Birendra,squat,good,squat_good,-6.861782,-0.548272,7.608773,-0.100456,-0.03917,-0.012257,-4.853047,6.423643,-3.550601,0.984046,-0.133764,-1.128202
2026-08-19T15:35:12.174972+00:00,120909,Birendra,squat,good,squat_good,-6.830657,-0.557849,7.620744,-0.101789,-0.038104,-0.010392,-6.021417,7.728483,-3.552995,0.97925,0.002665,-1.270493
2026-08-19T15:35:12.174972+00:00,120929,Birendra,squat,good,squat_good,-6.833052,-0.555455,7.603985,-0.106585,-0.033041,-0.005596,-6.569689,7.704541,-3.907337,0.814576,-0.281384,-1.277421
2026-08-19T15:35:12.174972+00:00,120949,Birendra,squat,good,squat_good,-6.86657,-0.591368,7.603985,-0.102055,-0.03464,-0.004796,-6.684611,7.125144,-3.428497,0.559571,-0.281384,-1.30913
2026-08-19T15:35:12.174972+00:00,120970,Birendra,squat,good,squat_good,-6.835446,-0.553061,7.603985,-0.101789,-0.036505,-0.007194,-5.856217,5.327099,-3.519476,0.622456,-0.252073,-1.105286
2026-08-19T15:35:12.174972+00:00,120989,Birendra,squat,good,squat_good,-6.845023,-0.567426,7.613562,-0.103654,-0.034907,-0.006395,-5.849035,5.975927,-3.770868,0.750358,0.11298,-1.07038
2026-08-19T15:35:12.174972+00:00,121009,Birendra,squat,good,squat_good,-6.871359,-0.562637,7.637504,-0.101256,-0.034907,-0.007994,-6.962338,6.167464,-3.586514,0.724245,0.237152,-0.958998
2026-08-19T15:35:12.174972+00:00,121029,Birendra,squat,good,squat_good,-6.864176,-0.567426,7.603985,-0.099923,-0.036772,-0.006662,-6.524199,6.428432,-3.641581,0.597942,0.225161,-0.957133
2026-08-19T15:35:12.174972+00:00,121049,Birendra,squat,good,squat_good,-6.835446,-0.565032,7.620744,-0.09939,-0.034374,-0.006928,-6.133945,5.157111,-3.696647,0.551844,0.153749,-1.050395
2026-08-19T15:35:12.174972+00:00,121070,Birendra,squat,good,squat_good,-6.825869,-0.617704,7.620744,-0.096459,-0.03091,-0.013323,-6.337452,5.178658,-3.89776,0.485228,0.166806,-1.162576
2026-08-19T15:35:12.174972+00:00,121089,Birendra,squat,good,squat_good,-6.842628,-0.608127,7.623138,-0.092729,-0.033041,-0.018119,-7.216124,5.176264,-3.768473,0.413283,0.027979,-1.150851
2026-08-19T15:35:12.174972+00:00,121109,Birendra,squat,good,squat_good,-6.83784,-0.600945,7.608773,-0.086867,-0.034374,-0.022116,-7.096414,5.018247,-3.895366,0.436199,-0.08207,-1.129001
2026-08-19T15:35:13.069541+00:00,121131,Birendra,squat,good,squat_good,-6.840234,-0.627281,7.630321,-0.087933,-0.036505,-0.025047,-7.194576,4.896142,-4.053383,0.364521,-0.093262,-1.15325
2026-08-19T15:35:13.069541+00:00,121151,Birendra,squat,good,squat_good,-6.864176,-0.593762,7.64708,-0.081538,-0.040769,-0.031176,-7.072472,5.061342,-4.192247,0.26966,-0.051694,-1.184159
2026-08-19T15:35:13.069541+00:00,121172,Birendra,squat,good,squat_good,-6.86657,-0.591368,7.637504,-0.078074,-0.046631,-0.032242,-7.326257,5.08289,-4.185065,0.10925,0.056224,-1.149253
2026-08-19T15:35:13.069541+00:00,121191,Birendra,squat,good,squat_good,-6.873753,-0.577003,7.611167,-0.075675,-0.045832,-0.03011,-7.335834,4.953603,-4.096479,-0.02185,0.13856,-1.102622
2026-08-19T15:35:13.069541+00:00,121209,Birendra,squat,good,squat_good,-6.86657,-0.560243,7.61835,-0.079672,-0.047164,-0.028511,-7.910442,4.860229,-4.024653,-0.134564,0.205709,-1.049329
2026-08-19T15:35:13.069541+00:00,121229,Birendra,squat,good,squat_good,-6.861782,-0.572214,7.635109,-0.080738,-0.048763,-0.025847,-8.312668,4.27365,-3.852271,-0.177464,0.113247,-0.904907
2026-08-19T15:35:13.069541+00:00,121250,Birendra,squat,good,squat_good,-6.818686,-0.56982,7.642292,-0.079406,-0.047164,-0.025314,-7.790732,3.694253,-3.818752,-0.111381,0.054891,-0.723979
2026-08-19T15:35:13.069541+00:00,121270,Birendra,squat,good,squat_good,-6.806715,-0.586579,7.66384,-0.079939,-0.042368,-0.02558,-7.505822,4.03423,-3.792415,-0.060221,0.083936,-0.621657
2026-08-19T15:35:13.069541+00:00,121290,Birendra,squat,good,squat_good,-6.806715,-0.603339,7.685388,-0.082603,-0.040769,-0.026113,-7.055712,3.916914,-3.663129,0.179862,0.16041,-0.564101
2026-08-19T15:35:13.069541+00:00,121309,Birendra,squat,good,squat_good,-6.775591,-0.603339,7.678205,-0.080738,-0.043167,-0.032242,-8.066066,4.082114,-3.462016,0.093262,0.072744,-0.466043
2026-08-19T15:35:13.069541+00:00,121330,Birendra,squat,good,squat_good,-6.777985,-0.584185,7.649475,-0.077274,-0.043433,-0.035972,-7.742848,3.452439,-3.639187,0.14309,-0.084469,-0.292842
2026-08-19T15:35:13.069541+00:00,121350,Birendra,squat,good,squat_good,-6.79235,-0.562637,7.668628,-0.07834,-0.041035,-0.033041,-7.733272,3.782839,-3.993528,0.213436,-0.037838,-0.058089
2026-08-19T15:35:13.069541+00:00,121369,Birendra,squat,good,squat_good,-6.821081,-0.550666,7.651869,-0.07834,-0.0437,-0.026113,-7.769185,4.292804,-4.374207,0.197715,-0.035706,0.211571
2026-08-19T15:35:13.069541+00:00,121389,Birendra,squat,good,squat_good,-6.845023,-0.581791,7.697359,-0.074343,-0.046631,-0.021051,-7.809886,4.237737,-4.386178,0.117243,0.03091,0.416747
2026-08-19T15:35:13.069541+00:00,121410,Birendra,squat,good,squat_good,-6.849811,-0.577003,7.716512,-0.076741,-0.048496,-0.016787,-8.259995,4.424485,-4.103662,0.050628,0.012257,0.626453
2026-08-19T15:35:13.069541+00:00,121429,Birendra,squat,good,squat_good,-6.806715,-0.538695,7.685388,-0.07834,-0.045565,-0.01279,-8.049306,4.546589,-3.919308,-0.014655,-0.096726,0.873464
2026-08-19T15:35:13.069541+00:00,121449,Birendra,squat,good,squat_good,-6.789956,-0.600945,7.661446,-0.079672,-0.045832,-0.010392,-7.546524,4.378995,-3.993528,0.039436,-0.069547,1.18336
2026-08-19T15:35:13.069541+00:00,121469,Birendra,squat,good,squat_good,-6.761226,-0.608127,7.651869,-0.072211,-0.05276,-0.018919,-7.302315,5.12838,-4.414908,0.100989,0.005329,1.436766
2026-08-19T15:35:13.069541+00:00,121490,Birendra,squat,good,squat_good,-6.775591,-0.627281,7.694964,-0.070879,-0.046364,-0.019718,-7.192182,6.335058,-4.795586,-0.009593,0.022116,1.511375
2026-08-19T15:35:13.069541+00:00,121509,Birendra,squat,good,squat_good,-6.785168,-0.624887,7.687782,-0.074077,-0.042634,-0.016521,-7.52737,6.868965,-4.630386,-0.293375,-0.096459,1.538554
2026-08-19T15:35:13.069541+00:00,121529,Birendra,squat,good,squat_good,-6.79235,-0.61531,7.659051,-0.06928,-0.045832,-0.020251,-7.158663,6.294356,-4.534618,-0.524132,-0.191853,1.612098
2026-08-19T15:35:13.069541+00:00,121549,Birendra,squat,good,squat_good,-6.799533,-0.600945,7.639898,-0.071145,-0.051161,-0.022383,-6.981492,5.985504,-4.390966,-0.660028,-0.060753,1.635014
2026-08-19T15:35:13.069541+00:00,121569,Birendra,squat,good,squat_good,-6.806715,-0.591368,7.64708,-0.073277,-0.04823,-0.022916,-7.113173,6.320693,-4.515464,-0.778337,0.014123,1.673651
2026-08-19T15:35:13.069541+00:00,121590,Birendra,squat,good,squat_good,-6.828263,-0.593762,7.673417,-0.071412,-0.044233,-0.021317,-7.055712,6.892907,-4.702212,-0.927289,0.032242,1.636879
2026-08-19T15:35:13.069541+00:00,121609,Birendra,squat,good,squat_good,-6.804321,-0.59855,7.661446,-0.068481,-0.044233,-0.022916,-6.660669,6.98628,-4.891354,-1.130334,0.006395,1.566266
2026-08-19T15:35:13.069541+00:00,121629,Birendra,squat,good,squat_good,-6.806715,-0.574608,7.649475,-0.068214,-0.040769,-0.021583,-6.473921,7.026982,-4.833893,-1.317923,0.081005,1.480732
2026-08-19T15:35:13.069541+00:00,121649,Birendra,squat,good,squat_good,-6.768408,-0.533907,7.690176,-0.075142,-0.035972,-0.015188,-6.481104,6.665458,-4.431667,-1.45302,0.149485,1.49592
2026-08-19T15:35:13.069541+00:00,121669,Birendra,squat,good,squat_good,-6.801927,-0.509965,7.678205,-0.0866,-0.034907,-0.007727,-6.263232,6.933608,-4.261679,-1.43117,0.244346,1.536423
2026-08-19T15:35:13.069541+00:00,121690,Birendra,squat,good,squat_good,-6.799533,-0.509965,7.680599,-0.094594,-0.036505,-0.000266,-5.956774,7.577648,-4.496311,-1.473271,0.31256,1.51324
2026-08-19T15:35:13.069541+00:00,121709,Birendra,squat,good,squat_good,-6.818686,-0.545878,7.671022,-0.101522,-0.034907,0.005596,-5.853823,7.596802,-4.378995,-1.614763,0.240882,1.52683
2026-08-19T15:35:13.069541+00:00,121729,Birendra,squat,good,squat_good,-6.830657,-0.567426,7.654263,-0.108983,-0.035173,0.00906,-5.844246,7.489063,-3.701436,-1.68804,0.223562,1.596643
2026-08-19T15:35:13.069541+00:00,121749,Birendra,squat,good,squat_good,-6.86657,-0.565032,7.627927,-0.116178,-0.03544,0.013057,-5.114015,6.641516,-3.469198,-1.551345,0.22223,1.826867
2026-08-19T15:35:13.069541+00:00,121769,Birendra,squat,good,squat_good,-6.849811,-0.548272,7.642292,-0.113247,-0.039969,0.011458,-4.826711,7.558495,-3.234566,-1.387204,0.338407,1.878294
2026-08-19T15:35:13.069541+00:00,121790,Birendra,squat,good,squat_good,-6.813898,-0.560243,7.668628,-0.11298,-0.040236,0.012257,-4.867412,8.487445,-3.217807,-1.445292,0.424208,1.829265
2026-08-19T15:35:13.069541+00:00,121809,Birendra,squat,good,squat_good,-6.842628,-0.562637,7.654263,-0.115645,-0.038904,0.014123,-4.795586,8.755595,-3.145981,-1.596377,0.31336,1.850049
2026-08-19T15:35:13.069541+00:00,121829,Birendra,squat,good,squat_good,-6.823475,-0.577003,7.627927,-0.118043,-0.035706,0.014922,-4.10845,8.240842,-2.566584,-1.692303,0.309363,1.846052
2026-08-19T15:35:13.069541+00:00,121849,Birendra,squat,good,squat_good,-6.816292,-0.572214,7.613562,-0.115645,-0.039703,0.011724,-3.73256,8.312668,-2.329558,-1.634214,0.33068,1.890285
2026-08-19T15:35:13.069541+00:00,121869,Birendra,squat,good,squat_good,-6.833052,-0.567426,7.644686,-0.114579,-0.040236,0.010658,-3.423708,8.549694,-2.008735,-1.607302,0.402358,1.898012
2026-08-19T15:35:13.069541+00:00,121890,Birendra,squat,good,squat_good,-6.828263,-0.61531,7.637504,-0.116444,-0.037038,0.01359,-3.222595,8.985439,-1.683124,-1.627553,0.416214,1.880959
2026-08-19T15:35:13.069541+00:00,121909,Birendra,squat,good,squat_good,-6.835446,-0.584185,7.659051,-0.11751,-0.032242,0.014123,-3.119645,9.416395,-1.261744,-1.765314,0.37891,1.762916
2026-08-19T15:35:13.069541+00:00,121929,Birendra,squat,good,squat_good,-6.823475,-0.605733,7.659051,-0.120441,-0.032508,0.015721,-2.413355,8.777143,-0.639252,-1.910003,0.258469,1.695501
2026-08-19T15:35:13.069541+00:00,121949,Birendra,squat,good,squat_good,-6.818686,-0.588974,7.666234,-0.120974,-0.034107,0.015188,-1.824382,8.283937,-0.026336,-1.852181,0.279519,1.646738
2026-08-19T15:35:13.069541+00:00,121969,Birendra,squat,good,squat_good,-6.830657,-0.574608,7.666234,-0.119908,-0.040769,0.014655,-1.237802,8.224083,0.098162,-1.711488,0.318689,1.646738
2026-08-19T15:35:13.069541+00:00,121989,Birendra,squat,good,squat_good,-6.83784,-0.584185,7.671022,-0.119642,-0.034907,0.014655,-1.197101,9.205706,-0.004788,-1.616095,0.401293,1.566266
2026-08-19T15:35:13.069541+00:00,122010,Birendra,squat,good,squat_good,-6.83784,-0.612916,7.637504,-0.118309,-0.03464,0.01359,-1.290475,9.13388,0.31364,-1.689372,0.381041,1.529495
2026-08-19T15:35:13.069541+00:00,122029,Birendra,squat,good,squat_good,-6.852205,-0.620098,7.620744,-0.116178,-0.038637,0.00906,-0.919373,8.949526,0.955287,-1.722946,0.33068,1.559871
2026-08-19T15:35:13.069541+00:00,122049,Birendra,squat,good,squat_good,-6.823475,-0.605733,7.654263,-0.113513,-0.043167,0.002398,-0.203507,8.286332,1.367089,-1.558806,0.326949,1.611832
2026-08-19T15:35:13.069541+00:00,122069,Birendra,squat,good,squat_good,-6.835446,-0.586579,7.678205,-0.106585,-0.044499,0.002931,0.28491,9.121908,1.209072,-1.439164,0.358126,1.603305
2026-08-19T15:35:13.069541+00:00,122090,Birendra,squat,good,squat_good,-6.830657,-0.605733,7.651869,-0.100989,-0.046364,0.000533,0.610521,8.944737,1.623269,-1.531893,0.324551,1.529228
2026-08-19T15:35:13.069541+00:00,122110,Birendra,squat,good,squat_good,-6.854599,-0.627281,7.661446,-0.096459,-0.04823,-0.003997,0.840365,8.808268,1.980005,-1.538288,0.31256,1.435433
2026-08-19T15:41:57.774888+00:00,77530,Birendra,squat,good,squat_good,0.0,0.0,0.0,0.0,0.0,0.0,-8.324639,1.156399,-2.896984,-0.059155,-0.040502,0.017587
2026-08-19T15:41:57.774888+00:00,77550,Birendra,squat,good,squat_good,0.0,0.0,0.0,0.0,0.0,0.0,-8.367735,1.146823,-2.944868,-0.054092,-0.033308,0.012257
2026-08-19T15:41:57.774888+00:00,77571,Birendra,squat,good,squat_good,0.0,0.0,0.0,0.0,0.0,0.0,-8.418014,1.146823,-2.892196,-0.054358,-0.03544,0.005862
2026-08-19T15:41:57.774888+00:00,77594,Birendra,squat,good,squat_good,0.0,0.0,0.0,0.0,0.0,0.0,-8.372523,1.151611,-2.880225,-0.049296,-0.036505,0.005862
2026-08-19T15:41:57.774888+00:00,77610,Birendra,squat,good,squat_good,0.0,0.0,0.0,0.0,0.0,0.0,-8.317456,1.156399,-2.86586,-0.047697,-0.036505,0.01359
2026-08-19T15:41:57.774888+00:00,77630,Birendra,squat,good,squat_good,0.0,0.0,0.0,0.0,0.0,0.0,-8.298303,1.146823,-2.858677,-0.049296,-0.026646,0.020784
2026-08-19T15:41:57.774888+00:00,77650,Birendra,squat,good,squat_good,0.0,0.0,0.0,0.0,0.0,0.0,-8.35337,1.177947,-2.875436,-0.052227,-0.023449,0.026646
2026-08-19T15:41:57.774888+00:00,77671,Birendra,squat,good,squat_good,0.0,0.0,0.0,0.0,0.0,0.0,-8.391677,1.187524,-2.86586,-0.055691,-0.024781,0.024515
2026-08-19T15:41:57.774888+00:00,77690,Birendra,squat,good,squat_good,0.0,0.0,0.0,0.0,0.0,0.0,-8.384495,1.13964,-2.858677,-0.052227,-0.031176,0.022383
2026-08-19T15:41:57.774888+00:00,77710,Birendra,squat,good,squat_good,0.0,0.0,0.0,0.0,0.0,0.0,-8.386889,1.137246,-2.861071,-0.044233,-0.031443,0.025847
2026-08-19T15:41:57.774888+00:00,77730,Birendra,squat,good,squat_good,0.0,0.0,0.0,0.0,0.0,0.0,-8.389283,1.163582,-2.875436,-0.043966,-0.031176,0.03011
2026-08-19T15:41:57.774888+00:00,77750,Birendra,squat,good,squat_good,0.0,0.0,0.0,0.0,0.0,0.0,-8.336611,1.144428,-2.861071,-0.0437,-0.029844,0.03091
2026-08-19T15:41:57.774888+00:00,77771,Birendra,squat,good,squat_good,0.0,0.0,0.0,0.0,0.0,0.0,-8.37013,1.201889,-2.873042,-0.046098,-0.031975,0.029844
2026-08-19T15:41:57.774888+00:00,77791,Birendra,squat,good,squat_good,0.0,0.0,0.0,0.0,0.0,0.0,-8.41083,1.146823,-2.844312,-0.049562,-0.031709,0.022649
2026-08-19T15:41:57.774888+00:00,77810,Birendra,squat,good,squat_good,0.0,0.0,0.0,0.0,0.0,0.0,-8.413225,1.16837,-2.86586,-0.045299,-0.035972,0.015988
2026-08-19T15:41:57.774888+00:00,77830,Birendra,squat,good,squat_good,0.0,0.0,0.0,0.0,0.0,0.0,-8.406042,1.18513,-2.827552,-0.045565,-0.037038,0.007194
2026-08-19T15:41:57.774888+00:00,77850,Birendra,squat,good,squat_good,0.0,0.0,0.0,0.0,0.0,0.0,-8.374918,1.182736,-2.829947,-0.051161,-0.036239,0.008793
2026-08-19T15:41:57.774888+00:00,77871,Birendra,squat,good,squat_good,0.0,0.0,0.0,0.0,0.0,0.0,-8.415619,1.170765,-2.837129,-0.053559,-0.036772,0.006129
2026-08-19T15:41:57.774888+00:00,77891,Birendra,squat,good,squat_good,0.0,0.0,0.0,0.0,0.0,0.0,-8.42759,1.158794,-2.846706,-0.052493,-0.040502,0.004796
2026-08-19T15:41:57.774888+00:00,77910,Birendra,squat,good,squat_good,0.0,0.0,0.0,0.0,0.0,0.0,-8.408437,1.189918,-2.851494,-0.057822,-0.046897,0.003464
2026-08-19T15:41:57.774888+00:00,77931,Birendra,squat,good,squat_good,0.0,0.0,0.0,0.0,0.0,0.0,-8.394072,1.134852,-2.82037,-0.063418,-0.049029,0.007994
2026-08-19T15:41:57.774888+00:00,77950,Birendra,squat,good,squat_good,0.0,0.0,0.0,0.0,0.0,0.0,-8.365341,1.156399,-2.794033,-0.063951,-0.047697,0.009593
2026-08-19T15:41:57.774888+00:00,77971,Birendra,squat,good,squat_good,0.0,0.0,0.0,0.0,0.0,0.0,-8.348581,1.182736,-2.806004,-0.06102,-0.043433,0.010925
2026-08-19T15:41:57.774888+00:00,77991,Birendra,squat,good,squat_good,0.0,0.0,0.0,0.0,0.0,0.0,-8.374918,1.194707,-2.82037,-0.063685,-0.044233,0.005596
2026-08-19T15:41:57.774888+00:00,78010,Birendra,squat,good,squat_good,0.0,0.0,0.0,0.0,0.0,0.0,-8.389283,1.192312,-2.856283,-0.066349,-0.046364,-0.000799
2026-08-19T15:41:57.774888+00:00,78030,Birendra,squat,good,squat_good,0.0,0.0,0.0,0.0,0.0,0.0,-8.389283,1.177947,-2.851494,-0.071412,-0.051427,-0.005329
2026-08-19T15:41:57.774888+00:00,78050,Birendra,squat,good,squat_good,0.0,0.0,0.0,0.0,0.0,0.0,-8.39886,1.149217,-2.863465,-0.067948,-0.043966,-0.001066
2026-08-19T15:41:57.774888+00:00,78070,Birendra,squat,good,squat_good,0.0,0.0,0.0,0.0,0.0,0.0,-8.394072,1.149217,-2.853889,-0.065816,-0.040236,0.004263
2026-08-19T15:41:57.774888+00:00,78092,Birendra,squat,good,squat_good,0.0,0.0,0.0,0.0,0.0,0.0,-8.396465,1.146823,-2.86586,-0.062086,-0.033841,0.014922
2026-08-19T15:41:57.774888+00:00,83311,Birendra,squat,good,squat_good,0.0,0.0,0.0,0.0,0.0,0.0,-9.107543,2.087744,-0.869095,-0.083936,-0.188122,0.188655
2026-08-19T15:41:57.774888+00:00,83316,Birendra,squat,good,squat_good,0.0,0.0,0.0,0.0,0.0,0.0,-9.119514,2.063802,-0.828394,-0.101789,-0.193185,0.176931
2026-08-19T15:41:57.774888+00:00,83322,Birendra,squat,good,squat_good,0.0,0.0,0.0,0.0,0.0,0.0,-9.090784,2.047042,-0.806846,-0.114046,-0.198515,0.171069
2026-08-19T15:41:57.774888+00:00,83327,Birendra,squat,good,squat_good,0.0,0.0,0.0,0.0,0.0,0.0,-8.995016,2.044648,-0.826,-0.12577,-0.200913,0.168404
2026-08-19T15:41:57.774888+00:00,83333,Birendra,squat,good,squat_good,0.0,0.0,0.0,0.0,0.0,0.0,-8.868123,2.035071,-0.849942,-0.132165,-0.193985,0.167338
2026-08-19T15:41:57.774888+00:00,83338,Birendra,squat,good,squat_good,0.0,0.0,0.0,0.0,0.0,0.0,-8.798691,2.032677,-0.857124,-0.138294,-0.175066,0.162276
2026-08-19T15:41:57.774888+00:00,83344,Birendra,squat,good,squat_good,0.0,0.0,0.0,0.0,0.0,0.0,-8.793902,2.0231,-0.871489,-0.14389,-0.159345,0.156413
2026-08-19T15:41:57.774888+00:00,83349,Birendra,squat,good,squat_good,0.0,0.0,0.0,0.0,0.0,0.0,-8.815451,1.956063,-0.852336,-0.151351,-0.147354,0.153482
2026-08-19T15:41:57.774888+00:00,83355,Birendra,squat,good,squat_good,0.0,0.0,0.0,0.0,0.0,0.0,-8.791509,1.877054,-0.847547,-0.153482,-0.137495,0.15215
2026-08-19T15:41:57.774888+00:00,83360,Birendra,squat,good,squat_good,0.0,0.0,0.0,0.0,0.0,0.0,-8.774749,1.805228,-0.804452,-0.151884,-0.124438,0.145489
2026-08-19T15:41:57.774888+00:00,83366,Birendra,squat,good,squat_good,0.0,0.0,0.0,0.0,0.0,0.0,-8.779537,1.757344,-0.756568,-0.149485,-0.115911,0.142025
2026-08-19T15:41:57.774888+00:00,83371,Birendra,squat,good,squat_good,0.0,0.0,0.0,0.0,0.0,0.0,-8.767567,1.656788,-0.73502,-0.145755,-0.10925,0.139626
2026-08-19T15:41:57.774888+00:00,83377,Birendra,squat,good,squat_good,0.0,0.0,0.0,0.0,0.0,0.0,-8.746018,1.620875,-0.70629,-0.138028,-0.103121,0.137761
2026-08-19T15:41:57.774888+00:00,83382,Birendra,squat,good,squat_good,0.0,0.0,0.0,0.0,0.0,0.0,-8.789114,1.553837,-0.670376,-0.123905,-0.099923,0.134031
2026-08-19T15:41:57.774888+00:00,83388,Birendra,squat,good,squat_good,0.0,0.0,0.0,0.0,0.0,0.0,-8.753201,1.522712,-0.648829,-0.107917,-0.098058,0.134564
2026-08-19T15:41:57.774888+00:00,83394,Birendra,squat,good,squat_good,0.0,0.0,0.0,0.0,0.0,0.0,-8.664616,1.505953,-0.656011,-0.089265,-0.092196,0.135096
2026-08-19T15:41:57.774888+00:00,83400,Birendra,squat,good,squat_good,0.0,0.0,0.0,0.0,0.0,0.0,-8.616732,1.529895,-0.632069,-0.075409,-0.081538,0.133498
2026-08-19T15:41:57.774888+00:00,83406,Birendra,squat,good,squat_good,0.0,0.0,0.0,0.0,0.0,0.0,-8.633492,1.580173,-0.610521,-0.065017,-0.072744,0.126836
2026-08-19T15:41:57.774888+00:00,83412,Birendra,squat,good,squat_good,0.0,0.0,0.0,0.0,0.0,0.0,-8.655039,1.666364,-0.648829,-0.060753,-0.066882,0.115378
2026-08-19T15:41:57.774888+00:00,83417,Birendra,squat,good,squat_good,0.0,0.0,0.0,0.0,0.0,0.0,-8.674192,1.752556,-0.641646,-0.066083,-0.063152,0.103387
2026-08-19T15:41:57.774888+00:00,83423,Birendra,squat,good,squat_good,0.0,0.0,0.0,0.0,0.0,0.0,-8.714894,1.843535,-0.670376,-0.081271,-0.063152,0.083936
2026-08-19T15:41:57.851464+00:00,83999,Birendra,squat,good,squat_good,0.0,0.0,0.0,0.0,0.0,0.0,-9.076419,1.074997,-0.167594,-0.018652,-0.140426,-0.129501
2026-08-19T15:41:57.851464+00:00,84004,Birendra,squat,good,squat_good,0.0,0.0,0.0,0.0,0.0,0.0,-9.121908,1.130063,-0.198719,0.007727,-0.142557,-0.129501
2026-08-19T15:41:57.851464+00:00,84010,Birendra,squat,good,squat_good,0.0,0.0,0.0,0.0,0.0,0.0,-9.203311,1.244985,-0.222661,0.034907,-0.14842,-0.128168
2026-08-19T15:41:57.851464+00:00,84015,Birendra,squat,good,squat_good,0.0,0.0,0.0,0.0,0.0,0.0,-9.325416,1.326388,-0.241814,0.054358,-0.159877,-0.125237
2026-08-19T15:41:57.851464+00:00,84024,Birendra,squat,good,squat_good,0.0,0.0,0.0,0.0,0.0,0.0,-9.397242,1.335965,-0.237026,0.070346,-0.171335,-0.115911
2026-08-19T15:41:57.851464+00:00,84030,Birendra,squat,good,squat_good,0.0,0.0,0.0,0.0,0.0,0.0,-9.504981,1.359907,-0.19393,0.102588,-0.189721,-0.086334
2026-08-19T15:41:57.851464+00:00,84035,Birendra,squat,good,squat_good,0.0,0.0,0.0,0.0,0.0,0.0,-9.504981,1.398214,-0.220267,0.124438,-0.20038,-0.062086
2026-08-19T15:41:57.851464+00:00,84041,Birendra,squat,good,squat_good,0.0,0.0,0.0,0.0,0.0,0.0,-9.454702,1.47004,-0.287304,0.149485,-0.207041,-0.029577
2026-08-19T15:41:57.851464+00:00,84047,Birendra,squat,good,squat_good,0.0,0.0,0.0,0.0,0.0,0.0,-9.414001,1.493982,-0.339977,0.172934,-0.204643,0.004796
2026-08-19T15:41:57.851464+00:00,83479,Birendra,squat,good,squat_good,0.0,0.0,0.0,0.0,0.0,0.0,-8.959103,1.448492,-0.727837,-0.228358,-0.114046,-0.114845
2026-08-19T15:41:57.851464+00:00,83485,Birendra,squat,good,squat_good,0.0,0.0,0.0,0.0,0.0,0.0,-8.939949,1.45328,-0.725443,-0.220631,-0.109516,-0.111115
2026-08-19T15:41:57.851464+00:00,83491,Birendra,squat,good,squat_good,0.0,0.0,0.0,0.0,0.0,0.0,-8.961497,1.489193,-0.730232,-0.207841,-0.101256,-0.106052
2026-08-19T15:41:57.851464+00:00,83497,Birendra,squat,good,squat_good,0.0,0.0,0.0,0.0,0.0,0.0,-8.975863,1.493982,-0.761356,-0.194518,-0.094328,-0.10019
2026-08-19T15:41:57.851464+00:00,83503,Birendra,squat,good,squat_good,0.0,0.0,0.0,0.0,0.0,0.0,-8.992621,1.513135,-0.766145,-0.180928,-0.089265,-0.090864
2026-08-19T15:41:57.851464+00:00,83509,Birendra,squat,good,squat_good,0.0,0.0,0.0,0.0,0.0,0.0,-8.959103,1.534683,-0.775721,-0.168138,-0.084735,-0.081538
2026-08-19T15:41:57.851464+00:00,83514,Birendra,squat,good,squat_good,0.0,0.0,0.0,0.0,0.0,0.0,-8.971074,1.551443,-0.816423,-0.154548,-0.076741,-0.07834
2026-08-19T15:41:57.851464+00:00,83520,Birendra,squat,good,squat_good,0.0,0.0,0.0,0.0,0.0,0.0,-9.023746,1.613692,-0.830788,-0.145222,-0.070879,-0.077541
2026-08-19T15:41:57.851464+00:00,83526,Birendra,squat,good,squat_good,0.0,0.0,0.0,0.0,0.0,0.0,-9.112331,1.671153,-0.830788,-0.136962,-0.070346,-0.075675
2026-08-19T15:41:57.851464+00:00,83531,Birendra,squat,good,squat_good,0.0,0.0,0.0,0.0,0.0,0.0,-9.153033,1.702277,-0.833182,-0.132965,-0.073544,-0.074077
2026-08-19T15:41:57.851464+00:00,83537,Birendra,squat,good,squat_good,0.0,0.0,0.0,0.0,0.0,0.0,-9.167398,1.740585,-0.806846,-0.131632,-0.076741,-0.072478
2026-08-19T15:41:57.851464+00:00,83542,Birendra,squat,good,squat_good,0.0,0.0,0.0,0.0,0.0,0.0,-9.167398,1.73819,-0.80924,-0.1311,-0.078873,-0.074077
2026-08-19T15:41:57.851464+00:00,83548,Birendra,squat,good,squat_good,0.0,0.0,0.0,0.0,0.0,0.0,-9.196129,1.750161,-0.802058,-0.132965,-0.082603,-0.079406
2026-08-19T15:41:57.851464+00:00,83553,Birendra,squat,good,squat_good,0.0,0.0,0.0,0.0,0.0,0.0,-9.229648,1.745373,-0.785298,-0.133498,-0.085801,-0.088466
2026-08-19T15:41:57.851464+00:00,83559,Birendra,squat,good,squat_good,0.0,0.0,0.0,0.0,0.0,0.0,-9.260772,1.75495,-0.766145,-0.13483,-0.089798,-0.094861
2026-08-19T15:41:57.851464+00:00,83564,Birendra,squat,good,squat_good,0.0,0.0,0.0,0.0,0.0,0.0,-9.287108,1.778892,-0.751779,-0.138294,-0.096459,-0.102588
2026-08-19T15:41:57.851464+00:00,83570,Birendra,squat,good,squat_good,0.0,0.0,0.0,0.0,0.0,0.0,-9.301474,1.747767,-0.703895,-0.142025,-0.102055,-0.106851
2026-08-19T15:41:57.851464+00:00,83575,Birendra,squat,good,squat_good,0.0,0.0,0.0,0.0,0.0,0.0,-9.299079,1.68073,-0.663194,-0.142824,-0.107118,-0.110049
2026-08-19T15:41:57.851464+00:00,83581,Birendra,squat,good,squat_good,0.0,0.0,0.0,0.0,0.0,0.0,-9.279925,1.651999,-0.634463,-0.13936,-0.10925,-0.108717
2026-08-19T15:41:57.851464+00:00,83586,Birendra,squat,good,squat_good,0.0,0.0,0.0,0.0,0.0,0.0,-9.267955,1.632846,-0.596156,-0.1311,-0.111381,-0.104187
2026-08-19T15:41:57.851464+00:00,83592,Birendra,squat,good,squat_good,0.0,0.0,0.0,0.0,0.0,0.0,-9.267955,1.654393,-0.574608,-0.123372,-0.110582,-0.098591
2026-08-19T15:41:57.851464+00:00,83597,Birendra,squat,good,squat_good,0.0,0.0,0.0,0.0,0.0,0.0,-9.26556,1.678335,-0.565032,-0.111914,-0.108717,-0.090064
2026-08-19T15:41:57.851464+00:00,83603,Birendra,squat,good,squat_good,0.0,0.0,0.0,0.0,0.0,0.0,-9.255983,1.678335,-0.526724,-0.101789,-0.108184,-0.081005
2026-08-19T15:41:57.851464+00:00,83609,Birendra,squat,good,squat_good,0.0,0.0,0.0,0.0,0.0,0.0,-9.239224,1.711854,-0.526724,-0.090597,-0.105786,-0.072211
2026-08-19T15:41:57.851464+00:00,83617,Birendra,squat,good,squat_good,0.0,0.0,0.0,0.0,0.0,0.0,-9.224859,1.742979,-0.514753,-0.07381,-0.103387,-0.063685
2026-08-19T15:41:57.851464+00:00,83624,Birendra,squat,good,squat_good,0.0,0.0,0.0,0.0,0.0,0.0,-9.203311,1.776498,-0.512359,-0.061286,-0.099657,-0.05276
2026-08-19T15:41:57.851464+00:00,83630,Birendra,squat,good,squat_good,0.0,0.0,0.0,0.0,0.0,0.0,-9.210494,1.810017,-0.481235,-0.051161,-0.098591,-0.044499
2026-08-19T15:41:57.851464+00:00,83635,Birendra,squat,good,squat_good,0.0,0.0,0.0,0.0,0.0,0.0,-9.196129,1.87466,-0.493206,-0.043167,-0.097525,-0.036772
2026-08-19T15:41:57.851464+00:00,83641,Birendra,squat,good,squat_good,0.0,0.0,0.0,0.0,0.0,0.0,-9.165004,1.936909,-0.488417,-0.034907,-0.094061,-0.032242
2026-08-19T15:41:57.851464+00:00,83646,Birendra,squat,good,squat_good,0.0,0.0,0.0,0.0,0.0,0.0,-9.172187,1.991976,-0.469264,-0.029844,-0.090064,-0.029044
2026-08-19T15:41:57.851464+00:00,83652,Birendra,squat,good,squat_good,0.0,0.0,0.0,0.0,0.0,0.0,-9.239224,2.0231,-0.440533,-0.027979,-0.092196,-0.02638
2026-08-19T15:41:57.851464+00:00,83658,Birendra,squat,good,squat_good,0.0,0.0,0.0,0.0,0.0,0.0,-9.248801,2.056619,-0.433351,-0.028778,-0.098858,-0.024248
2026-08-19T15:41:57.851464+00:00,83663,Birendra,squat,good,squat_good,0.0,0.0,0.0,0.0,0.0,0.0,-9.222465,2.090138,-0.445322,-0.027712,-0.10472,-0.022383
2026-08-19T15:41:57.851464+00:00,83669,Birendra,squat,good,squat_good,0.0,0.0,0.0,0.0,0.0,0.0,-9.196129,2.121263,-0.42138,-0.02638,-0.106319,-0.023182
2026-08-19T15:41:57.851464+00:00,83674,Birendra,squat,good,squat_good,0.0,0.0,0.0,0.0,0.0,0.0,-9.179369,2.197877,-0.447716,-0.027979,-0.105519,-0.023715
2026-08-19T15:41:57.851464+00:00,83680,Birendra,squat,good,squat_good,0.0,0.0,0.0,0.0,0.0,0.0,-9.205706,2.296039,-0.457293,-0.036772,-0.106319,-0.024248
2026-08-19T15:41:57.851464+00:00,83685,Birendra,squat,good,squat_good,0.0,0.0,0.0,0.0,0.0,0.0,-9.239224,2.331953,-0.474052,-0.054358,-0.111914,-0.027979
2026-08-19T15:41:57.851464+00:00,83691,Birendra,squat,good,squat_good,0.0,0.0,0.0,0.0,0.0,0.0,-9.239224,2.343924,-0.512359,-0.067681,-0.118842,-0.032775
2026-08-19T15:41:57.851464+00:00,83697,Birendra,squat,good,squat_good,0.0,0.0,0.0,0.0,0.0,0.0,-9.215282,2.298434,-0.490811,-0.08207,-0.12657,-0.037305
2026-08-19T15:41:57.851464+00:00,83703,Birendra,squat,good,squat_good,0.0,0.0,0.0,0.0,0.0,0.0,-9.186552,2.255338,-0.452504,-0.088199,-0.128168,-0.038371
2026-08-19T15:41:57.851464+00:00,83708,Birendra,squat,good,squat_good,0.0,0.0,0.0,0.0,0.0,0.0,-9.184157,2.1883,-0.486023,-0.093528,-0.126037,-0.037305
2026-08-19T15:41:57.932035+00:00,83715,Birendra,squat,good,squat_good,0.0,0.0,0.0,0.0,0.0,0.0,-9.174581,2.142811,-0.47884,-0.092729,-0.124704,-0.034107
2026-08-19T15:41:57.932035+00:00,83720,Birendra,squat,good,squat_good,0.0,0.0,0.0,0.0,0.0,0.0,-9.181764,2.11408,-0.454898,-0.087933,-0.123372,-0.024515
2026-08-19T15:41:57.932035+00:00,83726,Birendra,squat,good,squat_good,0.0,0.0,0.0,0.0,0.0,0.0,-9.165004,2.104503,-0.459687,-0.08207,-0.119109,-0.016254
2026-08-19T15:41:57.932035+00:00,83731,Birendra,squat,good,squat_good,0.0,0.0,0.0,0.0,0.0,0.0,-9.138668,2.145205,-0.471658,-0.075942,-0.112714,-0.007727
2026-08-19T15:41:57.932035+00:00,83737,Birendra,squat,good,squat_good,0.0,0.0,0.0,0.0,0.0,0.0,-9.13388,2.176329,-0.483629,-0.07381,-0.10925,-0.002132
2026-08-19T15:41:57.932035+00:00,83743,Birendra,squat,good,squat_good,0.0,0.0,0.0,0.0,0.0,0.0,-9.13388,2.193089,-0.486023,-0.071945,-0.107384,0.00373
2026-08-19T15:41:57.932035+00:00,83748,Birendra,squat,good,squat_good,0.0,0.0,0.0,0.0,0.0,0.0,-9.129091,2.169147,-0.500388,-0.070613,-0.106851,0.008527
2026-08-19T15:41:57.932035+00:00,83754,Birendra,squat,good,squat_good,0.0,0.0,0.0,0.0,0.0,0.0,-9.093178,2.166753,-0.500388,-0.067149,-0.106319,0.014123
2026-08-19T15:41:57.932035+00:00,83759,Birendra,squat,good,squat_good,0.0,0.0,0.0,0.0,0.0,0.0,-9.0429,2.183512,-0.514753,-0.063418,-0.103654,0.017054
2026-08-19T15:41:57.932035+00:00,83765,Birendra,squat,good,squat_good,0.0,0.0,0.0,0.0,0.0,0.0,-9.045294,2.231396,-0.521936,-0.060221,-0.099657,0.018386
2026-08-19T15:41:57.932035+00:00,83770,Birendra,squat,good,squat_good,0.0,0.0,0.0,0.0,0.0,0.0,-9.045294,2.245761,-0.529119,-0.060221,-0.097792,0.01732
2026-08-19T15:41:57.932035+00:00,83776,Birendra,squat,good,squat_good,0.0,0.0,0.0,0.0,0.0,0.0,-9.054871,2.221819,-0.514753,-0.062619,-0.097792,0.014922
2026-08-19T15:41:57.932035+00:00,83781,Birendra,squat,good,squat_good,0.0,0.0,0.0,0.0,0.0,0.0,-9.064447,2.219425,-0.512359,-0.065816,-0.099657,0.010126
2026-08-19T15:41:57.932035+00:00,83787,Birendra,squat,good,squat_good,0.0,0.0,0.0,0.0,0.0,0.0,-9.0429,2.190695,-0.497994,-0.067415,-0.101256,0.005596
2026-08-19T15:41:57.932035+00:00,83792,Birendra,squat,good,squat_good,0.0,0.0,0.0,0.0,0.0,0.0,-9.050082,2.181118,-0.47884,-0.070879,-0.101256,0.0
2026-08-19T15:41:57.932035+00:00,83798,Birendra,squat,good,squat_good,0.0,0.0,0.0,0.0,0.0,0.0,-9.064447,2.149993,-0.505177,-0.070613,-0.102055,-0.003464
2026-08-19T15:41:57.932035+00:00,83803,Birendra,squat,good,squat_good,0.0,0.0,0.0,0.0,0.0,0.0,-9.07163,2.126051,-0.519542,-0.06928,-0.103654,-0.002665
2026-08-19T15:41:57.932035+00:00,83810,Birendra,squat,good,squat_good,0.0,0.0,0.0,0.0,0.0,0.0,-9.057265,2.138022,-0.519542,-0.068481,-0.104453,-0.002398
2026-08-19T15:41:57.932035+00:00,83819,Birendra,squat,good,squat_good,0.0,0.0,0.0,0.0,0.0,0.0,-9.076419,2.152387,-0.519542,-0.067149,-0.10392,-0.002931
2026-08-19T15:41:57.932035+00:00,83825,Birendra,squat,good,squat_good,0.0,0.0,0.0,0.0,0.0,0.0,-9.064447,2.133234,-0.526724,-0.06475,-0.102055,-0.002931
2026-08-19T15:41:57.932035+00:00,83831,Birendra,squat,good,squat_good,0.0,0.0,0.0,0.0,0.0,0.0,-9.062054,2.087744,-0.507571,-0.061819,-0.100723,-0.001865
2026-08-19T15:41:57.932035+00:00,83836,Birendra,squat,good,squat_good,0.0,0.0,0.0,0.0,0.0,0.0,-9.062054,2.066196,-0.493206,-0.058089,-0.097792,0.000266
2026-08-19T15:41:57.932035+00:00,83842,Birendra,squat,good,squat_good,0.0,0.0,0.0,0.0,0.0,0.0,-9.052477,2.070984,-0.464475,-0.053026,-0.094861,0.005862
2026-08-19T15:41:57.932035+00:00,83847,Birendra,squat,good,squat_good,0.0,0.0,0.0,0.0,0.0,0.0,-9.0429,2.102109,-0.430956,-0.051161,-0.091663,0.009326
2026-08-19T15:41:57.932035+00:00,83853,Birendra,squat,good,squat_good,0.0,0.0,0.0,0.0,0.0,0.0,-9.090784,2.094927,-0.418985,-0.054891,-0.092462,0.011724
2026-08-19T15:41:57.932035+00:00,83858,Birendra,squat,good,squat_good,0.0,0.0,0.0,0.0,0.0,0.0,-9.074024,2.03986,-0.440533,-0.053825,-0.099923,0.014123
2026-08-19T15:41:57.932035+00:00,83864,Birendra,squat,good,squat_good,0.0,0.0,0.0,0.0,0.0,0.0,-9.016563,2.001553,-0.426168,-0.050361,-0.100989,0.015988
2026-08-19T15:41:57.932035+00:00,83869,Birendra,squat,good,squat_good,0.0,0.0,0.0,0.0,0.0,0.0,-8.983045,1.999158,-0.399832,-0.045832,-0.095394,0.017853
2026-08-19T15:41:57.932035+00:00,83875,Birendra,squat,good,squat_good,0.0,0.0,0.0,0.0,0.0,0.0,-8.995016,2.0231,-0.402226,-0.045832,-0.091397,0.021583
2026-08-19T15:41:57.932035+00:00,83881,Birendra,squat,good,squat_good,0.0,0.0,0.0,0.0,0.0,0.0,-8.99741,2.066196,-0.351948,-0.049029,-0.088732,0.023715
2026-08-19T15:41:57.932035+00:00,83887,Birendra,squat,good,squat_good,0.0,0.0,0.0,0.0,0.0,0.0,-8.978256,2.133234,-0.294487,-0.061286,-0.089265,0.021583
2026-08-19T15:41:57.932035+00:00,83892,Birendra,squat,good,squat_good,0.0,0.0,0.0,0.0,0.0,0.0,-8.973468,2.164358,-0.289698,-0.075675,-0.088732,0.017587
2026-08-19T15:41:57.932035+00:00,83898,Birendra,squat,good,squat_good,0.0,0.0,0.0,0.0,0.0,0.0,-9.009381,2.178724,-0.246603,-0.095394,-0.087666,0.009326
2026-08-19T15:41:57.932035+00:00,83903,Birendra,squat,good,squat_good,0.0,0.0,0.0,0.0,0.0,0.0,-9.062054,2.200271,-0.253785,-0.112714,-0.087666,0.001332
2026-08-19T15:41:57.932035+00:00,83909,Birendra,squat,good,squat_good,0.0,0.0,0.0,0.0,0.0,0.0,-9.176975,2.252944,-0.277727,-0.136695,-0.090597,-0.010658
2026-08-19T15:41:57.932035+00:00,83915,Birendra,squat,good,squat_good,0.0,0.0,0.0,0.0,0.0,0.0,-9.296685,2.226608,-0.306458,-0.163874,-0.098858,-0.02638
2026-08-19T15:41:57.932035+00:00,83921,Birendra,squat,good,squat_good,0.0,0.0,0.0,0.0,0.0,0.0,-9.387665,2.185906,-0.320823,-0.191853,-0.112181,-0.046098
2026-08-19T15:41:57.932035+00:00,83927,Birendra,squat,good,squat_good,0.0,0.0,0.0,0.0,0.0,0.0,-9.382876,2.047042,-0.318429,-0.213436,-0.126037,-0.06475
2026-08-19T15:41:57.932035+00:00,83932,Birendra,squat,good,squat_good,0.0,0.0,0.0,0.0,0.0,0.0,-9.354146,1.944092,-0.289698,-0.227825,-0.133231,-0.079406
2026-08-19T15:41:57.932035+00:00,83938,Birendra,squat,good,squat_good,0.0,0.0,0.0,0.0,0.0,0.0,-9.296685,1.860295,-0.299275,-0.23955,-0.134564,-0.095926
2026-08-19T15:41:57.932035+00:00,83943,Birendra,squat,good,squat_good,0.0,0.0,0.0,0.0,0.0,0.0,-9.323022,1.776498,-0.263362,-0.246744,-0.132165,-0.114579
2026-08-19T15:41:57.932035+00:00,83949,Birendra,squat,good,squat_good,0.0,0.0,0.0,0.0,0.0,0.0,-9.382876,1.66397,-0.237026,-0.249942,-0.133764,-0.126037
2026-08-19T15:41:57.932035+00:00,83954,Birendra,squat,good,squat_good,0.0,0.0,0.0,0.0,0.0,0.0,-9.387665,1.462857,-0.203507,-0.241948,-0.139093,-0.134297
2026-08-19T15:41:57.932035+00:00,83960,Birendra,squat,good,squat_good,0.0,0.0,0.0,0.0,0.0,0.0,-9.308656,1.33357,-0.162806,-0.225161,-0.140959,-0.135896
2026-08-19T15:41:57.932035+00:00,83965,Birendra,squat,good,squat_good,0.0,0.0,0.0,0.0,0.0,0.0,-9.215282,1.228225,-0.107739,-0.198248,-0.136429,-0.134297
2026-08-19T15:41:57.932035+00:00,83971,Birendra,squat,good,squat_good,0.0,0.0,0.0,0.0,0.0,0.0,-9.16261,1.16837,-0.057461,-0.171868,-0.133764,-0.133764
2026-08-19T15:41:57.932035+00:00,83976,Birendra,squat,good,squat_good,0.0,0.0,0.0,0.0,0.0,0.0,-9.157822,1.125275,-0.035913,-0.139626,-0.135096,-0.1311
2026-08-19T15:41:57.932035+00:00,83982,Birendra,squat,good,squat_good,0.0,0.0,0.0,0.0,0.0,0.0,-9.100361,1.09415,-0.031125,-0.111648,-0.140426,-0.127902
2026-08-19T15:41:57.932035+00:00,83987,Birendra,squat,good,squat_good,0.0,0.0,0.0,0.0,0.0,0.0,-9.028535,1.053449,-0.071826,-0.077274,-0.142557,-0.127103
2026-08-19T15:41:57.932035+00:00,83993,Birendra,squat,good,squat_good,0.0,0.0,0.0,0.0,0.0,0.0,-9.035717,1.046266,-0.107739,-0.050628,-0.140692,-0.127103
2026-08-19T15:41:58.100080+00:00,83999,Birendra,squat,good,squat_good,0.0,0.0,0.0,0.0,0.0,0.0,-9.076419,1.074997,-0.167594,-0.018652,-0.140426,-0.129501
2026-08-19T15:41:58.100080+00:00,84004,Birendra,squat,good,squat_good,0.0,0.0,0.0,0.0,0.0,0.0,-9.121908,1.130063,-0.198719,0.007727,-0.142557,-0.129501
2026-08-19T15:41:58.100080+00:00,84010,Birendra,squat,good,squat_good,0.0,0.0,0.0,0.0,0.0,0.0,-9.203311,1.244985,-0.222661,0.034907,-0.14842,-0.128168
2026-08-19T15:41:58.100080+00:00,84015,Birendra,squat,good,squat_good,0.0,0.0,0.0,0.0,0.0,0.0,-9.325416,1.326388,-0.241814,0.054358,-0.159877,-0.125237
2026-08-19T15:41:58.100080+00:00,84024,Birendra,squat,good,squat_good,0.0,0.0,0.0,0.0,0.0,0.0,-9.397242,1.335965,-0.237026,0.070346,-0.171335,-0.115911
2026-08-19T15:41:58.100080+00:00,84030,Birendra,squat,good,squat_good,0.0,0.0,0.0,0.0,0.0,0.0,-9.504981,1.359907,-0.19393,0.102588,-0.189721,-0.086334
2026-08-19T15:41:58.100080+00:00,84035,Birendra,squat,good,squat_good,0.0,0.0,0.0,0.0,0.0,0.0,-9.504981,1.398214,-0.220267,0.124438,-0.20038,-0.062086
2026-08-19T15:41:58.100080+00:00,84041,Birendra,squat,good,squat_good,0.0,0.0,0.0,0.0,0.0,0.0,-9.454702,1.47004,-0.287304,0.149485,-0.207041,-0.029577
2026-08-19T15:41:58.100080+00:00,84047,Birendra,squat,good,squat_good,0.0,0.0,0.0,0.0,0.0,0.0,-9.414001,1.493982,-0.339977,0.172934,-0.204643,0.004796
2026-08-19T15:41:58.100080+00:00,84053,Birendra,squat,good,squat_good,0.0,0.0,0.0,0.0,0.0,0.0,-9.351752,1.54426,-0.395043,0.197982,-0.200646,0.038637
2026-08-19T15:41:58.100080+00:00,84061,Birendra,squat,good,squat_good,0.0,0.0,0.0,0.0,0.0,0.0,-9.294291,1.683124,-0.459687,0.228092,-0.188922,0.083936
2026-08-19T15:41:58.100080+00:00,84067,Birendra,squat,good,squat_good,0.0,0.0,0.0,0.0,0.0,0.0,-9.270349,1.78368,-0.4956,0.240882,-0.181194,0.103387
2026-08-19T15:41:58.100080+00:00,84075,Birendra,squat,good,squat_good,0.0,0.0,0.0,0.0,0.0,0.0,-9.270349,1.812411,-0.512359,0.251541,-0.176398,0.127369
2026-08-19T15:41:58.100080+00:00,84082,Birendra,squat,good,squat_good,0.0,0.0,0.0,0.0,0.0,0.0,-9.136273,1.716643,-0.500388,0.264331,-0.178796,0.167072
2026-08-19T15:41:58.100080+00:00,84089,Birendra,squat,good,squat_good,0.0,0.0,0.0,0.0,0.0,0.0,-8.966286,1.654393,-0.507571,0.280319,-0.171602,0.186524
2026-08-19T15:41:58.100080+00:00,84096,Birendra,squat,good,squat_good,0.0,0.0,0.0,0.0,0.0,0.0,-8.875306,1.678335,-0.52433,0.300303,-0.153216,0.207574
2026-08-19T15:41:58.100080+00:00,84104,Birendra,squat,good,squat_good,0.0,0.0,0.0,0.0,0.0,0.0,-8.887277,1.786075,-0.52433,0.311228,-0.139893,0.217433
2026-08-19T15:41:58.100080+00:00,84110,Birendra,squat,good,squat_good,0.0,0.0,0.0,0.0,0.0,0.0,-8.872911,1.975216,-0.605733,0.304034,-0.134031,0.210505
2026-08-19T15:41:58.100080+00:00,84115,Birendra,squat,good,squat_good,0.0,0.0,0.0,0.0,0.0,0.0,-8.896853,2.099715,-0.617704,0.288312,-0.132965,0.196116
2026-08-19T15:41:58.100080+00:00,84121,Birendra,squat,good,squat_good,0.0,0.0,0.0,0.0,0.0,0.0,-8.896853,2.166753,-0.653617,0.259268,-0.136429,0.174266
2026-08-19T15:41:58.100080+00:00,84127,Birendra,squat,good,squat_good,0.0,0.0,0.0,0.0,0.0,0.0,-8.908825,2.171541,-0.663194,0.228625,-0.144423,0.156147
2026-08-19T15:41:58.100080+00:00,84133,Birendra,squat,good,squat_good,0.0,0.0,0.0,0.0,0.0,0.0,-8.836999,2.133234,-0.667982,0.203044,-0.155081,0.150018
2026-08-19T15:41:58.100080+00:00,84139,Birendra,squat,good,squat_good,0.0,0.0,0.0,0.0,0.0,0.0,-8.726865,2.149993,-0.648829,0.184392,-0.152417,0.145222
2026-08-19T15:41:58.100080+00:00,84147,Birendra,squat,good,squat_good,0.0,0.0,0.0,0.0,0.0,0.0,-8.686164,2.243367,-0.632069,0.166806,-0.13936,0.135629
2026-08-19T15:41:58.100080+00:00,84153,Birendra,squat,good,squat_good,0.0,0.0,0.0,0.0,0.0,0.0,-8.717288,2.346318,-0.663194,0.147887,-0.132965,0.117243
2026-08-19T15:41:58.100080+00:00,84161,Birendra,squat,good,squat_good,0.0,0.0,0.0,0.0,0.0,0.0,-8.731653,2.434903,-0.699107,0.120441,-0.1311,0.093262
2026-08-19T15:41:58.100080+00:00,84167,Birendra,squat,good,squat_good,0.0,0.0,0.0,0.0,0.0,0.0,-8.772355,2.463634,-0.670376,0.070346,-0.134564,0.062885
2026-08-19T15:41:58.100080+00:00,84175,Birendra,squat,good,squat_good,0.0,0.0,0.0,0.0,0.0,0.0,-8.827422,2.367866,-0.600945,0.020784,-0.144689,0.041302
2026-08-19T15:41:58.100080+00:00,84183,Birendra,squat,good,squat_good,0.0,0.0,0.0,0.0,0.0,0.0,-8.805874,2.25055,-0.509965,-0.023182,-0.158279,0.025847
2026-08-19T15:41:58.100080+00:00,84189,Birendra,squat,good,squat_good,0.0,0.0,0.0,0.0,0.0,0.0,-8.74123,2.066196,-0.426168,-0.049562,-0.163342,0.024248
2026-08-19T15:41:58.100080+00:00,84195,Birendra,squat,good,squat_good,0.0,0.0,0.0,0.0,0.0,0.0,-8.710106,1.934515,-0.35913,-0.056757,-0.160144,0.023982
2026-08-19T15:41:58.100080+00:00,84201,Birendra,squat,good,squat_good,0.0,0.0,0.0,0.0,0.0,0.0,-8.719683,1.831564,-0.287304,-0.053292,-0.151084,0.028778
2026-08-19T15:41:58.100080+00:00,84206,Birendra,squat,good,squat_good,0.0,0.0,0.0,0.0,0.0,0.0,-8.750807,1.776498,-0.227449,-0.046631,-0.142291,0.037305
2026-08-19T15:41:58.100080+00:00,84213,Birendra,squat,good,squat_good,0.0,0.0,0.0,0.0,0.0,0.0,-8.801085,1.769315,-0.181959,-0.033308,-0.1303,0.050361
2026-08-19T15:41:58.100080+00:00,84221,Birendra,squat,good,squat_good,0.0,0.0,0.0,0.0,0.0,0.0,-8.882488,1.798046,-0.126893,-0.012257,-0.118842,0.071678
2026-08-19T15:41:58.100080+00:00,84228,Birendra,squat,good,squat_good,0.0,0.0,0.0,0.0,0.0,0.0,-8.947132,1.798046,-0.134075,0.002398,-0.115645,0.084469
2026-08-19T15:41:58.100080+00:00,84234,Birendra,squat,good,squat_good,0.0,0.0,0.0,0.0,0.0,0.0,-8.980651,1.788469,-0.141258,0.021583,-0.114312,0.102055
2026-08-19T15:41:58.100080+00:00,84239,Birendra,squat,good,squat_good,0.0,0.0,0.0,0.0,0.0,0.0,-8.959103,1.798046,-0.220267,0.0429,-0.106585,0.122306
2026-08-19T15:41:58.100080+00:00,84245,Birendra,squat,good,squat_good,0.0,0.0,0.0,0.0,0.0,0.0,-8.937555,1.853112,-0.289698,0.060753,-0.096726,0.13936
2026-08-19T15:41:58.100080+00:00,84250,Birendra,squat,good,squat_good,0.0,0.0,0.0,0.0,0.0,0.0,-8.947132,2.001553,-0.325611,0.076475,-0.081005,0.154282
2026-08-19T15:41:58.100080+00:00,84256,Birendra,squat,good,squat_good,0.0,0.0,0.0,0.0,0.0,0.0,-8.995016,2.116474,-0.3304,0.084469,-0.070346,0.161743
2026-08-19T15:41:58.100080+00:00,84261,Birendra,squat,good,squat_good,0.0,0.0,0.0,0.0,0.0,0.0,-9.01417,2.296039,-0.344765,0.083136,-0.063685,0.166539
2026-08-19T15:41:58.100080+00:00,84267,Birendra,squat,good,squat_good,0.0,0.0,0.0,0.0,0.0,0.0,-9.045294,2.41575,-0.361524,0.075675,-0.062619,0.163342
2026-08-19T15:41:58.100080+00:00,84273,Birendra,squat,good,squat_good,0.0,0.0,0.0,0.0,0.0,0.0,-9.045294,2.480393,-0.35913,0.057023,-0.062352,0.151884
2026-08-19T15:41:58.100080+00:00,84278,Birendra,squat,good,squat_good,0.0,0.0,0.0,0.0,0.0,0.0,-9.028535,2.449268,-0.31364,0.039703,-0.063418,0.138028
2026-08-19T15:41:58.100080+00:00,84284,Birendra,squat,good,squat_good,0.0,0.0,0.0,0.0,0.0,0.0,-9.004593,2.401384,-0.265756,0.022649,-0.061553,0.124438
2026-08-19T15:41:58.100080+00:00,84289,Birendra,squat,good,squat_good,0.0,0.0,0.0,0.0,0.0,0.0,-9.02614,2.420538,-0.244209,0.005596,-0.055424,0.111115
2026-08-19T15:41:58.100080+00:00,84295,Birendra,squat,good,squat_good,0.0,0.0,0.0,0.0,0.0,0.0,-9.078813,2.47321,-0.244209,-0.012257,-0.051694,0.095394
2026-08-19T15:41:58.100080+00:00,84300,Birendra,squat,good,squat_good,0.0,0.0,0.0,0.0,0.0,0.0,-9.157822,2.516306,-0.227449,-0.038104,-0.051427,0.073544
2026-08-19T15:41:58.100080+00:00,84306,Birendra,squat,good,squat_good,0.0,0.0,0.0,0.0,0.0,0.0,-9.229648,2.458845,-0.203507,-0.060753,-0.058089,0.058355
2026-08-19T15:41:58.608348+00:00,84311,Birendra,squat,good,squat_good,0.0,0.0,0.0,0.0,0.0,0.0,-9.215282,2.3535,-0.155623,-0.081271,-0.066083,0.04743
2026-08-19T15:41:58.608348+00:00,84317,Birendra,squat,good,squat_good,0.0,0.0,0.0,0.0,0.0,0.0,-9.193734,2.298434,-0.129287,-0.093262,-0.069014,0.043966
2026-08-19T15:41:58.608348+00:00,84323,Birendra,squat,good,squat_good,0.0,0.0,0.0,0.0,0.0,0.0,-9.160215,2.25055,-0.059855,-0.105786,-0.067948,0.044233
2026-08-19T15:41:58.608348+00:00,84332,Birendra,squat,good,squat_good,0.0,0.0,0.0,0.0,0.0,0.0,-9.138668,2.236184,-0.014365,-0.114312,-0.065017,0.045832
2026-08-19T15:41:58.608348+00:00,84338,Birendra,squat,good,squat_good,0.0,0.0,0.0,0.0,0.0,0.0,-9.107543,2.231396,-0.004788,-0.122839,-0.061553,0.053559
2026-08-19T15:41:58.608348+00:00,84345,Birendra,squat,good,squat_good,0.0,0.0,0.0,0.0,0.0,0.0,-9.047688,2.240973,0.007183,-0.130567,-0.057822,0.051427
2026-08-19T15:41:58.608348+00:00,84353,Birendra,squat,good,squat_good,0.0,0.0,0.0,0.0,0.0,0.0,-9.047688,2.224213,0.050278,-0.148153,-0.050628,0.042368
2026-08-19T15:41:58.608348+00:00,84360,Birendra,squat,good,squat_good,0.0,0.0,0.0,0.0,0.0,0.0,-9.081207,2.135628,0.040701,-0.158545,-0.047697,0.035706
2026-08-19T15:41:58.608348+00:00,84366,Birendra,squat,good,squat_good,0.0,0.0,0.0,0.0,0.0,0.0,-9.069236,2.051831,0.050278,-0.163608,-0.048496,0.033041
2026-08-19T15:41:58.608348+00:00,84373,Birendra,squat,good,squat_good,0.0,0.0,0.0,0.0,0.0,0.0,-9.062054,2.025495,0.057461,-0.165473,-0.047963,0.028778
2026-08-19T15:41:58.608348+00:00,84381,Birendra,squat,good,squat_good,0.0,0.0,0.0,0.0,0.0,0.0,-9.059659,2.018312,0.021548,-0.170003,-0.044766,0.020518
2026-08-19T15:41:58.608348+00:00,84387,Birendra,squat,good,squat_good,0.0,0.0,0.0,0.0,0.0,0.0,-9.148245,2.049437,0.002394,-0.177464,-0.045299,0.00906
2026-08-19T15:41:58.608348+00:00,84392,Birendra,squat,good,squat_good,0.0,0.0,0.0,0.0,0.0,0.0,-9.181764,2.061408,0.021548,-0.185458,-0.05196,-0.000799
2026-08-19T15:41:58.608348+00:00,84398,Birendra,squat,good,squat_good,0.0,0.0,0.0,0.0,0.0,0.0,-9.196129,2.075773,0.014365,-0.193452,-0.057023,-0.014123
2026-08-19T15:41:58.608348+00:00,84404,Birendra,squat,good,squat_good,0.0,0.0,0.0,0.0,0.0,0.0,-9.248801,2.140416,0.026336,-0.206242,-0.058622,-0.034374
2026-08-19T15:41:58.608348+00:00,84409,Birendra,squat,good,squat_good,0.0,0.0,0.0,0.0,0.0,0.0,-9.366117,2.157176,0.031125,-0.219565,-0.060487,-0.052227
2026-08-19T15:41:58.608348+00:00,84415,Birendra,squat,good,squat_good,0.0,0.0,0.0,0.0,0.0,0.0,-9.490616,2.087744,0.016759,-0.234487,-0.073277,-0.067681
2026-08-19T15:41:58.608348+00:00,84420,Birendra,squat,good,squat_good,0.0,0.0,0.0,0.0,0.0,0.0,-9.548077,2.008735,-0.019154,-0.241415,-0.083936,-0.074609
2026-08-19T15:41:58.608348+00:00,84426,Birendra,squat,good,squat_good,0.0,0.0,0.0,0.0,0.0,0.0,-9.519346,1.900996,-0.040701,-0.24328,-0.091663,-0.078873
2026-08-19T15:41:58.608348+00:00,84433,Birendra,squat,good,squat_good,0.0,0.0,0.0,0.0,0.0,0.0,-9.497798,1.790863,-0.007183,-0.239017,-0.092196,-0.074077
2026-08-19T15:41:58.608348+00:00,84439,Birendra,squat,good,squat_good,0.0,0.0,0.0,0.0,0.0,0.0,-9.466674,1.733402,0.007183,-0.228092,-0.090597,-0.066882
2026-08-19T15:41:58.608348+00:00,84444,Birendra,squat,good,squat_good,0.0,0.0,0.0,0.0,0.0,0.0,-9.437943,1.714248,0.0,-0.218233,-0.086067,-0.058888
2026-08-19T15:41:58.608348+00:00,84450,Birendra,squat,good,squat_good,0.0,0.0,0.0,0.0,0.0,0.0,-9.394848,1.711854,0.0,-0.205976,-0.079672,-0.049562
2026-08-19T15:41:58.608348+00:00,84455,Birendra,squat,good,squat_good,0.0,0.0,0.0,0.0,0.0,0.0,-9.397242,1.685518,-0.014365,-0.19585,-0.074077,-0.040236
2026-08-19T15:41:58.608348+00:00,84461,Birendra,squat,good,squat_good,0.0,0.0,0.0,0.0,0.0,0.0,-9.370906,1.625663,-0.011971,-0.184392,-0.06928,-0.026913
2026-08-19T15:41:58.608348+00:00,84466,Birendra,squat,good,squat_good,0.0,0.0,0.0,0.0,0.0,0.0,-9.31105,1.537078,0.033519,-0.168671,-0.064484,-0.012257
2026-08-19T15:41:58.608348+00:00,84472,Birendra,squat,good,squat_good,0.0,0.0,0.0,0.0,0.0,0.0,-9.258378,1.450886,0.055067,-0.153216,-0.060221,0.001332
2026-08-19T15:41:58.608348+00:00,84477,Birendra,squat,good,squat_good,0.0,0.0,0.0,0.0,0.0,0.0,-9.184157,1.359907,0.043096,-0.129767,-0.051161,0.013323
2026-08-19T15:41:58.608348+00:00,84483,Birendra,squat,good,squat_good,0.0,0.0,0.0,0.0,0.0,0.0,-9.129091,1.343147,0.040701,-0.110315,-0.0429,0.022116
2026-08-19T15:41:58.608348+00:00,84489,Birendra,squat,good,squat_good,0.0,0.0,0.0,0.0,0.0,0.0,-9.093178,1.369483,0.023942,-0.091663,-0.033308,0.030643
2026-08-19T15:41:58.608348+00:00,84494,Birendra,squat,good,squat_good,0.0,0.0,0.0,0.0,0.0,0.0,-9.076419,1.37906,0.014365,-0.078873,-0.027712,0.031975
2026-08-19T15:41:58.608348+00:00,84500,Birendra,squat,good,squat_good,0.0,0.0,0.0,0.0,0.0,0.0,-9.069236,1.398214,-0.026336,-0.068481,-0.023715,0.028245
2026-08-19T15:41:58.608348+00:00,84505,Birendra,squat,good,squat_good,0.0,0.0,0.0,0.0,0.0,0.0,-9.07163,1.448492,-0.050278,-0.063951,-0.021583,0.021051
2026-08-19T15:41:58.608348+00:00,84511,Birendra,squat,good,squat_good,0.0,0.0,0.0,0.0,0.0,0.0,-9.045294,1.438915,-0.086191,-0.061553,-0.023449,0.011458
2026-08-19T15:41:58.608348+00:00,84516,Birendra,squat,good,squat_good,0.0,0.0,0.0,0.0,0.0,0.0,-9.018958,1.407791,-0.100556,-0.059688,-0.023715,0.001066
2026-08-19T15:41:58.608348+00:00,84522,Birendra,squat,good,squat_good,0.0,0.0,0.0,0.0,0.0,0.0,-9.030929,1.472434,-0.11971,-0.054358,-0.017853,-0.016787
2026-08-19T15:41:58.608348+00:00,84527,Birendra,squat,good,squat_good,0.0,0.0,0.0,0.0,0.0,0.0,-9.16261,1.642422,-0.136469,-0.058355,-0.015721,-0.035972
2026-08-19T15:41:58.608348+00:00,84533,Birendra,squat,good,squat_good,0.0,0.0,0.0,0.0,0.0,0.0,-9.260772,1.731008,-0.131681,-0.070613,-0.021317,-0.054358
2026-08-19T15:41:58.608348+00:00,84539,Birendra,squat,good,squat_good,0.0,0.0,0.0,0.0,0.0,0.0,-9.301474,1.707066,-0.189142,-0.089531,-0.032242,-0.076475
2026-08-19T15:41:58.608348+00:00,84544,Birendra,squat,good,squat_good,0.0,0.0,0.0,0.0,0.0,0.0,-9.296685,1.640028,-0.217872,-0.102322,-0.042101,-0.097259
2026-08-19T15:41:58.608348+00:00,84550,Birendra,squat,good,squat_good,0.0,0.0,0.0,0.0,0.0,0.0,-9.291897,1.642422,-0.213084,-0.10845,-0.045032,-0.110049
2026-08-19T15:41:58.608348+00:00,84555,Birendra,squat,good,squat_good,0.0,0.0,0.0,0.0,0.0,0.0,-9.32781,1.714248,-0.198719,-0.115911,-0.045832,-0.12124
2026-08-19T15:41:58.608348+00:00,84561,Birendra,squat,good,squat_good,0.0,0.0,0.0,0.0,0.0,0.0,-9.370906,1.711854,-0.174777,-0.122839,-0.050894,-0.128968
2026-08-19T15:41:58.608348+00:00,84566,Birendra,squat,good,squat_good,0.0,0.0,0.0,0.0,0.0,0.0,-9.385271,1.687912,-0.186748,-0.128701,-0.05649,-0.135363
2026-08-19T15:41:58.608348+00:00,84572,Birendra,squat,good,squat_good,0.0,0.0,0.0,0.0,0.0,0.0,-9.351752,1.651999,-0.172383,-0.129767,-0.059155,-0.136162
2026-08-19T15:41:58.608348+00:00,84577,Birendra,squat,good,squat_good,0.0,0.0,0.0,0.0,0.0,0.0,-9.313444,1.668759,-0.174777,-0.126303,-0.057822,-0.135363
2026-08-19T15:41:58.608348+00:00,84583,Birendra,squat,good,squat_good,0.0,0.0,0.0,0.0,0.0,0.0,-9.306262,1.683124,-0.177171,-0.124704,-0.055424,-0.131632
2026-08-19T15:41:58.608348+00:00,84588,Birendra,squat,good,squat_good,0.0,0.0,0.0,0.0,0.0,0.0,-9.332599,1.699883,-0.162806,-0.122306,-0.050894,-0.125237
2026-08-19T15:41:58.608348+00:00,84594,Birendra,squat,good,squat_good,0.0,0.0,0.0,0.0,0.0,0.0,-9.342175,1.699883,-0.146046,-0.118842,-0.050095,-0.11751
2026-08-19T15:41:58.608348+00:00,84599,Birendra,squat,good,squat_good,0.0,0.0,0.0,0.0,0.0,0.0,-9.32781,1.690306,-0.146046,-0.114579,-0.048763,-0.107651
2026-08-19T15:41:58.674012+00:00,84605,Birendra,squat,good,squat_good,0.0,0.0,0.0,0.0,0.0,0.0,-9.294291,1.661576,-0.124498,-0.110582,-0.04743,-0.100989
2026-08-19T15:41:58.674012+00:00,84611,Birendra,squat,good,squat_good,0.0,0.0,0.0,0.0,0.0,0.0,-9.244013,1.584962,-0.067038,-0.102055,-0.044766,-0.092729
2026-08-19T15:41:58.674012+00:00,84617,Birendra,squat,good,squat_good,0.0,0.0,0.0,0.0,0.0,0.0,-9.188946,1.520318,-0.038307,-0.090597,-0.041302,-0.088732
2026-08-19T15:41:58.674012+00:00,84623,Birendra,squat,good,squat_good,0.0,0.0,0.0,0.0,0.0,0.0,-9.196129,1.553837,0.004788,-0.072211,-0.031709,-0.084735
2026-08-19T15:41:58.674012+00:00,84629,Birendra,squat,good,squat_good,0.0,0.0,0.0,0.0,0.0,0.0,-9.241618,1.666364,0.007183,-0.062352,-0.025047,-0.08287
2026-08-19T15:41:58.674012+00:00,84635,Birendra,squat,good,squat_good,0.0,0.0,0.0,0.0,0.0,0.0,-9.303867,1.735796,0.004788,-0.058089,-0.023449,-0.084202
2026-08-19T15:41:58.674012+00:00,84641,Birendra,squat,good,squat_good,0.0,0.0,0.0,0.0,0.0,0.0,-9.315839,1.750161,0.023942,-0.057023,-0.024781,-0.087933
2026-08-19T15:41:58.674012+00:00,84646,Birendra,squat,good,squat_good,0.0,0.0,0.0,0.0,0.0,0.0,-9.313444,1.771709,0.035913,-0.057289,-0.026913,-0.092729
2026-08-19T15:41:58.674012+00:00,84652,Birendra,squat,good,squat_good,0.0,0.0,0.0,0.0,0.0,0.0,-9.315839,1.826776,0.038307,-0.058888,-0.027179,-0.097525
2026-08-19T15:41:58.674012+00:00,84657,Birendra,squat,good,squat_good,0.0,0.0,0.0,0.0,0.0,0.0,-9.32781,1.862689,0.023942,-0.061819,-0.028511,-0.100989
2026-08-19T15:41:58.674012+00:00,84663,Birendra,squat,good,squat_good,0.0,0.0,0.0,0.0,0.0,0.0,-9.354146,1.900996,0.023942,-0.06555,-0.031709,-0.10392
2026-08-19T15:41:58.674012+00:00,84668,Birendra,squat,good,squat_good,0.0,0.0,0.0,0.0,0.0,0.0,-9.363723,1.917756,0.04549,-0.069547,-0.035706,-0.105253
2026-08-19T15:41:58.674012+00:00,84674,Birendra,squat,good,squat_good,0.0,0.0,0.0,0.0,0.0,0.0,-9.332599,1.939303,0.02873,-0.07381,-0.038371,-0.105786
2026-08-19T15:41:58.674012+00:00,84679,Birendra,squat,good,squat_good,0.0,0.0,0.0,0.0,0.0,0.0,-9.301474,1.922544,0.02873,-0.079672,-0.041835,-0.105519
2026-08-19T15:41:58.674012+00:00,84685,Birendra,squat,good,squat_good,0.0,0.0,0.0,0.0,0.0,0.0,-9.258378,1.893813,0.02873,-0.084469,-0.042101,-0.105786
2026-08-19T15:41:58.674012+00:00,84690,Birendra,squat,good,squat_good,0.0,0.0,0.0,0.0,0.0,0.0,-9.212888,1.87466,0.059855,-0.087666,-0.040236,-0.104986
2026-08-19T15:41:58.674012+00:00,84696,Birendra,squat,good,squat_good,0.0,0.0,0.0,0.0,0.0,0.0,-9.205706,1.879448,0.052672,-0.088998,-0.037305,-0.103121
2026-08-19T15:41:58.674012+00:00,84701,Birendra,squat,good,squat_good,0.0,0.0,0.0,0.0,0.0,0.0,-9.212888,1.855506,0.04549,-0.088998,-0.034907,-0.10019
2026-08-19T15:41:58.674012+00:00,84707,Birendra,squat,good,squat_good,0.0,0.0,0.0,0.0,0.0,0.0,-9.188946,1.838747,0.055067,-0.087933,-0.032508,-0.095394
2026-08-19T15:41:58.674012+00:00,84713,Birendra,squat,good,squat_good,0.0,0.0,0.0,0.0,0.0,0.0,-9.148245,1.833959,0.062249,-0.085801,-0.030643,-0.089265
2026-08-19T15:41:58.674012+00:00,84718,Birendra,squat,good,squat_good,0.0,0.0,0.0,0.0,0.0,0.0,-9.105149,1.814805,0.098162,-0.084469,-0.029044,-0.085268
2026-08-19T15:41:58.674012+00:00,84724,Birendra,squat,good,squat_good,0.0,0.0,0.0,0.0,0.0,0.0,-9.07163,1.788469,0.081403,-0.082603,-0.026646,-0.083669
2026-08-19T15:41:58.674012+00:00,84730,Birendra,squat,good,squat_good,0.0,0.0,0.0,0.0,0.0,0.0,-9.062054,1.759738,0.083797,-0.079406,-0.025314,-0.084202
2026-08-19T15:41:58.674012+00:00,84735,Birendra,squat,good,squat_good,0.0,0.0,0.0,0.0,0.0,0.0,-9.062054,1.723825,0.081403,-0.074609,-0.025847,-0.085534
2026-08-19T15:41:58.674012+00:00,84742,Birendra,squat,good,squat_good,0.0,0.0,0.0,0.0,0.0,0.0,-9.085996,1.726219,0.100556,-0.069014,-0.027446,-0.087133
2026-08-19T15:41:58.674012+00:00,84747,Birendra,squat,good,squat_good,0.0,0.0,0.0,0.0,0.0,0.0,-9.088389,1.704672,0.083797,-0.066616,-0.029577,-0.090597
2026-08-19T15:41:58.674012+00:00,84753,Birendra,squat,good,squat_good,0.0,0.0,0.0,0.0,0.0,0.0,-9.124303,1.692701,0.076614,-0.063152,-0.032242,-0.095127
2026-08-19T15:41:58.674012+00:00,84758,Birendra,squat,good,squat_good,0.0,0.0,0.0,0.0,0.0,0.0,-9.172187,1.659182,0.081403,-0.057822,-0.034907,-0.098325
2026-08-19T15:41:58.674012+00:00,84764,Birendra,squat,good,squat_good,0.0,0.0,0.0,0.0,0.0,0.0,-9.217676,1.63524,0.07422,-0.04823,-0.040769,-0.100456
2026-08-19T15:41:58.674012+00:00,84769,Birendra,squat,good,squat_good,0.0,0.0,0.0,0.0,0.0,0.0,-9.234436,1.651999,0.071826,-0.037571,-0.04743,-0.100989
2026-08-19T15:41:58.674012+00:00,84775,Birendra,squat,good,squat_good,0.0,0.0,0.0,0.0,0.0,0.0,-9.263166,1.68073,0.071826,-0.030643,-0.052493,-0.100989
2026-08-19T15:41:58.674012+00:00,84780,Birendra,squat,good,squat_good,0.0,0.0,0.0,0.0,0.0,0.0,-9.294291,1.671153,0.040701,-0.022916,-0.057556,-0.099923
2026-08-19T15:41:58.674012+00:00,84786,Birendra,squat,good,squat_good,0.0,0.0,0.0,0.0,0.0,0.0,-9.323022,1.66397,0.02873,-0.015188,-0.061553,-0.099657
2026-08-19T15:41:58.674012+00:00,84791,Birendra,squat,good,squat_good,0.0,0.0,0.0,0.0,0.0,0.0,-9.337387,1.628057,0.07422,-0.005329,-0.067149,-0.097525
2026-08-19T15:41:58.674012+00:00,84797,Birendra,squat,good,squat_good,0.0,0.0,0.0,0.0,0.0,0.0,-9.354146,1.558625,0.09098,0.00373,-0.070346,-0.093795
2026-08-19T15:41:58.674012+00:00,84802,Birendra,squat,good,squat_good,0.0,0.0,0.0,0.0,0.0,0.0,-9.378088,1.491588,0.093374,0.02185,-0.069547,-0.087666
2026-08-19T15:41:58.674012+00:00,84808,Birendra,squat,good,squat_good,0.0,0.0,0.0,0.0,0.0,0.0,-9.378088,1.47004,0.100556,0.038104,-0.068747,-0.079139
2026-08-19T15:41:58.674012+00:00,84813,Birendra,squat,good,squat_good,0.0,0.0,0.0,0.0,0.0,0.0,-9.394848,1.446098,0.117316,0.059954,-0.06555,-0.065283
2026-08-19T15:41:58.674012+00:00,84819,Birendra,squat,good,squat_good,0.0,0.0,0.0,0.0,0.0,0.0,-9.394848,1.441309,0.102951,0.080205,-0.064217,-0.05196
2026-08-19T15:41:58.674012+00:00,84824,Birendra,squat,good,squat_good,0.0,0.0,0.0,0.0,0.0,0.0,-9.392453,1.465251,0.095768,0.103387,-0.061819,-0.038104
2026-08-19T15:41:58.674012+00:00,84831,Birendra,squat,good,squat_good,0.0,0.0,0.0,0.0,0.0,0.0,-9.375694,1.484405,0.081403,0.120175,-0.059421,-0.028778
2026-08-19T15:41:58.674012+00:00,84836,Birendra,squat,good,squat_good,0.0,0.0,0.0,0.0,0.0,0.0,-9.399636,1.539472,0.069432,0.139893,-0.052227,-0.017853
2026-08-19T15:41:58.674012+00:00,84845,Birendra,squat,good,squat_good,0.0,0.0,0.0,0.0,0.0,0.0,-9.428367,1.541866,0.02873,0.153749,-0.049828,-0.006395
2026-08-19T15:41:58.674012+00:00,84853,Birendra,squat,good,squat_good,0.0,0.0,0.0,0.0,0.0,0.0,-9.397242,1.529895,0.064643,0.170802,-0.050628,0.002931
2026-08-19T15:41:58.674012+00:00,84861,Birendra,squat,good,squat_good,0.0,0.0,0.0,0.0,0.0,0.0,-9.378088,1.570596,0.093374,0.18226,-0.045032,0.006129
2026-08-19T15:41:58.674012+00:00,84868,Birendra,squat,good,squat_good,0.0,0.0,0.0,0.0,0.0,0.0,-9.411607,1.56102,0.088585,0.193452,-0.046098,0.018919
2026-08-19T15:41:58.674012+00:00,84873,Birendra,squat,good,squat_good,0.0,0.0,0.0,0.0,0.0,0.0,-9.368511,1.575385,0.071826,0.205976,-0.042101,0.028245
2026-08-19T15:41:58.674012+00:00,84879,Birendra,squat,good,squat_good,0.0,0.0,0.0,0.0,0.0,0.0,-9.332599,1.714248,0.016759,0.214502,-0.034907,0.029044
2026-08-19T15:41:58.674012+00:00,84885,Birendra,squat,good,squat_good,0.0,0.0,0.0,0.0,0.0,0.0,-9.3733,1.939303,-0.043096,0.211838,-0.026113,0.013856
2026-08-19T15:41:58.674012+00:00,84891,Birendra,squat,good,squat_good,0.0,0.0,0.0,0.0,0.0,0.0,-9.44752,2.121263,-0.112527,0.197982,-0.026113,-0.007727
2026-08-19T15:41:58.996194+00:00,84900,Birendra,squat,good,squat_good,0.0,0.0,0.0,0.0,0.0,0.0,-9.526528,2.171541,-0.141258,0.168404,-0.041568,-0.041835
2026-08-19T15:41:58.996194+00:00,84905,Birendra,squat,good,squat_good,0.0,0.0,0.0,0.0,0.0,0.0,-9.483433,2.099715,-0.134075,0.127902,-0.064484,-0.075142
2026-08-19T15:41:58.996194+00:00,84912,Birendra,squat,good,squat_good,0.0,0.0,0.0,0.0,0.0,0.0,-9.397242,1.929727,-0.095768,0.09939,-0.075675,-0.092196
2026-08-19T15:41:58.996194+00:00,84920,Birendra,squat,good,squat_good,0.0,0.0,0.0,0.0,0.0,0.0,-9.356541,1.764527,-0.014365,0.08207,-0.077008,-0.099923
2026-08-19T15:41:58.996194+00:00,84928,Birendra,squat,good,squat_good,0.0,0.0,0.0,0.0,0.0,0.0,-9.378088,1.575385,0.088585,0.075942,-0.081271,-0.100989
2026-08-19T15:41:58.996194+00:00,84934,Birendra,squat,good,squat_good,0.0,0.0,0.0,0.0,0.0,0.0,-9.380483,1.414973,0.174777,0.079672,-0.083403,-0.098591
2026-08-19T15:41:58.996194+00:00,84939,Birendra,squat,good,squat_good,0.0,0.0,0.0,0.0,0.0,0.0,-9.378088,1.252167,0.237026,0.096459,-0.080738,-0.089531
2026-08-19T15:41:58.996194+00:00,84945,Birendra,squat,good,squat_good,0.0,0.0,0.0,0.0,0.0,0.0,-9.397242,1.151611,0.296881,0.118043,-0.075942,-0.076741
2026-08-19T15:41:58.996194+00:00,84951,Birendra,squat,good,squat_good,0.0,0.0,0.0,0.0,0.0,0.0,-9.473856,1.113304,0.368707,0.148953,-0.071412,-0.053825
2026-08-19T15:41:58.996194+00:00,84957,Birendra,squat,good,squat_good,0.0,0.0,0.0,0.0,0.0,0.0,-9.545682,1.106121,0.385466,0.18226,-0.074343,-0.023182
2026-08-19T15:41:58.996194+00:00,84966,Birendra,squat,good,squat_good,0.0,0.0,0.0,0.0,0.0,0.0,-9.572019,1.096544,0.349553,0.239283,-0.080205,0.031443
2026-08-19T15:41:58.996194+00:00,84971,Birendra,squat,good,squat_good,0.0,0.0,0.0,0.0,0.0,0.0,-9.574412,1.127669,0.325611,0.284315,-0.083136,0.073544
2026-08-19T15:41:58.996194+00:00,84977,Birendra,squat,good,squat_good,0.0,0.0,0.0,0.0,0.0,0.0,-9.61272,1.216254,0.282516,0.325617,-0.081005,0.106585
2026-08-19T15:41:58.996194+00:00,84982,Birendra,squat,good,squat_good,0.0,0.0,0.0,0.0,0.0,0.0,-9.730036,1.467646,0.253785,0.369317,-0.081538,0.141492
2026-08-19T15:41:58.996194+00:00,84988,Birendra,squat,good,squat_good,0.0,0.0,0.0,0.0,0.0,0.0,-9.77792,1.668759,0.169988,0.391433,-0.092462,0.17027
2026-08-19T15:41:58.996194+00:00,84994,Birendra,squat,good,squat_good,0.0,0.0,0.0,0.0,0.0,0.0,-9.696517,1.810017,0.038307,0.407688,-0.104187,0.192652
2026-08-19T15:41:58.996194+00:00,84999,Birendra,squat,good,squat_good,0.0,0.0,0.0,0.0,0.0,0.0,-9.662998,1.934515,-0.016759,0.410885,-0.112714,0.197182
2026-08-19T15:41:58.996194+00:00,85005,Birendra,squat,good,squat_good,0.0,0.0,0.0,0.0,0.0,0.0,-9.65821,2.03986,-0.043096,0.402358,-0.124438,0.20038
2026-08-19T15:41:58.996194+00:00,85010,Birendra,squat,good,squat_good,0.0,0.0,0.0,0.0,0.0,0.0,-9.605537,2.056619,-0.047884,0.390101,-0.136429,0.20411
2026-08-19T15:41:58.996194+00:00,85016,Birendra,squat,good,squat_good,0.0,0.0,0.0,0.0,0.0,0.0,-9.504981,2.044648,-0.035913,0.368518,-0.154282,0.211571
2026-08-19T15:41:58.996194+00:00,85022,Birendra,squat,good,squat_good,0.0,0.0,0.0,0.0,0.0,0.0,-9.392453,2.035071,-0.009577,0.349066,-0.163874,0.218766
2026-08-19T15:41:58.996194+00:00,85028,Birendra,squat,good,squat_good,0.0,0.0,0.0,0.0,0.0,0.0,-9.241618,1.963245,0.009577,0.322153,-0.167871,0.224628
2026-08-19T15:41:58.996194+00:00,85033,Birendra,squat,good,squat_good,0.0,0.0,0.0,0.0,0.0,0.0,-9.141062,1.910573,0.031125,0.303501,-0.165473,0.224894
2026-08-19T15:41:58.996194+00:00,85039,Birendra,squat,good,squat_good,0.0,0.0,0.0,0.0,0.0,0.0,-9.069236,1.821988,0.117316,0.280052,-0.155881,0.219299
2026-08-19T15:41:58.996194+00:00,85046,Birendra,squat,good,squat_good,0.0,0.0,0.0,0.0,0.0,0.0,-9.045294,1.817199,0.155623,0.262998,-0.146821,0.210772
2026-08-19T15:41:58.996194+00:00,85052,Birendra,squat,good,squat_good,0.0,0.0,0.0,0.0,0.0,0.0,-9.078813,1.838747,0.117316,0.232622,-0.134564,0.196383
2026-08-19T15:41:58.996194+00:00,85057,Birendra,squat,good,squat_good,0.0,0.0,0.0,0.0,0.0,0.0,-9.100361,1.836353,0.09098,0.208907,-0.130567,0.187057
2026-08-19T15:41:58.996194+00:00,85063,Birendra,squat,good,squat_good,0.0,0.0,0.0,0.0,0.0,0.0,-9.107543,1.817199,0.076614,0.181194,-0.1311,0.175332
2026-08-19T15:41:58.996194+00:00,85068,Birendra,squat,good,squat_good,0.0,0.0,0.0,0.0,0.0,0.0,-9.097966,1.814805,0.004788,0.157746,-0.132965,0.162542
2026-08-19T15:41:58.996194+00:00,85074,Birendra,squat,good,squat_good,0.0,0.0,0.0,0.0,0.0,0.0,-9.093178,1.838747,-0.052672,0.131366,-0.134564,0.142291
2026-08-19T15:41:58.996194+00:00,85079,Birendra,squat,good,squat_good,0.0,0.0,0.0,0.0,0.0,0.0,-9.066842,1.900996,-0.107739,0.106851,-0.135096,0.124438
2026-08-19T15:41:58.996194+00:00,85085,Birendra,squat,good,squat_good,0.0,0.0,0.0,0.0,0.0,0.0,-9.07163,1.956063,-0.172383,0.070879,-0.135096,0.105786
2026-08-19T15:41:58.996194+00:00,85090,Birendra,squat,good,squat_good,0.0,0.0,0.0,0.0,0.0,0.0,-9.076419,1.853112,-0.213084,0.038371,-0.137761,0.091397
2026-08-19T15:41:58.996194+00:00,85096,Birendra,squat,good,squat_good,0.0,0.0,0.0,0.0,0.0,0.0,-9.057265,1.723825,-0.237026,0.018386,-0.142557,0.077541
2026-08-19T15:41:58.996194+00:00,85101,Birendra,squat,good,squat_good,0.0,0.0,0.0,0.0,0.0,0.0,-8.949526,1.594538,-0.260968,0.00373,-0.146821,0.061819
2026-08-19T15:41:58.996194+00:00,85107,Birendra,squat,good,squat_good,0.0,0.0,0.0,0.0,0.0,0.0,-8.884883,1.601721,-0.282516,-0.002665,-0.13856,0.048496
2026-08-19T15:41:58.996194+00:00,85112,Birendra,squat,good,squat_good,0.0,0.0,0.0,0.0,0.0,0.0,-8.89446,1.697489,-0.296881,-0.016254,-0.12657,0.031176
2026-08-19T15:41:58.996194+00:00,85118,Birendra,squat,good,squat_good,0.0,0.0,0.0,0.0,0.0,0.0,-8.899248,1.716643,-0.323217,-0.036505,-0.121773,0.016521
2026-08-19T15:41:58.996194+00:00,85123,Birendra,squat,good,squat_good,0.0,0.0,0.0,0.0,0.0,0.0,-8.90643,1.63524,-0.351948,-0.062352,-0.118576,-0.007727
2026-08-19T15:41:58.996194+00:00,85129,Birendra,squat,good,squat_good,0.0,0.0,0.0,0.0,0.0,0.0,-8.899248,1.572991,-0.349553,-0.081271,-0.115645,-0.028245
2026-08-19T15:41:58.996194+00:00,85134,Birendra,squat,good,squat_good,0.0,0.0,0.0,0.0,0.0,0.0,-8.92319,1.558625,-0.342371,-0.098858,-0.111381,-0.050628
2026-08-19T15:41:58.996194+00:00,85141,Birendra,squat,good,squat_good,0.0,0.0,0.0,0.0,0.0,0.0,-8.954314,1.563414,-0.294487,-0.116977,-0.108184,-0.065283
2026-08-19T15:41:58.996194+00:00,85147,Birendra,squat,good,squat_good,0.0,0.0,0.0,0.0,0.0,0.0,-8.942344,1.508347,-0.282516,-0.1311,-0.107384,-0.074077
2026-08-19T15:41:58.996194+00:00,85153,Birendra,squat,good,squat_good,0.0,0.0,0.0,0.0,0.0,0.0,-8.935161,1.417367,-0.225055,-0.145755,-0.106585,-0.087933
2026-08-19T15:41:58.996194+00:00,85158,Birendra,squat,good,squat_good,0.0,0.0,0.0,0.0,0.0,0.0,-8.930372,1.352724,-0.1652,-0.15215,-0.10845,-0.092995
2026-08-19T15:41:58.996194+00:00,85164,Birendra,squat,good,squat_good,0.0,0.0,0.0,0.0,0.0,0.0,-8.882488,1.273715,-0.117316,-0.155081,-0.110049,-0.096992
2026-08-19T15:41:58.996194+00:00,85169,Birendra,squat,good,squat_good,0.0,0.0,0.0,0.0,0.0,0.0,-8.860941,1.242591,-0.086191,-0.15215,-0.105253,-0.09939
2026-08-19T15:41:58.996194+00:00,85175,Birendra,squat,good,squat_good,0.0,0.0,0.0,0.0,0.0,0.0,-8.851364,1.254562,-0.059855,-0.144423,-0.096193,-0.098591
2026-08-19T15:41:58.996194+00:00,85180,Birendra,squat,good,squat_good,0.0,0.0,0.0,0.0,0.0,0.0,-8.872911,1.249773,-0.050278,-0.136962,-0.090331,-0.09113
2026-08-19T15:41:58.996194+00:00,85186,Birendra,squat,good,squat_good,0.0,0.0,0.0,0.0,0.0,0.0,-8.911219,1.302446,-0.040701,-0.125237,-0.083936,-0.080738
2026-08-19T15:41:59.323317+00:00,85191,Birendra,squat,good,squat_good,0.0,0.0,0.0,0.0,0.0,0.0,-8.978256,1.371878,-0.095768,-0.107651,-0.081005,-0.059421
2026-08-19T15:41:59.323317+00:00,85197,Birendra,squat,good,squat_good,0.0,0.0,0.0,0.0,0.0,0.0,-9.011775,1.462857,-0.129287,-0.093795,-0.081005,-0.03917
2026-08-19T15:41:59.323317+00:00,85204,Birendra,squat,good,squat_good,0.0,0.0,0.0,0.0,0.0,0.0,-9.057265,1.632846,-0.141258,-0.085268,-0.079139,-0.027979
2026-08-19T15:41:59.323317+00:00,85210,Birendra,squat,good,squat_good,0.0,0.0,0.0,0.0,0.0,0.0,-9.126697,1.731008,-0.167594,-0.089531,-0.080738,-0.023449
2026-08-19T15:41:59.323317+00:00,85217,Birendra,squat,good,squat_good,0.0,0.0,0.0,0.0,0.0,0.0,-9.174581,1.711854,-0.150835,-0.096992,-0.085801,-0.022649
2026-08-19T15:41:59.323317+00:00,85223,Birendra,squat,good,squat_good,0.0,0.0,0.0,0.0,0.0,0.0,-9.136273,1.687912,-0.124498,-0.107118,-0.09113,-0.018386
2026-08-19T15:41:59.323317+00:00,85231,Birendra,squat,good,squat_good,0.0,0.0,0.0,0.0,0.0,0.0,-9.016563,1.659182,-0.079009,-0.120974,-0.0866,-0.016521
2026-08-19T15:41:59.323317+00:00,85237,Birendra,squat,good,squat_good,0.0,0.0,0.0,0.0,0.0,0.0,-9.011775,1.66397,-0.016759,-0.130567,-0.074077,-0.023182
2026-08-19T15:41:59.323317+00:00,85244,Birendra,squat,good,squat_good,0.0,0.0,0.0,0.0,0.0,0.0,-9.124303,1.699883,0.069432,-0.146554,-0.066083,-0.03011
2026-08-19T15:41:59.323317+00:00,85249,Birendra,squat,good,squat_good,0.0,0.0,0.0,0.0,0.0,0.0,-9.184157,1.63524,0.112527,-0.158012,-0.072211,-0.031975
2026-08-19T15:41:59.323317+00:00,85257,Birendra,squat,good,squat_good,0.0,0.0,0.0,0.0,0.0,0.0,-9.172187,1.580173,0.196325,-0.163075,-0.077008,-0.026913
2026-08-19T15:41:59.323317+00:00,85263,Birendra,squat,good,squat_good,0.0,0.0,0.0,0.0,0.0,0.0,-9.129091,1.522712,0.198719,-0.163874,-0.081005,-0.018386
2026-08-19T15:41:59.323317+00:00,85269,Birendra,squat,good,squat_good,0.0,0.0,0.0,0.0,0.0,0.0,-9.129091,1.472434,0.237026,-0.160677,-0.081005,-0.009326
2026-08-19T15:41:59.323317+00:00,85278,Birendra,squat,good,squat_good,0.0,0.0,0.0,0.0,0.0,0.0,-9.109938,1.446098,0.191536,-0.155081,-0.08207,0.000533
2026-08-19T15:41:59.323317+00:00,85284,Birendra,squat,good,squat_good,0.0,0.0,0.0,0.0,0.0,0.0,-9.097966,1.455675,0.160412,-0.144156,-0.081804,0.018119
2026-08-19T15:41:59.323317+00:00,85289,Birendra,squat,good,squat_good,0.0,0.0,0.0,0.0,0.0,0.0,-9.107543,1.450886,0.105345,-0.138028,-0.081804,0.028778
2026-08-19T15:41:59.323317+00:00,85295,Birendra,squat,good,squat_good,0.0,0.0,0.0,0.0,0.0,0.0,-9.057265,1.438915,0.035913,-0.128968,-0.081005,0.038104
2026-08-19T15:41:59.323317+00:00,85300,Birendra,squat,good,squat_good,0.0,0.0,0.0,0.0,0.0,0.0,-9.052477,1.477222,0.011971,-0.121773,-0.076208,0.041035
2026-08-19T15:41:59.323317+00:00,85306,Birendra,squat,good,squat_good,0.0,0.0,0.0,0.0,0.0,0.0,-9.076419,1.517924,0.016759,-0.115378,-0.071678,0.046631
2026-08-19T15:41:59.323317+00:00,85311,Birendra,squat,good,squat_good,0.0,0.0,0.0,0.0,0.0,0.0,-9.081207,1.517924,0.026336,-0.10925,-0.071145,0.053292
2026-08-19T15:41:59.323317+00:00,85317,Birendra,squat,good,squat_good,0.0,0.0,0.0,0.0,0.0,0.0,-9.076419,1.563414,0.059855,-0.100989,-0.06475,0.055424
2026-08-19T15:41:59.323317+00:00,85322,Birendra,squat,good,squat_good,0.0,0.0,0.0,0.0,0.0,0.0,-9.090784,1.678335,0.062249,-0.097525,-0.055424,0.053559
2026-08-19T15:41:59.323317+00:00,85328,Birendra,squat,good,squat_good,0.0,0.0,0.0,0.0,0.0,0.0,-9.19134,1.814805,0.076614,-0.101522,-0.045032,0.045832
2026-08-19T15:41:59.323317+00:00,85334,Birendra,squat,good,squat_good,0.0,0.0,0.0,0.0,0.0,0.0,-9.31105,1.860295,0.093374,-0.112714,-0.043966,0.041568
2026-08-19T15:41:59.323317+00:00,85340,Birendra,squat,good,squat_good,0.0,0.0,0.0,0.0,0.0,0.0,-9.342175,1.831564,0.079009,-0.122306,-0.050095,0.040769
2026-08-19T15:41:59.323317+00:00,85345,Birendra,squat,good,squat_good,0.0,0.0,0.0,0.0,0.0,0.0,-9.323022,1.826776,0.079009,-0.128168,-0.054625,0.041302
2026-08-19T15:41:59.323317+00:00,85352,Birendra,squat,good,squat_good,0.0,0.0,0.0,0.0,0.0,0.0,-9.339781,1.831564,0.047884,-0.136695,-0.059954,0.041835
2026-08-19T15:41:59.323317+00:00,85357,Birendra,squat,good,squat_good,0.0,0.0,0.0,0.0,0.0,0.0,-9.306262,1.788469,0.050278,-0.145222,-0.067681,0.051427
2026-08-19T15:41:59.323317+00:00,85363,Birendra,squat,good,squat_good,0.0,0.0,0.0,0.0,0.0,0.0,-9.232041,1.740585,0.031125,-0.146554,-0.068481,0.056224
2026-08-19T15:41:59.323317+00:00,85368,Birendra,squat,good,squat_good,0.0,0.0,0.0,0.0,0.0,0.0,-9.124303,1.73819,0.033519,-0.145755,-0.062086,0.060487
2026-08-19T15:41:59.323317+00:00,85374,Birendra,squat,good,squat_good,0.0,0.0,0.0,0.0,0.0,0.0,-9.066842,1.769315,0.040701,-0.147354,-0.053292,0.063152
2026-08-19T15:41:59.323317+00:00,85379,Birendra,squat,good,squat_good,0.0,0.0,0.0,0.0,0.0,0.0,-9.021352,1.812411,0.057461,-0.154815,-0.041302,0.063418
2026-08-19T15:41:59.323317+00:00,85385,Birendra,squat,good,squat_good,0.0,0.0,0.0,0.0,0.0,0.0,-8.975863,1.788469,0.067038,-0.162276,-0.033308,0.064217
2026-08-19T15:41:59.323317+00:00,85390,Birendra,squat,good,squat_good,0.0,0.0,0.0,0.0,0.0,0.0,-8.89446,1.699883,0.079009,-0.169204,-0.022383,0.057289
2026-08-19T15:41:59.323317+00:00,85396,Birendra,squat,good,squat_good,0.0,0.0,0.0,0.0,0.0,0.0,-8.872911,1.68073,0.083797,-0.172401,-0.009326,0.046098
2026-08-19T15:41:59.323317+00:00,85402,Birendra,squat,good,squat_good,0.0,0.0,0.0,0.0,0.0,0.0,-8.973468,1.769315,0.093374,-0.179862,0.005063,0.027179
2026-08-19T15:41:59.323317+00:00,85407,Birendra,squat,good,squat_good,0.0,0.0,0.0,0.0,0.0,0.0,-9.085996,1.898602,0.079009,-0.192119,0.012524,0.00906
2026-08-19T15:41:59.323317+00:00,85413,Birendra,squat,good,squat_good,0.0,0.0,0.0,0.0,0.0,0.0,-9.212888,1.984793,0.071826,-0.214769,0.008527,-0.01279
2026-08-19T15:41:59.323317+00:00,85418,Birendra,squat,good,squat_good,0.0,0.0,0.0,0.0,0.0,0.0,-9.251195,1.999158,0.050278,-0.236086,-0.001066,-0.032775
2026-08-19T15:41:59.323317+00:00,85424,Birendra,squat,good,squat_good,0.0,0.0,0.0,0.0,0.0,0.0,-9.258378,1.991976,0.047884,-0.259801,-0.010392,-0.054891
2026-08-19T15:41:59.323317+00:00,85429,Birendra,squat,good,squat_good,0.0,0.0,0.0,0.0,0.0,0.0,-9.287108,1.96564,0.038307,-0.276855,-0.015988,-0.07008
2026-08-19T15:41:59.323317+00:00,85435,Birendra,squat,good,squat_good,0.0,0.0,0.0,0.0,0.0,0.0,-9.323022,1.958457,0.062249,-0.293908,-0.022649,-0.086067
2026-08-19T15:41:59.323317+00:00,85440,Birendra,squat,good,squat_good,0.0,0.0,0.0,0.0,0.0,0.0,-9.346964,1.956063,0.112527,-0.310162,-0.028778,-0.098591
2026-08-19T15:41:59.323317+00:00,85446,Birendra,squat,good,squat_good,0.0,0.0,0.0,0.0,0.0,0.0,-9.378088,2.001553,0.146046,-0.332812,-0.037038,-0.118576
2026-08-19T15:41:59.323317+00:00,85452,Birendra,squat,good,squat_good,0.0,0.0,0.0,0.0,0.0,0.0,-9.411607,2.027889,0.179565,-0.36159,-0.047164,-0.136962
2026-08-19T15:41:59.323317+00:00,85458,Birendra,squat,good,squat_good,0.0,0.0,0.0,0.0,0.0,0.0,-9.437943,1.910573,0.225055,-0.394897,-0.062086,-0.15668
2026-08-19T15:41:59.323317+00:00,85464,Birendra,squat,good,squat_good,0.0,0.0,0.0,0.0,0.0,0.0,-9.414001,1.788469,0.244209,-0.40902,-0.06928,-0.166273
2026-08-19T15:41:59.323317+00:00,85470,Birendra,squat,good,squat_good,0.0,0.0,0.0,0.0,0.0,0.0,-9.385271,1.623269,0.251391,-0.41355,-0.075942,-0.162809
2026-08-19T15:41:59.323317+00:00,85490,Birendra,squat,good,squat_good,0.0,0.0,0.0,0.0,0.0,0.0,-9.200917,1.37906,0.25618,-0.370383,-0.064217,-0.113513
2026-08-19T15:41:59.323317+00:00,85510,Birendra,squat,good,squat_good,0.0,0.0,0.0,0.0,0.0,0.0,-9.255983,1.371878,0.213084,-0.332012,-0.04823,-0.090597
2026-08-19T15:42:00.322527+00:00,85532,Birendra,squat,good,squat_good,0.0,0.0,0.0,0.0,0.0,0.0,-9.392453,1.223437,0.179565,-0.316291,-0.075142,-0.072744
2026-08-19T15:42:00.322527+00:00,85551,Birendra,squat,good,squat_good,0.0,0.0,0.0,0.0,0.0,0.0,-9.28232,1.103727,0.143652,-0.303767,-0.086334,-0.051427
2026-08-19T15:42:00.322527+00:00,85574,Birendra,squat,good,squat_good,0.0,0.0,0.0,0.0,0.0,0.0,-9.251195,0.950498,0.134075,-0.274456,-0.07834,-0.033041
2026-08-19T15:42:00.322527+00:00,85591,Birendra,squat,good,squat_good,0.0,0.0,0.0,0.0,0.0,0.0,-9.229648,0.859518,0.196325,-0.232355,-0.049828,-0.050894
2026-08-19T15:42:00.322527+00:00,85612,Birendra,squat,good,squat_good,0.0,0.0,0.0,0.0,0.0,0.0,-9.488221,1.007959,0.155623,-0.223296,-0.063152,-0.054358
2026-08-19T15:42:00.322527+00:00,85631,Birendra,squat,good,squat_good,0.0,0.0,0.0,0.0,0.0,0.0,-9.442732,1.125275,0.148441,-0.214769,-0.066349,-0.033574
2026-08-19T15:42:00.322527+00:00,85651,Birendra,squat,good,squat_good,0.0,0.0,0.0,0.0,0.0,0.0,-9.28232,1.180341,0.181959,-0.235553,-0.064484,-0.021051
2026-08-19T15:42:00.322527+00:00,85671,Birendra,squat,good,squat_good,0.0,0.0,0.0,0.0,0.0,0.0,-9.121908,0.97444,0.203507,-0.239816,-0.041835,-0.027712
2026-08-19T15:42:00.322527+00:00,85690,Birendra,squat,good,squat_good,0.0,0.0,0.0,0.0,0.0,0.0,-9.325416,1.082179,0.318429,-0.24781,-0.028778,-0.073544
2026-08-19T15:42:00.322527+00:00,85710,Birendra,squat,good,squat_good,0.0,0.0,0.0,0.0,0.0,0.0,-9.715671,1.01993,0.531513,-0.257669,-0.078606,-0.108717
2026-08-19T15:42:00.322527+00:00,85730,Birendra,squat,good,squat_good,0.0,0.0,0.0,0.0,0.0,0.0,-9.672575,0.794875,0.68953,-0.158545,-0.110582,-0.049029
2026-08-19T15:42:00.322527+00:00,85750,Birendra,squat,good,squat_good,0.0,0.0,0.0,0.0,0.0,0.0,-9.461885,0.857124,0.684742,0.001066,-0.088732,0.083669
2026-08-19T15:42:00.322527+00:00,85771,Birendra,squat,good,squat_good,0.0,0.0,0.0,0.0,0.0,0.0,-9.306262,1.132457,0.521936,0.150551,-0.027446,0.18679
2026-08-19T15:42:00.322527+00:00,85790,Birendra,squat,good,squat_good,0.0,0.0,0.0,0.0,0.0,0.0,-9.356541,1.613692,0.378284,0.194518,-0.019718,0.215302
2026-08-19T15:42:00.322527+00:00,85810,Birendra,squat,good,squat_good,0.0,0.0,0.0,0.0,0.0,0.0,-9.275137,1.793257,0.347159,0.152683,-0.041035,0.174799
2026-08-19T15:42:00.322527+00:00,85830,Birendra,squat,good,squat_good,0.0,0.0,0.0,0.0,0.0,0.0,-9.239224,1.922544,0.265756,0.070346,-0.059688,0.109516
2026-08-19T15:42:00.322527+00:00,85850,Birendra,squat,good,squat_good,0.0,0.0,0.0,0.0,0.0,0.0,-9.23683,1.774103,0.351948,0.007727,-0.055158,0.060221
2026-08-19T15:42:00.322527+00:00,85871,Birendra,squat,good,squat_good,0.0,0.0,0.0,0.0,0.0,0.0,-9.212888,1.656788,0.428562,-0.008793,-0.040502,0.04743
2026-08-19T15:42:00.322527+00:00,85890,Birendra,squat,good,squat_good,0.0,0.0,0.0,0.0,0.0,0.0,-9.313444,1.723825,0.442927,-0.002398,-0.037038,0.047697
2026-08-19T15:42:00.322527+00:00,85910,Birendra,squat,good,squat_good,0.0,0.0,0.0,0.0,0.0,0.0,-9.28232,1.747767,0.387861,0.016787,-0.043167,0.061553
2026-08-19T15:42:00.322527+00:00,85930,Birendra,squat,good,squat_good,0.0,0.0,0.0,0.0,0.0,0.0,-9.299079,1.850718,0.351948,0.029311,-0.037038,0.073011
2026-08-19T15:42:00.322527+00:00,85950,Birendra,squat,good,squat_good,0.0,0.0,0.0,0.0,0.0,0.0,-9.227253,1.843535,0.311246,0.029044,-0.034374,0.084469
2026-08-19T15:42:00.322527+00:00,85971,Birendra,squat,good,squat_good,0.0,0.0,0.0,0.0,0.0,0.0,-9.205706,1.889025,0.323217,0.018119,-0.025314,0.081804
2026-08-19T15:42:00.322527+00:00,85990,Birendra,squat,good,squat_good,0.0,0.0,0.0,0.0,0.0,0.0,-9.179369,1.936909,0.294487,-0.017853,-0.023715,0.050894
2026-08-19T15:42:00.322527+00:00,86010,Birendra,squat,good,squat_good,0.0,0.0,0.0,0.0,0.0,0.0,-9.294291,1.704672,0.325611,-0.051427,-0.03464,0.020784
2026-08-19T15:42:00.322527+00:00,86030,Birendra,squat,good,squat_good,0.0,0.0,0.0,0.0,0.0,0.0,-9.339781,1.675941,0.37589,-0.059421,-0.034107,0.01359
2026-08-19T15:42:00.322527+00:00,86050,Birendra,squat,good,squat_good,0.0,0.0,0.0,0.0,0.0,0.0,-9.387665,1.661576,0.392649,-0.053825,-0.031176,0.013057
2026-08-19T15:42:00.322527+00:00,86071,Birendra,squat,good,squat_good,0.0,0.0,0.0,0.0,0.0,0.0,-9.368511,1.642422,0.378284,-0.055158,-0.044766,0.027446
2026-08-19T15:42:00.322527+00:00,86090,Birendra,squat,good,squat_good,0.0,0.0,0.0,0.0,0.0,0.0,-9.255983,1.616086,0.354342,-0.050628,-0.037571,0.046897
2026-08-19T15:42:00.322527+00:00,86110,Birendra,squat,good,squat_good,0.0,0.0,0.0,0.0,0.0,0.0,-9.212888,1.613692,0.31364,-0.06102,-0.032775,0.045032
2026-08-19T15:42:00.322527+00:00,86130,Birendra,squat,good,squat_good,0.0,0.0,0.0,0.0,0.0,0.0,-9.260772,1.570596,0.270545,-0.06475,-0.031975,0.025047
2026-08-19T15:42:00.322527+00:00,86150,Birendra,squat,good,squat_good,0.0,0.0,0.0,0.0,0.0,0.0,-9.346964,1.551443,0.287304,-0.077541,-0.046364,0.015455
2026-08-19T15:42:00.322527+00:00,86171,Birendra,squat,good,squat_good,0.0,0.0,0.0,0.0,0.0,0.0,-9.275137,1.520318,0.232238,-0.085002,-0.055957,0.022916
2026-08-19T15:42:00.322527+00:00,86190,Birendra,squat,good,squat_good,0.0,0.0,0.0,0.0,0.0,0.0,-9.141062,1.513135,0.222661,-0.077541,-0.040769,0.038904
2026-08-19T15:42:00.322527+00:00,86210,Birendra,squat,good,squat_good,0.0,0.0,0.0,0.0,0.0,0.0,-9.205706,1.460463,0.215478,-0.101789,-0.042368,0.029577
2026-08-19T15:42:00.322527+00:00,86230,Birendra,squat,good,squat_good,0.0,0.0,0.0,0.0,0.0,0.0,-9.176975,1.414973,0.222661,-0.108983,-0.041035,0.015721
2026-08-19T15:42:00.322527+00:00,86250,Birendra,squat,good,squat_good,0.0,0.0,0.0,0.0,0.0,0.0,-9.232041,1.577779,0.225055,-0.123106,-0.027179,-0.016254
2026-08-19T15:42:00.322527+00:00,86270,Birendra,squat,good,squat_good,0.0,0.0,0.0,0.0,0.0,0.0,-9.320627,1.565808,0.232238,-0.151351,-0.033574,-0.0429
2026-08-19T15:42:00.322527+00:00,86291,Birendra,squat,good,squat_good,0.0,0.0,0.0,0.0,0.0,0.0,-9.339781,1.434127,0.301669,-0.165207,-0.037038,-0.047697
2026-08-19T15:42:00.322527+00:00,86310,Birendra,squat,good,squat_good,0.0,0.0,0.0,0.0,0.0,0.0,-9.270349,1.268927,0.433351,-0.141492,-0.023182,-0.0429
2026-08-19T15:42:00.322527+00:00,86330,Birendra,squat,good,squat_good,0.0,0.0,0.0,0.0,0.0,0.0,-9.416395,1.106121,0.497994,-0.102055,-0.029577,-0.034374
2026-08-19T15:42:00.322527+00:00,86350,Birendra,squat,good,squat_good,0.0,0.0,0.0,0.0,0.0,0.0,-9.478644,1.170765,0.500388,-0.03544,-0.035972,-0.004796
2026-08-19T15:42:00.322527+00:00,86371,Birendra,squat,good,squat_good,0.0,0.0,0.0,0.0,0.0,0.0,-9.485827,1.443704,0.457293,0.01732,-0.03464,0.025847
2026-08-19T15:42:00.322527+00:00,86391,Birendra,squat,good,squat_good,0.0,0.0,0.0,0.0,0.0,0.0,-9.366117,1.534683,0.402226,0.027979,-0.038371,0.04743
2026-08-19T15:42:00.322527+00:00,86410,Birendra,squat,good,squat_good,0.0,0.0,0.0,0.0,0.0,0.0,-9.229648,1.503559,0.363919,0.035173,-0.022916,0.035972
2026-08-19T15:42:00.322527+00:00,86430,Birendra,squat,good,squat_good,0.0,0.0,0.0,0.0,0.0,0.0,-9.358934,1.613692,0.316035,0.004263,-0.025847,0.002132
2026-08-19T15:42:00.322527+00:00,86450,Birendra,squat,good,squat_good,0.0,0.0,0.0,0.0,0.0,0.0,-9.272743,1.587356,0.318429,-0.035706,-0.039703,-0.010126
2026-08-19T15:42:00.322527+00:00,86470,Birendra,squat,good,squat_good,0.0,0.0,0.0,0.0,0.0,0.0,-9.241618,1.54426,0.270545,-0.06102,-0.040236,-0.022383
2026-08-19T15:42:00.322527+00:00,86491,Birendra,squat,good,squat_good,0.0,0.0,0.0,0.0,0.0,0.0,-9.332599,1.484405,0.272939,-0.057023,-0.024248,-0.029044
2026-08-19T15:42:00.322527+00:00,86510,Birendra,squat,good,squat_good,0.0,0.0,0.0,0.0,0.0,0.0,-9.325416,1.438915,0.320823,-0.049828,-0.030377,-0.021317
2026-08-19T15:42:01.304699+00:00,86531,Birendra,squat,good,squat_good,0.0,0.0,0.0,0.0,0.0,0.0,-9.299079,1.364695,0.354342,-0.023449,-0.025847,-0.005329
2026-08-19T15:42:01.304699+00:00,86550,Birendra,squat,good,squat_good,0.0,0.0,0.0,0.0,0.0,0.0,-9.351752,1.407791,0.387861,0.009859,-0.018652,0.007461
2026-08-19T15:42:01.304699+00:00,86574,Birendra,squat,good,squat_good,0.0,0.0,0.0,0.0,0.0,0.0,-9.370906,1.541866,0.361524,0.041568,-0.014655,0.029844
2026-08-19T15:42:01.304699+00:00,86591,Birendra,squat,good,squat_good,0.0,0.0,0.0,0.0,0.0,0.0,-9.337387,1.616086,0.323217,0.041302,-0.014655,0.037305
2026-08-19T15:42:01.304699+00:00,86611,Birendra,squat,good,squat_good,0.0,0.0,0.0,0.0,0.0,0.0,-9.296685,1.601721,0.3304,0.027712,-0.015188,0.027979
2026-08-19T15:42:01.304699+00:00,86630,Birendra,squat,good,squat_good,0.0,0.0,0.0,0.0,0.0,0.0,-9.294291,1.549049,0.320823,0.011458,-0.024515,0.022116
2026-08-19T15:42:01.304699+00:00,86650,Birendra,squat,good,squat_good,0.0,0.0,0.0,0.0,0.0,0.0,-9.234436,1.537078,0.25618,0.011191,-0.025314,0.021583
2026-08-19T15:42:01.304699+00:00,86670,Birendra,squat,good,squat_good,0.0,0.0,0.0,0.0,0.0,0.0,-9.157822,1.462857,0.229843,0.007994,-0.026913,0.022383
2026-08-19T15:42:01.304699+00:00,86691,Birendra,squat,good,squat_good,0.0,0.0,0.0,0.0,0.0,0.0,-9.186552,1.477222,0.275333,0.012524,-0.020784,0.019452
2026-08-19T15:42:01.304699+00:00,86710,Birendra,squat,good,squat_good,0.0,0.0,0.0,0.0,0.0,0.0,-9.143456,1.381454,0.220267,0.015988,-0.027179,0.026113
2026-08-19T15:42:01.304699+00:00,86730,Birendra,squat,good,squat_good,0.0,0.0,0.0,0.0,0.0,0.0,-9.239224,1.551443,0.174777,0.023982,-0.026646,0.037305
2026-08-19T15:42:01.304699+00:00,86750,Birendra,squat,good,squat_good,0.0,0.0,0.0,0.0,0.0,0.0,-9.16261,1.51553,0.196325,0.018652,-0.029577,0.052493
2026-08-19T15:42:01.304699+00:00,86770,Birendra,squat,good,squat_good,0.0,0.0,0.0,0.0,0.0,0.0,-9.212888,1.790863,0.136469,0.034107,0.008527,0.068747
2026-08-19T15:42:01.304699+00:00,86791,Birendra,squat,good,squat_good,0.0,0.0,0.0,0.0,0.0,0.0,-9.397242,1.778892,0.23942,-0.031176,-0.010658,0.01279
2026-08-19T15:42:01.304699+00:00,86810,Birendra,squat,good,squat_good,0.0,0.0,0.0,0.0,0.0,0.0,-9.385271,1.572991,0.342371,-0.051161,-0.034107,0.002665
2026-08-19T15:42:01.304699+00:00,86830,Birendra,squat,good,squat_good,0.0,0.0,0.0,0.0,0.0,0.0,-9.368511,1.419762,0.445322,-0.019185,-0.036505,0.029577
2026-08-19T15:42:01.304699+00:00,86850,Birendra,squat,good,squat_good,0.0,0.0,0.0,0.0,0.0,0.0,-9.342175,1.482011,0.471658,0.045565,-0.025047,0.095926
2026-08-19T15:42:01.304699+00:00,86870,Birendra,squat,good,squat_good,0.0,0.0,0.0,0.0,0.0,0.0,-9.382876,1.841141,0.361524,0.09566,-0.003997,0.149485
2026-08-19T15:42:01.304699+00:00,86891,Birendra,squat,good,squat_good,0.0,0.0,0.0,0.0,0.0,0.0,-9.337387,2.027889,0.31364,0.065816,-0.026646,0.149485
2026-08-19T15:42:01.304699+00:00,86910,Birendra,squat,good,squat_good,0.0,0.0,0.0,0.0,0.0,0.0,-9.200917,1.879448,0.251391,0.022916,-0.040502,0.128435
2026-08-19T15:42:01.304699+00:00,86930,Birendra,squat,good,squat_good,0.0,0.0,0.0,0.0,0.0,0.0,-9.150639,1.788469,0.189142,-0.020518,-0.045299,0.094328
2026-08-19T15:42:01.304699+00:00,86950,Birendra,squat,good,squat_good,0.0,0.0,0.0,0.0,0.0,0.0,-9.25359,1.407791,0.251391,-0.028245,-0.051427,0.088199
2026-08-19T15:42:01.304699+00:00,86970,Birendra,squat,good,squat_good,0.0,0.0,0.0,0.0,0.0,0.0,-9.449914,1.438915,0.356736,0.022116,-0.043167,0.129767
2026-08-19T15:42:01.304699+00:00,86991,Birendra,squat,good,squat_good,0.0,0.0,0.0,0.0,0.0,0.0,-9.409213,1.649605,0.294487,0.014922,-0.036505,0.132698
2026-08-19T15:42:01.304699+00:00,87010,Birendra,squat,good,squat_good,0.0,0.0,0.0,0.0,0.0,0.0,-9.244013,1.810017,0.112527,-0.045832,-0.029044,0.080472
2026-08-19T15:42:01.304699+00:00,87030,Birendra,squat,good,squat_good,0.0,0.0,0.0,0.0,0.0,0.0,-9.234436,1.685518,0.191536,-0.1303,-0.037305,0.012257
2026-08-19T15:42:01.304699+00:00,87050,Birendra,squat,good,squat_good,0.0,0.0,0.0,0.0,0.0,0.0,-9.186552,1.49877,0.205901,-0.161743,-0.037838,-0.013323
2026-08-19T15:42:01.304699+00:00,87070,Birendra,squat,good,squat_good,0.0,0.0,0.0,0.0,0.0,0.0,-9.392453,1.331176,0.25618,-0.155614,-0.04743,-0.015188
2026-08-19T15:42:01.304699+00:00,87090,Birendra,squat,good,squat_good,0.0,0.0,0.0,0.0,0.0,0.0,-9.354146,1.204283,0.258574,-0.098325,-0.052227,0.015455
2026-08-19T15:42:01.304699+00:00,87111,Birendra,squat,good,squat_good,0.0,0.0,0.0,0.0,0.0,0.0,-9.296685,1.321599,0.184354,-0.053026,-0.049296,0.049296
2026-08-19T15:42:01.304699+00:00,87130,Birendra,squat,good,squat_good,0.0,0.0,0.0,0.0,0.0,0.0,-9.220071,1.383849,0.215478,-0.034907,-0.037571,0.044499
2026-08-19T15:42:01.304699+00:00,87150,Birendra,squat,good,squat_good,0.0,0.0,0.0,0.0,0.0,0.0,-9.220071,1.472434,0.189142,-0.050894,-0.033308,0.006662
2026-08-19T15:42:01.304699+00:00,87170,Birendra,squat,good,squat_good,0.0,0.0,0.0,0.0,0.0,0.0,-9.215282,1.54426,0.177171,-0.050894,-0.027979,-0.009859
2026-08-19T15:42:01.304699+00:00,87190,Birendra,squat,good,squat_good,0.0,0.0,0.0,0.0,0.0,0.0,-9.471462,1.750161,0.258574,-0.07008,-0.039969,-0.039969
2026-08-19T15:42:01.304699+00:00,87211,Birendra,squat,good,squat_good,0.0,0.0,0.0,0.0,0.0,0.0,-9.318233,1.56102,0.306458,-0.051161,-0.045299,-0.013856
2026-08-19T15:42:01.304699+00:00,87230,Birendra,squat,good,squat_good,0.0,0.0,0.0,0.0,0.0,0.0,-9.224859,1.723825,0.301669,-0.007461,-0.018652,0.014655
2026-08-19T15:42:01.304699+00:00,87250,Birendra,squat,good,squat_good,0.0,0.0,0.0,0.0,0.0,0.0,-9.220071,1.826776,0.356736,-0.001332,-0.01359,0.014922
2026-08-19T15:42:01.304699+00:00,87270,Birendra,squat,good,squat_good,0.0,0.0,0.0,0.0,0.0,0.0,-9.370906,2.075773,0.299275,-0.019452,-0.022116,-0.006395
2026-08-19T15:42:01.304699+00:00,87291,Birendra,squat,good,squat_good,0.0,0.0,0.0,0.0,0.0,0.0,-9.41879,2.126051,0.294487,-0.062086,-0.041835,-0.032775
2026-08-19T15:42:01.304699+00:00,87311,Birendra,squat,good,squat_good,0.0,0.0,0.0,0.0,0.0,0.0,-9.248801,1.956063,0.342371,-0.082337,-0.037305,-0.034374
2026-08-19T15:42:01.304699+00:00,87330,Birendra,squat,good,squat_good,0.0,0.0,0.0,0.0,0.0,0.0,-9.232041,1.819593,0.287304,-0.087133,-0.024248,-0.031975
2026-08-19T15:42:01.304699+00:00,87351,Birendra,squat,good,squat_good,0.0,0.0,0.0,0.0,0.0,0.0,-9.349358,1.778892,0.282516,-0.094861,-0.028511,-0.0437
2026-08-19T15:42:01.304699+00:00,87370,Birendra,squat,good,squat_good,0.0,0.0,0.0,0.0,0.0,0.0,-9.224859,1.584962,0.213084,-0.095127,-0.045565,-0.040502
2026-08-19T15:42:01.304699+00:00,87391,Birendra,squat,good,squat_good,0.0,0.0,0.0,0.0,0.0,0.0,-9.208099,1.539472,0.203507,-0.080205,-0.033308,-0.039969
2026-08-19T15:42:01.304699+00:00,87411,Birendra,squat,good,squat_good,0.0,0.0,0.0,0.0,0.0,0.0,-9.234436,1.347936,0.213084,-0.080205,-0.032775,-0.047963
2026-08-19T15:42:01.304699+00:00,87430,Birendra,squat,good,squat_good,0.0,0.0,0.0,0.0,0.0,0.0,-9.28232,1.326388,0.184354,-0.077807,-0.030643,-0.055691
2026-08-19T15:42:01.304699+00:00,87450,Birendra,squat,good,squat_good,0.0,0.0,0.0,0.0,0.0,0.0,-9.294291,1.371878,0.126893,-0.094061,-0.041035,-0.066882
2026-08-19T15:42:01.304699+00:00,87470,Birendra,squat,good,squat_good,0.0,0.0,0.0,0.0,0.0,0.0,-9.234436,1.290475,0.09098,-0.105519,-0.045832,-0.056224
2026-08-19T15:42:01.304699+00:00,87490,Birendra,squat,good,squat_good,0.0,0.0,0.0,0.0,0.0,0.0,-9.136273,1.225831,0.134075,-0.096193,-0.017853,-0.064217
2026-08-19T15:42:01.304699+00:00,87511,Birendra,squat,good,squat_good,0.0,0.0,0.0,0.0,0.0,0.0,-9.346964,1.312023,0.191536,-0.11298,-0.022383,-0.090864
2026-08-19T15:42:03.999781+00:00,89932,Birendra,squat,good,squat_good,0.0,0.0,0.0,0.0,0.0,0.0,-9.289502,1.103727,0.28491,-0.129501,-0.045299,-0.053026
2026-08-19T15:42:03.999781+00:00,89937,Birendra,squat,good,squat_good,0.0,0.0,0.0,0.0,0.0,0.0,-9.294291,1.098939,0.292093,-0.130833,-0.0429,-0.054625
2026-08-19T15:42:03.999781+00:00,89943,Birendra,squat,good,squat_good,0.0,0.0,0.0,0.0,0.0,0.0,-9.28232,1.058237,0.328006,-0.130034,-0.0429,-0.053825
2026-08-19T15:42:03.999781+00:00,89948,Birendra,squat,good,squat_good,0.0,0.0,0.0,0.0,0.0,0.0,-9.215282,1.005565,0.335188,-0.126303,-0.040769,-0.051694
2026-08-19T15:42:03.999781+00:00,89954,Birendra,squat,good,squat_good,0.0,0.0,0.0,0.0,0.0,0.0,-9.138668,0.988805,0.35913,-0.118309,-0.034107,-0.048763
2026-08-19T15:42:03.999781+00:00,89960,Birendra,squat,good,squat_good,0.0,0.0,0.0,0.0,0.0,0.0,-9.11712,1.015141,0.363919,-0.111914,-0.023449,-0.047164
2026-08-19T15:42:03.999781+00:00,89966,Birendra,squat,good,squat_good,0.0,0.0,0.0,0.0,0.0,0.0,-9.136273,1.067814,0.37589,-0.106319,-0.013323,-0.049029
2026-08-19T15:42:03.999781+00:00,89971,Birendra,squat,good,squat_good,0.0,0.0,0.0,0.0,0.0,0.0,-9.188946,1.132457,0.366313,-0.103654,-0.007994,-0.053825
2026-08-19T15:42:03.999781+00:00,89977,Birendra,squat,good,squat_good,0.0,0.0,0.0,0.0,0.0,0.0,-9.248801,1.197101,0.366313,-0.10392,-0.007994,-0.059688
2026-08-19T15:42:03.999781+00:00,89982,Birendra,squat,good,squat_good,0.0,0.0,0.0,0.0,0.0,0.0,-9.287108,1.252167,0.373495,-0.107651,-0.010392,-0.062619
2026-08-19T15:42:03.999781+00:00,89988,Birendra,squat,good,squat_good,0.0,0.0,0.0,0.0,0.0,0.0,-9.32781,1.271321,0.383072,-0.112714,-0.011991,-0.065816
2026-08-19T15:42:03.999781+00:00,89993,Birendra,squat,good,squat_good,0.0,0.0,0.0,0.0,0.0,0.0,-9.356541,1.30484,0.402226,-0.117776,-0.01279,-0.067149
2026-08-19T15:42:03.999781+00:00,89999,Birendra,squat,good,squat_good,0.0,0.0,0.0,0.0,0.0,0.0,-9.392453,1.309628,0.411803,-0.124438,-0.016787,-0.069014
2026-08-19T15:42:03.999781+00:00,90004,Birendra,squat,good,squat_good,0.0,0.0,0.0,0.0,0.0,0.0,-9.421184,1.323994,0.426168,-0.129501,-0.021051,-0.068214
2026-08-19T15:42:03.999781+00:00,90010,Birendra,squat,good,squat_good,0.0,0.0,0.0,0.0,0.0,0.0,-9.404425,1.335965,0.435745,-0.134297,-0.025314,-0.066882
2026-08-19T15:42:03.999781+00:00,90016,Birendra,squat,good,squat_good,0.0,0.0,0.0,0.0,0.0,0.0,-9.342175,1.340753,0.452504,-0.13856,-0.025047,-0.065816
2026-08-19T15:42:03.999781+00:00,90021,Birendra,squat,good,squat_good,0.0,0.0,0.0,0.0,0.0,0.0,-9.318233,1.338359,0.438139,-0.141758,-0.024781,-0.066349
2026-08-19T15:42:03.999781+00:00,90027,Birendra,squat,good,squat_good,0.0,0.0,0.0,0.0,0.0,0.0,-9.258378,1.307234,0.45011,-0.14309,-0.025047,-0.063152
2026-08-19T15:42:03.999781+00:00,90032,Birendra,squat,good,squat_good,0.0,0.0,0.0,0.0,0.0,0.0,-9.167398,1.264138,0.466869,-0.142557,-0.023982,-0.06102
2026-08-19T15:42:03.999781+00:00,90038,Birendra,squat,good,squat_good,0.0,0.0,0.0,0.0,0.0,0.0,-9.112331,1.209072,0.512359,-0.136962,-0.01732,-0.061819
2026-08-19T15:42:03.999781+00:00,90043,Birendra,squat,good,squat_good,0.0,0.0,0.0,0.0,0.0,0.0,-9.131485,1.223437,0.519542,-0.1311,-0.009593,-0.062885
2026-08-19T15:42:03.999781+00:00,90049,Birendra,squat,good,squat_good,0.0,0.0,0.0,0.0,0.0,0.0,-9.227253,1.276109,0.502782,-0.124438,-0.001066,-0.06475
2026-08-19T15:42:03.999781+00:00,90054,Birendra,squat,good,squat_good,0.0,0.0,0.0,0.0,0.0,0.0,-9.313444,1.345541,0.497994,-0.12204,0.0,-0.065017
2026-08-19T15:42:03.999781+00:00,90060,Birendra,squat,good,squat_good,0.0,0.0,0.0,0.0,0.0,0.0,-9.409213,1.388637,0.509965,-0.121507,-0.00373,-0.063951
2026-08-19T15:42:03.999781+00:00,90066,Birendra,squat,good,squat_good,0.0,0.0,0.0,0.0,0.0,0.0,-9.449914,1.410185,0.533907,-0.122839,-0.011991,-0.063685
2026-08-19T15:42:03.999781+00:00,90072,Birendra,squat,good,squat_good,0.0,0.0,0.0,0.0,0.0,0.0,-9.44752,1.412579,0.52433,-0.123372,-0.018386,-0.061819
2026-08-19T15:42:03.999781+00:00,90077,Birendra,squat,good,squat_good,0.0,0.0,0.0,0.0,0.0,0.0,-9.440337,1.417367,0.529119,-0.123106,-0.022116,-0.058888
2026-08-19T15:42:03.999781+00:00,90083,Birendra,squat,good,squat_good,0.0,0.0,0.0,0.0,0.0,0.0,-9.445126,1.426944,0.54109,-0.122839,-0.023715,-0.053292
2026-08-19T15:42:03.999781+00:00,90088,Birendra,squat,good,squat_good,0.0,0.0,0.0,0.0,0.0,0.0,-9.43076,1.410185,0.533907,-0.12204,-0.025314,-0.048763
2026-08-19T15:42:03.999781+00:00,90094,Birendra,squat,good,squat_good,0.0,0.0,0.0,0.0,0.0,0.0,-9.404425,1.400608,0.548272,-0.12204,-0.026913,-0.0437
2026-08-19T15:42:03.999781+00:00,90099,Birendra,squat,good,squat_good,0.0,0.0,0.0,0.0,0.0,0.0,-9.3733,1.323994,0.545878,-0.118842,-0.027979,-0.039436
2026-08-19T15:42:03.999781+00:00,90105,Birendra,squat,good,squat_good,0.0,0.0,0.0,0.0,0.0,0.0,-9.342175,1.247379,0.565032,-0.114046,-0.025847,-0.035173
2026-08-19T15:42:03.999781+00:00,90111,Birendra,squat,good,squat_good,0.0,0.0,0.0,0.0,0.0,0.0,-9.323022,1.194707,0.610521,-0.104453,-0.021051,-0.028245
2026-08-19T15:42:03.999781+00:00,90116,Birendra,squat,good,squat_good,0.0,0.0,0.0,0.0,0.0,0.0,-9.337387,1.180341,0.629675,-0.094328,-0.017853,-0.02185
2026-08-19T15:42:03.999781+00:00,90122,Birendra,squat,good,squat_good,0.0,0.0,0.0,0.0,0.0,0.0,-9.394848,1.194707,0.617704,-0.083936,-0.014655,-0.013856
2026-08-19T15:42:03.999781+00:00,90127,Birendra,squat,good,squat_good,0.0,0.0,0.0,0.0,0.0,0.0,-9.425972,1.201889,0.600945,-0.073277,-0.015988,-0.006129
2026-08-19T15:42:03.999781+00:00,90133,Birendra,squat,good,squat_good,0.0,0.0,0.0,0.0,0.0,0.0,-9.41879,1.170765,0.574608,-0.060487,-0.021317,0.000799
2026-08-19T15:42:03.999781+00:00,90138,Birendra,squat,good,squat_good,0.0,0.0,0.0,0.0,0.0,0.0,-9.411607,1.175553,0.586579,-0.049296,-0.021051,0.003464
2026-08-19T15:42:03.999781+00:00,90144,Birendra,squat,good,squat_good,0.0,0.0,0.0,0.0,0.0,0.0,-9.435549,1.177947,0.617704,-0.035972,-0.021583,0.008793
2026-08-19T15:42:03.999781+00:00,90149,Birendra,squat,good,squat_good,0.0,0.0,0.0,0.0,0.0,0.0,-9.440337,1.206678,0.593762,-0.027979,-0.023982,0.014123
2026-08-19T15:42:03.999781+00:00,90155,Birendra,squat,good,squat_good,0.0,0.0,0.0,0.0,0.0,0.0,-9.440337,1.240196,0.553061,-0.020251,-0.026646,0.019185
2026-08-19T15:42:03.999781+00:00,90161,Birendra,squat,good,squat_good,0.0,0.0,0.0,0.0,0.0,0.0,-9.423578,1.266533,0.533907,-0.01279,-0.028511,0.022649
2026-08-19T15:42:03.999781+00:00,90167,Birendra,squat,good,squat_good,0.0,0.0,0.0,0.0,0.0,0.0,-9.387665,1.254562,0.54109,-0.00453,-0.029044,0.025047
2026-08-19T15:42:03.999781+00:00,90173,Birendra,squat,good,squat_good,0.0,0.0,0.0,0.0,0.0,0.0,-9.380483,1.283292,0.565032,0.002398,-0.027179,0.025847
2026-08-19T15:42:03.999781+00:00,90178,Birendra,squat,good,squat_good,0.0,0.0,0.0,0.0,0.0,0.0,-9.375694,1.290475,0.581791,0.006662,-0.025847,0.026913
2026-08-19T15:42:03.999781+00:00,90184,Birendra,squat,good,squat_good,0.0,0.0,0.0,0.0,0.0,0.0,-9.404425,1.307234,0.565032,0.009326,-0.024515,0.027979
2026-08-19T15:42:03.999781+00:00,90189,Birendra,squat,good,squat_good,0.0,0.0,0.0,0.0,0.0,0.0,-9.440337,1.314417,0.562637,0.012257,-0.024515,0.027446
2026-08-19T15:42:03.999781+00:00,90195,Birendra,squat,good,squat_good,0.0,0.0,0.0,0.0,0.0,0.0,-9.466674,1.312023,0.586579,0.015188,-0.026646,0.027446
2026-08-19T15:42:03.999781+00:00,90201,Birendra,squat,good,squat_good,0.0,0.0,0.0,0.0,0.0,0.0,-9.481039,1.297657,0.632069,0.020784,-0.029311,0.025314
2026-08-19T15:42:03.999781+00:00,90206,Birendra,squat,good,squat_good,0.0,0.0,0.0,0.0,0.0,0.0,-9.488221,1.297657,0.6608,0.025047,-0.032508,0.026113
2026-08-19T15:42:04.490619+00:00,90212,Birendra,squat,good,squat_good,0.0,0.0,0.0,0.0,0.0,0.0,-9.483433,1.25935,0.667982,0.03011,-0.033574,0.03011
2026-08-19T15:42:04.490619+00:00,90217,Birendra,squat,good,squat_good,0.0,0.0,0.0,0.0,0.0,0.0,-9.49301,1.223437,0.651223,0.037571,-0.037838,0.037305
2026-08-19T15:42:04.490619+00:00,90224,Birendra,squat,good,squat_good,0.0,0.0,0.0,0.0,0.0,0.0,-9.478644,1.18513,0.656011,0.049562,-0.044499,0.047697
2026-08-19T15:42:04.490619+00:00,90231,Birendra,squat,good,squat_good,0.0,0.0,0.0,0.0,0.0,0.0,-9.449914,1.182736,0.665588,0.06555,-0.048496,0.055957
2026-08-19T15:42:04.490619+00:00,90239,Birendra,squat,good,squat_good,0.0,0.0,0.0,0.0,0.0,0.0,-9.414001,1.211466,0.665588,0.078873,-0.051161,0.066882
2026-08-19T15:42:04.490619+00:00,90246,Birendra,squat,good,squat_good,0.0,0.0,0.0,0.0,0.0,0.0,-9.409213,1.228225,0.624887,0.092995,-0.050628,0.075675
2026-08-19T15:42:04.490619+00:00,90253,Birendra,squat,good,squat_good,0.0,0.0,0.0,0.0,0.0,0.0,-9.3733,1.218649,0.586579,0.115378,-0.050894,0.090597
2026-08-19T15:42:04.490619+00:00,90260,Birendra,squat,good,squat_good,0.0,0.0,0.0,0.0,0.0,0.0,-9.323022,1.278504,0.550666,0.130567,-0.046631,0.099657
2026-08-19T15:42:04.490619+00:00,90267,Birendra,squat,good,squat_good,0.0,0.0,0.0,0.0,0.0,0.0,-9.313444,1.357512,0.52433,0.140426,-0.041302,0.102055
2026-08-19T15:42:04.490619+00:00,90273,Birendra,squat,good,squat_good,0.0,0.0,0.0,0.0,0.0,0.0,-9.361329,1.436521,0.497994,0.144956,-0.036505,0.101789
2026-08-19T15:42:04.490619+00:00,90279,Birendra,squat,good,squat_good,0.0,0.0,0.0,0.0,0.0,0.0,-9.404425,1.510741,0.500388,0.141492,-0.036505,0.099124
2026-08-19T15:42:04.490619+00:00,90288,Birendra,squat,good,squat_good,0.0,0.0,0.0,0.0,0.0,0.0,-9.445126,1.620875,0.464475,0.127902,-0.043433,0.090864
2026-08-19T15:42:04.490619+00:00,90293,Birendra,squat,good,squat_good,0.0,0.0,0.0,0.0,0.0,0.0,-9.461885,1.63524,0.440533,0.112714,-0.049828,0.085268
2026-08-19T15:42:04.490619+00:00,90299,Birendra,squat,good,squat_good,0.0,0.0,0.0,0.0,0.0,0.0,-9.471462,1.592144,0.414197,0.097792,-0.054891,0.078873
2026-08-19T15:42:04.490619+00:00,90304,Birendra,squat,good,squat_good,0.0,0.0,0.0,0.0,0.0,0.0,-9.457097,1.565808,0.428562,0.086867,-0.059155,0.072478
2026-08-19T15:42:04.490619+00:00,90310,Birendra,squat,good,squat_good,0.0,0.0,0.0,0.0,0.0,0.0,-9.454702,1.56102,0.452504,0.073011,-0.06555,0.067149
2026-08-19T15:42:04.490619+00:00,90315,Birendra,squat,good,squat_good,0.0,0.0,0.0,0.0,0.0,0.0,-9.442732,1.501164,0.426168,0.058355,-0.06928,0.061553
2026-08-19T15:42:04.490619+00:00,90321,Birendra,squat,good,squat_good,0.0,0.0,0.0,0.0,0.0,0.0,-9.449914,1.462857,0.414197,0.047697,-0.070879,0.057822
2026-08-19T15:42:04.490619+00:00,90327,Birendra,squat,good,squat_good,0.0,0.0,0.0,0.0,0.0,0.0,-9.452309,1.391031,0.40462,0.037838,-0.074876,0.056224
2026-08-19T15:42:04.490619+00:00,90332,Birendra,squat,good,squat_good,0.0,0.0,0.0,0.0,0.0,0.0,-9.41879,1.35033,0.407014,0.030377,-0.07834,0.055957
2026-08-19T15:42:04.490619+00:00,90338,Birendra,squat,good,squat_good,0.0,0.0,0.0,0.0,0.0,0.0,-9.368511,1.271321,0.392649,0.02558,-0.079939,0.058888
2026-08-19T15:42:04.490619+00:00,90344,Birendra,squat,good,squat_good,0.0,0.0,0.0,0.0,0.0,0.0,-9.315839,1.165976,0.411803,0.027712,-0.077541,0.063418
2026-08-19T15:42:04.490619+00:00,90349,Birendra,squat,good,squat_good,0.0,0.0,0.0,0.0,0.0,0.0,-9.284714,1.132457,0.414197,0.031443,-0.074077,0.065283
2026-08-19T15:42:04.490619+00:00,90355,Birendra,squat,good,squat_good,0.0,0.0,0.0,0.0,0.0,0.0,-9.277532,1.161188,0.433351,0.033841,-0.067149,0.069014
2026-08-19T15:42:04.490619+00:00,90361,Birendra,squat,good,squat_good,0.0,0.0,0.0,0.0,0.0,0.0,-9.287108,1.197101,0.392649,0.032508,-0.064217,0.068214
2026-08-19T15:42:04.490619+00:00,90367,Birendra,squat,good,squat_good,0.0,0.0,0.0,0.0,0.0,0.0,-9.339781,1.211466,0.390255,0.027979,-0.064484,0.064217
2026-08-19T15:42:04.490619+00:00,90373,Birendra,squat,good,squat_good,0.0,0.0,0.0,0.0,0.0,0.0,-9.344569,1.161188,0.363919,0.023715,-0.067948,0.06102
2026-08-19T15:42:04.490619+00:00,90378,Birendra,squat,good,squat_good,0.0,0.0,0.0,0.0,0.0,0.0,-9.318233,1.151611,0.339977,0.019985,-0.071678,0.057822
2026-08-19T15:42:04.490619+00:00,90384,Birendra,squat,good,squat_good,0.0,0.0,0.0,0.0,0.0,0.0,-9.296685,1.175553,0.339977,0.016521,-0.071145,0.057822
2026-08-19T15:42:04.490619+00:00,90389,Birendra,squat,good,squat_good,0.0,0.0,0.0,0.0,0.0,0.0,-9.270349,1.182736,0.316035,0.013856,-0.07008,0.058355
2026-08-19T15:42:04.490619+00:00,90395,Birendra,squat,good,squat_good,0.0,0.0,0.0,0.0,0.0,0.0,-9.241618,1.151611,0.311246,0.013323,-0.069813,0.059688
2026-08-19T15:42:04.490619+00:00,90400,Birendra,squat,good,squat_good,0.0,0.0,0.0,0.0,0.0,0.0,-9.176975,1.079785,0.287304,0.012257,-0.07008,0.060221
2026-08-19T15:42:04.490619+00:00,90406,Birendra,squat,good,squat_good,0.0,0.0,0.0,0.0,0.0,0.0,-9.107543,1.053449,0.320823,0.01279,-0.066083,0.055957
2026-08-19T15:42:04.490619+00:00,90411,Birendra,squat,good,squat_good,0.0,0.0,0.0,0.0,0.0,0.0,-9.100361,1.098939,0.332794,0.010925,-0.059155,0.050361
2026-08-19T15:42:04.490619+00:00,90417,Birendra,squat,good,squat_good,0.0,0.0,0.0,0.0,0.0,0.0,-9.176975,1.209072,0.296881,0.001599,-0.049828,0.040502
2026-08-19T15:42:04.490619+00:00,90422,Birendra,squat,good,squat_good,0.0,0.0,0.0,0.0,0.0,0.0,-9.25359,1.256956,0.268151,-0.011191,-0.04823,0.029844
2026-08-19T15:42:04.490619+00:00,90428,Birendra,squat,good,squat_good,0.0,0.0,0.0,0.0,0.0,0.0,-9.332599,1.249773,0.253785,-0.02638,-0.053825,0.018919
2026-08-19T15:42:04.490619+00:00,90433,Birendra,squat,good,squat_good,0.0,0.0,0.0,0.0,0.0,0.0,-9.342175,1.223437,0.237026,-0.038104,-0.060487,0.013057
2026-08-19T15:42:04.490619+00:00,90439,Birendra,squat,good,squat_good,0.0,0.0,0.0,0.0,0.0,0.0,-9.342175,1.201889,0.225055,-0.047697,-0.063951,0.005063
2026-08-19T15:42:04.490619+00:00,90444,Birendra,squat,good,squat_good,0.0,0.0,0.0,0.0,0.0,0.0,-9.346964,1.16837,0.229843,-0.055691,-0.061553,0.002398
2026-08-19T15:42:04.490619+00:00,90450,Birendra,squat,good,squat_good,0.0,0.0,0.0,0.0,0.0,0.0,-9.358934,1.120486,0.244209,-0.060221,-0.059688,0.001332
2026-08-19T15:42:04.490619+00:00,90455,Birendra,squat,good,squat_good,0.0,0.0,0.0,0.0,0.0,0.0,-9.378088,1.115698,0.277727,-0.063685,-0.059688,0.00453
2026-08-19T15:42:04.490619+00:00,90461,Birendra,squat,good,squat_good,0.0,0.0,0.0,0.0,0.0,0.0,-9.356541,1.106121,0.275333,-0.066083,-0.060753,0.012524
2026-08-19T15:42:04.490619+00:00,90467,Birendra,squat,good,squat_good,0.0,0.0,0.0,0.0,0.0,0.0,-9.289502,1.074997,0.282516,-0.068747,-0.060487,0.018652
2026-08-19T15:42:04.490619+00:00,90472,Birendra,squat,good,squat_good,0.0,0.0,0.0,0.0,0.0,0.0,-9.248801,1.060631,0.299275,-0.070346,-0.055158,0.019452
2026-08-19T15:42:04.490619+00:00,90478,Birendra,squat,good,squat_good,0.0,0.0,0.0,0.0,0.0,0.0,-9.251195,1.086968,0.342371,-0.073544,-0.04823,0.019718
2026-08-19T15:42:04.490619+00:00,90483,Birendra,squat,good,squat_good,0.0,0.0,0.0,0.0,0.0,0.0,-9.284714,1.154005,0.332794,-0.079406,-0.043433,0.020784
2026-08-19T15:42:04.490619+00:00,90489,Birendra,squat,good,squat_good,0.0,0.0,0.0,0.0,0.0,0.0,-9.31105,1.149217,0.342371,-0.087933,-0.043167,0.022649
2026-08-19T15:42:04.490619+00:00,90495,Birendra,squat,good,squat_good,0.0,0.0,0.0,0.0,0.0,0.0,-9.334992,1.146823,0.371101,-0.094594,-0.044233,0.020251
2026-08-19T15:42:04.490619+00:00,90500,Birendra,squat,good,squat_good,0.0,0.0,0.0,0.0,0.0,0.0,-9.358934,1.146823,0.380678,-0.100456,-0.045032,0.017054
2026-08-19T15:42:04.639188+00:00,90506,Birendra,squat,good,squat_good,0.0,0.0,0.0,0.0,0.0,0.0,-9.378088,1.189918,0.392649,-0.108983,-0.045565,0.01359
2026-08-19T15:42:04.639188+00:00,90511,Birendra,squat,good,squat_good,0.0,0.0,0.0,0.0,0.0,0.0,-9.404425,1.201889,0.368707,-0.116711,-0.048763,0.013057
2026-08-19T15:42:04.639188+00:00,90518,Birendra,squat,good,squat_good,0.0,0.0,0.0,0.0,0.0,0.0,-9.404425,1.120486,0.387861,-0.123372,-0.057023,0.017054
2026-08-19T15:42:04.639188+00:00,90524,Birendra,squat,good,squat_good,0.0,0.0,0.0,0.0,0.0,0.0,-9.318233,1.039083,0.435745,-0.12124,-0.064217,0.022383
2026-08-19T15:42:04.639188+00:00,90529,Birendra,squat,good,squat_good,0.0,0.0,0.0,0.0,0.0,0.0,-9.267955,1.027112,0.481235,-0.115645,-0.062352,0.027712
2026-08-19T15:42:04.639188+00:00,90535,Birendra,squat,good,squat_good,0.0,0.0,0.0,0.0,0.0,0.0,-9.217676,1.039083,0.505177,-0.107917,-0.054358,0.033041
2026-08-19T15:42:04.639188+00:00,90541,Birendra,squat,good,squat_good,0.0,0.0,0.0,0.0,0.0,0.0,-9.210494,1.086968,0.488417,-0.101256,-0.046897,0.037838
2026-08-19T15:42:04.639188+00:00,90546,Birendra,squat,good,squat_good,0.0,0.0,0.0,0.0,0.0,0.0,-9.205706,1.134852,0.500388,-0.093795,-0.0437,0.0429
2026-08-19T15:42:04.639188+00:00,90552,Birendra,squat,good,squat_good,0.0,0.0,0.0,0.0,0.0,0.0,-9.179369,1.146823,0.514753,-0.086067,-0.037838,0.042101
2026-08-19T15:42:04.639188+00:00,90557,Birendra,squat,good,squat_good,0.0,0.0,0.0,0.0,0.0,0.0,-9.188946,1.218649,0.529119,-0.081005,-0.029044,0.038104
2026-08-19T15:42:04.639188+00:00,90563,Birendra,squat,good,squat_good,0.0,0.0,0.0,0.0,0.0,0.0,-9.25359,1.338359,0.536301,-0.076475,-0.023182,0.034374
2026-08-19T15:42:04.639188+00:00,90569,Birendra,squat,good,squat_good,0.0,0.0,0.0,0.0,0.0,0.0,-9.289502,1.367089,0.531513,-0.077274,-0.019452,0.031975
2026-08-19T15:42:04.639188+00:00,90575,Birendra,squat,good,squat_good,0.0,0.0,0.0,0.0,0.0,0.0,-9.296685,1.393425,0.548272,-0.077008,-0.01732,0.028778
2026-08-19T15:42:04.639188+00:00,90580,Birendra,squat,good,squat_good,0.0,0.0,0.0,0.0,0.0,0.0,-9.323022,1.438915,0.588974,-0.075675,-0.01732,0.023715
2026-08-19T15:42:04.639188+00:00,90586,Birendra,squat,good,squat_good,0.0,0.0,0.0,0.0,0.0,0.0,-9.342175,1.503559,0.577003,-0.075675,-0.015988,0.019718
2026-08-19T15:42:04.639188+00:00,90591,Birendra,squat,good,squat_good,0.0,0.0,0.0,0.0,0.0,0.0,-9.378088,1.570596,0.588974,-0.075942,-0.015721,0.015721
2026-08-19T15:42:04.639188+00:00,90597,Birendra,squat,good,squat_good,0.0,0.0,0.0,0.0,0.0,0.0,-9.41879,1.628057,0.577003,-0.077008,-0.016254,0.015455
2026-08-19T15:42:04.639188+00:00,90603,Birendra,squat,good,squat_good,0.0,0.0,0.0,0.0,0.0,0.0,-9.414001,1.647211,0.579397,-0.079139,-0.020251,0.016787
2026-08-19T15:42:04.639188+00:00,90608,Birendra,squat,good,squat_good,0.0,0.0,0.0,0.0,0.0,0.0,-9.40203,1.690306,0.610521,-0.079939,-0.023182,0.01732
2026-08-19T15:42:04.639188+00:00,90614,Birendra,squat,good,squat_good,0.0,0.0,0.0,0.0,0.0,0.0,-9.390059,1.70946,0.593762,-0.079672,-0.023982,0.017587
2026-08-19T15:42:04.639188+00:00,90619,Birendra,squat,good,squat_good,0.0,0.0,0.0,0.0,0.0,0.0,-9.409213,1.728614,0.624887,-0.080738,-0.023982,0.017853
2026-08-19T15:42:04.639188+00:00,90625,Birendra,squat,good,squat_good,0.0,0.0,0.0,0.0,0.0,0.0,-9.428367,1.70946,0.632069,-0.082603,-0.026913,0.022116
2026-08-19T15:42:04.639188+00:00,90630,Birendra,squat,good,squat_good,0.0,0.0,0.0,0.0,0.0,0.0,-9.399636,1.697489,0.624887,-0.08287,-0.029844,0.026646
2026-08-19T15:42:04.639188+00:00,90636,Birendra,squat,good,squat_good,0.0,0.0,0.0,0.0,0.0,0.0,-9.344569,1.690306,0.588974,-0.080205,-0.031176,0.033574
2026-08-19T15:42:04.639188+00:00,90641,Birendra,squat,good,squat_good,0.0,0.0,0.0,0.0,0.0,0.0,-9.320627,1.668759,0.605733,-0.077807,-0.028511,0.035173
2026-08-19T15:42:04.639188+00:00,90647,Birendra,squat,good,squat_good,0.0,0.0,0.0,0.0,0.0,0.0,-9.349358,1.671153,0.639252,-0.076208,-0.027979,0.037038
2026-08-19T15:42:04.639188+00:00,90652,Birendra,squat,good,squat_good,0.0,0.0,0.0,0.0,0.0,0.0,-9.363723,1.671153,0.627281,-0.075409,-0.027712,0.040236
2026-08-19T15:42:04.639188+00:00,90658,Birendra,squat,good,squat_good,0.0,0.0,0.0,0.0,0.0,0.0,-9.358934,1.654393,0.61531,-0.07381,-0.032242,0.0437
2026-08-19T15:42:04.639188+00:00,90663,Birendra,squat,good,squat_good,0.0,0.0,0.0,0.0,0.0,0.0,-9.339781,1.61848,0.610521,-0.071678,-0.034107,0.04743
2026-08-19T15:42:04.639188+00:00,90669,Birendra,squat,good,squat_good,0.0,0.0,0.0,0.0,0.0,0.0,-9.358934,1.661576,0.596156,-0.071145,-0.032508,0.049029
2026-08-19T15:42:04.639188+00:00,90675,Birendra,squat,good,squat_good,0.0,0.0,0.0,0.0,0.0,0.0,-9.394848,1.695095,0.591368,-0.074609,-0.033041,0.047697
2026-08-19T15:42:04.639188+00:00,90684,Birendra,squat,good,squat_good,0.0,0.0,0.0,0.0,0.0,0.0,-9.421184,1.711854,0.581791,-0.085534,-0.041568,0.043167
2026-08-19T15:42:04.639188+00:00,90689,Birendra,squat,good,squat_good,0.0,0.0,0.0,0.0,0.0,0.0,-9.437943,1.716643,0.584185,-0.096193,-0.047963,0.040769
2026-08-19T15:42:04.639188+00:00,90695,Birendra,squat,good,squat_good,0.0,0.0,0.0,0.0,0.0,0.0,-9.41879,1.687912,0.581791,-0.105519,-0.055158,0.037305
2026-08-19T15:42:04.639188+00:00,90703,Birendra,squat,good,squat_good,0.0,0.0,0.0,0.0,0.0,0.0,-9.392453,1.673547,0.579397,-0.113247,-0.059688,0.037571
2026-08-19T15:42:04.639188+00:00,90709,Birendra,squat,good,squat_good,0.0,0.0,0.0,0.0,0.0,0.0,-9.358934,1.608904,0.517148,-0.123106,-0.058622,0.037571
2026-08-19T15:42:04.639188+00:00,90715,Birendra,squat,good,squat_good,0.0,0.0,0.0,0.0,0.0,0.0,-9.354146,1.556231,0.4956,-0.126303,-0.058888,0.036505
2026-08-19T15:42:04.639188+00:00,90722,Birendra,squat,good,squat_good,0.0,0.0,0.0,0.0,0.0,0.0,-9.330204,1.493982,0.488417,-0.127902,-0.059954,0.038371
2026-08-19T15:42:04.639188+00:00,90728,Birendra,squat,good,squat_good,0.0,0.0,0.0,0.0,0.0,0.0,-9.19134,1.343147,0.47884,-0.126037,-0.058089,0.043167
2026-08-19T15:42:04.639188+00:00,90733,Birendra,squat,good,squat_good,0.0,0.0,0.0,0.0,0.0,0.0,-9.11712,1.273715,0.490811,-0.119642,-0.050361,0.039969
2026-08-19T15:42:04.639188+00:00,90739,Birendra,squat,good,squat_good,0.0,0.0,0.0,0.0,0.0,0.0,-9.102755,1.273715,0.490811,-0.110315,-0.036239,0.034107
2026-08-19T15:42:04.639188+00:00,90744,Birendra,squat,good,squat_good,0.0,0.0,0.0,0.0,0.0,0.0,-9.179369,1.300052,0.486023,-0.10472,-0.02558,0.027446
2026-08-19T15:42:04.639188+00:00,90750,Birendra,squat,good,squat_good,0.0,0.0,0.0,0.0,0.0,0.0,-9.284714,1.355118,0.469264,-0.105519,-0.022649,0.020251
2026-08-19T15:42:04.639188+00:00,90755,Birendra,squat,good,squat_good,0.0,0.0,0.0,0.0,0.0,0.0,-9.349358,1.391031,0.469264,-0.108717,-0.028511,0.015721
2026-08-19T15:42:04.639188+00:00,90762,Birendra,squat,good,squat_good,0.0,0.0,0.0,0.0,0.0,0.0,-9.354146,1.367089,0.462081,-0.115911,-0.038104,0.00826
2026-08-19T15:42:04.639188+00:00,90768,Birendra,squat,good,squat_good,0.0,0.0,0.0,0.0,0.0,0.0,-9.339781,1.326388,0.454898,-0.119109,-0.042101,0.002665
2026-08-19T15:42:04.639188+00:00,90774,Birendra,squat,good,squat_good,0.0,0.0,0.0,0.0,0.0,0.0,-9.356541,1.335965,0.466869,-0.119642,-0.043433,-0.002398
2026-08-19T15:42:04.639188+00:00,90779,Birendra,squat,good,squat_good,0.0,0.0,0.0,0.0,0.0,0.0,-9.363723,1.321599,0.476446,-0.118576,-0.044766,-0.005862
2026-08-19T15:42:04.639188+00:00,90785,Birendra,squat,good,squat_good,0.0,0.0,0.0,0.0,0.0,0.0,-9.399636,1.328782,0.469264,-0.120974,-0.047164,-0.007994
2026-08-19T15:42:04.639188+00:00,90794,Birendra,squat,good,squat_good,0.0,0.0,0.0,0.0,0.0,0.0,-9.399636,1.343147,0.474052,-0.123639,-0.048496,-0.011191
2026-08-19T15:42:05.918736+00:00,90800,Birendra,squat,good,squat_good,0.0,0.0,0.0,0.0,0.0,0.0,-9.394848,1.314417,0.466869,-0.129767,-0.050628,-0.014655
2026-08-19T15:42:05.918736+00:00,90805,Birendra,squat,good,squat_good,0.0,0.0,0.0,0.0,0.0,0.0,-9.416395,1.285686,0.476446,-0.130833,-0.051161,-0.016254
2026-08-19T15:42:05.918736+00:00,90811,Birendra,squat,good,squat_good,0.0,0.0,0.0,0.0,0.0,0.0,-9.435549,1.237802,0.481235,-0.129234,-0.052493,-0.01359
2026-08-19T15:42:05.918736+00:00,90817,Birendra,squat,good,squat_good,0.0,0.0,0.0,0.0,0.0,0.0,-9.428367,1.180341,0.493206,-0.123639,-0.054092,-0.006395
2026-08-19T15:42:05.918736+00:00,90822,Birendra,squat,good,squat_good,0.0,0.0,0.0,0.0,0.0,0.0,-9.416395,1.144428,0.521936,-0.117243,-0.053825,0.000533
2026-08-19T15:42:05.918736+00:00,90828,Birendra,squat,good,squat_good,0.0,0.0,0.0,0.0,0.0,0.0,-9.385271,1.125275,0.52433,-0.107118,-0.051427,0.009593
2026-08-19T15:42:05.918736+00:00,90834,Birendra,squat,good,squat_good,0.0,0.0,0.0,0.0,0.0,0.0,-9.356541,1.146823,0.500388,-0.095926,-0.04823,0.014922
2026-08-19T15:42:05.918736+00:00,90839,Birendra,squat,good,squat_good,0.0,0.0,0.0,0.0,0.0,0.0,-9.356541,1.189918,0.4956,-0.089798,-0.047963,0.020251
2026-08-19T15:42:05.918736+00:00,90847,Birendra,squat,good,squat_good,0.0,0.0,0.0,0.0,0.0,0.0,-9.346964,1.175553,0.488417,-0.085268,-0.046897,0.028778
2026-08-19T15:42:05.918736+00:00,90853,Birendra,squat,good,squat_good,0.0,0.0,0.0,0.0,0.0,0.0,-9.325416,1.175553,0.466869,-0.080472,-0.047164,0.03011
2026-08-19T15:42:05.918736+00:00,90861,Birendra,squat,good,squat_good,0.0,0.0,0.0,0.0,0.0,0.0,-9.337387,1.154005,0.466869,-0.077008,-0.046897,0.03011
2026-08-19T15:42:05.918736+00:00,90866,Birendra,squat,good,squat_good,0.0,0.0,0.0,0.0,0.0,0.0,-9.32781,1.192312,0.471658,-0.074343,-0.04743,0.033574
2026-08-19T15:42:05.918736+00:00,90872,Birendra,squat,good,squat_good,0.0,0.0,0.0,0.0,0.0,0.0,-9.339781,1.252167,0.466869,-0.071678,-0.049562,0.03544
2026-08-19T15:42:05.918736+00:00,90878,Birendra,squat,good,squat_good,0.0,0.0,0.0,0.0,0.0,0.0,-9.370906,1.309628,0.452504,-0.074609,-0.050361,0.034107
2026-08-19T15:42:05.918736+00:00,90885,Birendra,squat,good,squat_good,0.0,0.0,0.0,0.0,0.0,0.0,-9.363723,1.328782,0.426168,-0.08287,-0.05276,0.03091
2026-08-19T15:42:05.918736+00:00,90891,Birendra,squat,good,squat_good,0.0,0.0,0.0,0.0,0.0,0.0,-9.354146,1.345541,0.397437,-0.090864,-0.056224,0.023715
2026-08-19T15:42:05.918736+00:00,90896,Birendra,squat,good,squat_good,0.0,0.0,0.0,0.0,0.0,0.0,-9.356541,1.352724,0.399832,-0.095127,-0.055691,0.019718
2026-08-19T15:42:05.918736+00:00,90902,Birendra,squat,good,squat_good,0.0,0.0,0.0,0.0,0.0,0.0,-9.342175,1.323994,0.409408,-0.099923,-0.054358,0.016254
2026-08-19T15:42:05.918736+00:00,90908,Birendra,squat,good,squat_good,0.0,0.0,0.0,0.0,0.0,0.0,-9.334992,1.309628,0.40462,-0.104453,-0.053292,0.013856
2026-08-19T15:42:05.918736+00:00,90914,Birendra,squat,good,squat_good,0.0,0.0,0.0,0.0,0.0,0.0,-9.306262,1.280898,0.392649,-0.10925,-0.050894,0.011191
2026-08-19T15:42:05.918736+00:00,90931,Birendra,squat,good,squat_good,0.0,0.0,0.0,0.0,0.0,0.0,-9.244013,1.254562,0.402226,-0.118309,-0.027979,0.005329
2026-08-19T15:42:05.918736+00:00,90951,Birendra,squat,good,squat_good,0.0,0.0,0.0,0.0,0.0,0.0,-9.258378,1.146823,0.37589,-0.100989,-0.018919,0.01279
2026-08-19T15:42:05.918736+00:00,90970,Birendra,squat,good,squat_good,0.0,0.0,0.0,0.0,0.0,0.0,-9.294291,1.201889,0.435745,-0.08287,-0.015721,0.008527
2026-08-19T15:42:05.918736+00:00,90991,Birendra,squat,good,squat_good,0.0,0.0,0.0,0.0,0.0,0.0,-9.344569,1.285686,0.4956,-0.071145,-0.013323,-0.004796
2026-08-19T15:42:05.918736+00:00,91010,Birendra,squat,good,squat_good,0.0,0.0,0.0,0.0,0.0,0.0,-9.471462,1.35033,0.596156,-0.078873,-0.024781,-0.019452
2026-08-19T15:42:05.918736+00:00,91030,Birendra,squat,good,squat_good,0.0,0.0,0.0,0.0,0.0,0.0,-9.452309,1.307234,0.703895,-0.063685,-0.031176,-0.003198
2026-08-19T15:42:05.918736+00:00,91050,Birendra,squat,good,squat_good,0.0,0.0,0.0,0.0,0.0,0.0,-9.543288,1.434127,0.684742,-0.040769,-0.031709,0.011191
2026-08-19T15:42:05.918736+00:00,91070,Birendra,squat,good,squat_good,0.0,0.0,0.0,0.0,0.0,0.0,-9.552865,1.417367,0.703895,-0.030643,-0.043966,0.028245
2026-08-19T15:42:05.918736+00:00,91091,Birendra,squat,good,squat_good,0.0,0.0,0.0,0.0,0.0,0.0,-9.449914,1.39582,0.636858,-0.021583,-0.050894,0.040502
2026-08-19T15:42:05.918736+00:00,91110,Birendra,squat,good,squat_good,0.0,0.0,0.0,0.0,0.0,0.0,-9.356541,1.419762,0.536301,-0.022916,-0.057556,0.044499
2026-08-19T15:42:05.918736+00:00,91130,Birendra,squat,good,squat_good,0.0,0.0,0.0,0.0,0.0,0.0,-9.299079,1.465251,0.471658,-0.037838,-0.055158,0.038904
2026-08-19T15:42:05.918736+00:00,91150,Birendra,squat,good,squat_good,0.0,0.0,0.0,0.0,0.0,0.0,-9.215282,1.436521,0.486023,-0.053292,-0.053026,0.024515
2026-08-19T15:42:05.918736+00:00,91170,Birendra,squat,good,squat_good,0.0,0.0,0.0,0.0,0.0,0.0,-9.234436,1.386243,0.447716,-0.04743,-0.036505,0.020784
2026-08-19T15:42:05.918736+00:00,91191,Birendra,squat,good,squat_good,0.0,0.0,0.0,0.0,0.0,0.0,-9.349358,1.388637,0.488417,-0.047963,-0.038637,0.019985
2026-08-19T15:42:05.918736+00:00,91210,Birendra,squat,good,squat_good,0.0,0.0,0.0,0.0,0.0,0.0,-9.337387,1.283292,0.553061,-0.049029,-0.045032,0.023982
2026-08-19T15:42:05.918736+00:00,91230,Birendra,squat,good,squat_good,0.0,0.0,0.0,0.0,0.0,0.0,-9.320627,1.30484,0.493206,-0.043966,-0.0429,0.022916
2026-08-19T15:42:05.918736+00:00,91250,Birendra,squat,good,squat_good,0.0,0.0,0.0,0.0,0.0,0.0,-9.385271,1.283292,0.517148,-0.037571,-0.0429,0.022649
2026-08-19T15:42:05.918736+00:00,91270,Birendra,squat,good,squat_good,0.0,0.0,0.0,0.0,0.0,0.0,-9.337387,1.240196,0.507571,-0.033574,-0.046098,0.036772
2026-08-19T15:42:05.918736+00:00,91291,Birendra,squat,good,squat_good,0.0,0.0,0.0,0.0,0.0,0.0,-9.232041,1.264138,0.4956,-0.023182,-0.037571,0.052227
2026-08-19T15:42:05.918736+00:00,91310,Birendra,squat,good,squat_good,0.0,0.0,0.0,0.0,0.0,0.0,-9.332599,1.319205,0.476446,-0.036239,-0.037838,0.041302
2026-08-19T15:42:05.918736+00:00,91330,Birendra,squat,good,squat_good,0.0,0.0,0.0,0.0,0.0,0.0,-9.232041,1.261744,0.507571,-0.037838,-0.041035,0.031443
2026-08-19T15:42:05.918736+00:00,91350,Birendra,squat,good,squat_good,0.0,0.0,0.0,0.0,0.0,0.0,-9.382876,1.479617,0.435745,-0.049562,-0.038371,0.017587
2026-08-19T15:42:05.918736+00:00,91370,Birendra,squat,good,squat_good,0.0,0.0,0.0,0.0,0.0,0.0,-9.349358,1.414973,0.560243,-0.073011,-0.043433,0.001599
2026-08-19T15:42:05.918736+00:00,91390,Birendra,squat,good,squat_good,0.0,0.0,0.0,0.0,0.0,0.0,-9.380483,1.285686,0.617704,-0.053559,-0.040502,0.01279
2026-08-19T15:42:05.918736+00:00,91411,Birendra,squat,good,squat_good,0.0,0.0,0.0,0.0,0.0,0.0,-9.425972,1.393425,0.641646,-0.028245,-0.038637,0.02558
2026-08-19T15:42:05.918736+00:00,91430,Birendra,squat,good,squat_good,0.0,0.0,0.0,0.0,0.0,0.0,-9.433155,1.458069,0.632069,-0.022649,-0.050628,0.032775
2026-08-19T15:42:05.918736+00:00,91450,Birendra,squat,good,squat_good,0.0,0.0,0.0,0.0,0.0,0.0,-9.44752,1.482011,0.636858,-0.021051,-0.047963,0.031176
2026-08-19T15:42:05.918736+00:00,91470,Birendra,squat,good,squat_good,0.0,0.0,0.0,0.0,0.0,0.0,-9.423578,1.426944,0.627281,-0.021317,-0.042368,0.026646
2026-08-19T15:42:05.918736+00:00,91491,Birendra,squat,good,squat_good,0.0,0.0,0.0,0.0,0.0,0.0,-9.461885,1.381454,0.574608,-0.03544,-0.053825,0.018386
2026-08-19T15:42:05.918736+00:00,91511,Birendra,squat,good,squat_good,0.0,0.0,0.0,0.0,0.0,0.0,-9.294291,1.254562,0.512359,-0.027446,-0.055691,0.024515
2026-08-19T15:42:06.341392+00:00,91532,Birendra,squat,good,squat_good,0.0,0.0,0.0,0.0,0.0,0.0,-9.301474,1.431733,0.481235,-0.026646,-0.035972,0.011458
2026-08-19T15:42:06.341392+00:00,91550,Birendra,squat,good,squat_good,0.0,0.0,0.0,0.0,0.0,0.0,-9.344569,1.448492,0.469264,-0.045299,-0.033041,-0.01732
2026-08-19T15:42:06.341392+00:00,91570,Birendra,squat,good,squat_good,0.0,0.0,0.0,0.0,0.0,0.0,-9.368511,1.448492,0.543484,-0.058355,-0.03544,-0.038371
2026-08-19T15:42:06.341392+00:00,91591,Birendra,squat,good,squat_good,0.0,0.0,0.0,0.0,0.0,0.0,-9.40203,1.403002,0.548272,-0.069014,-0.047164,-0.042634
2026-08-19T15:42:06.341392+00:00,91611,Birendra,squat,good,squat_good,0.0,0.0,0.0,0.0,0.0,0.0,-9.392453,1.355118,0.593762,-0.062352,-0.041302,-0.025847
2026-08-19T15:42:06.341392+00:00,91630,Birendra,squat,good,squat_good,0.0,0.0,0.0,0.0,0.0,0.0,-9.306262,1.268927,0.533907,-0.04743,-0.035173,-0.000533
2026-08-19T15:42:06.341392+00:00,91650,Birendra,squat,good,squat_good,0.0,0.0,0.0,0.0,0.0,0.0,-9.370906,1.235408,0.440533,-0.046897,-0.041035,0.005862
2026-08-19T15:42:06.341392+00:00,91670,Birendra,squat,good,squat_good,0.0,0.0,0.0,0.0,0.0,0.0,-9.351752,1.125275,0.445322,-0.03917,-0.046098,0.003997
2026-08-19T15:42:06.341392+00:00,91690,Birendra,squat,good,squat_good,0.0,0.0,0.0,0.0,0.0,0.0,-9.361329,1.122881,0.459687,-0.01732,-0.039969,0.010925
2026-08-19T15:42:06.341392+00:00,91711,Birendra,squat,good,squat_good,0.0,0.0,0.0,0.0,0.0,0.0,-9.289502,1.067814,0.459687,-0.010126,-0.03917,0.031975
2026-08-19T15:42:06.341392+00:00,91730,Birendra,squat,good,squat_good,0.0,0.0,0.0,0.0,0.0,0.0,-9.248801,1.11091,0.459687,0.008793,-0.027446,0.054358
2026-08-19T15:42:06.341392+00:00,91750,Birendra,squat,good,squat_good,0.0,0.0,0.0,0.0,0.0,0.0,-9.143456,1.096544,0.454898,0.027446,-0.022649,0.060753
2026-08-19T15:42:06.341392+00:00,91771,Birendra,squat,good,squat_good,0.0,0.0,0.0,0.0,0.0,0.0,-9.337387,1.290475,0.447716,0.031176,-0.016254,0.034374
2026-08-19T15:42:06.341392+00:00,91790,Birendra,squat,good,squat_good,0.0,0.0,0.0,0.0,0.0,0.0,-9.504981,1.297657,0.457293,0.026646,-0.031176,0.023715
2026-08-19T15:42:06.341392+00:00,91811,Birendra,squat,good,squat_good,0.0,0.0,0.0,0.0,0.0,0.0,-9.509769,1.295263,0.497994,0.046897,-0.03011,0.042368
2026-08-19T15:42:06.341392+00:00,91830,Birendra,squat,good,squat_good,0.0,0.0,0.0,0.0,0.0,0.0,-9.397242,1.027112,0.562637,0.060487,-0.044766,0.076475
2026-08-19T15:42:06.341392+00:00,91850,Birendra,squat,good,squat_good,0.0,0.0,0.0,0.0,0.0,0.0,-9.313444,0.960075,0.59855,0.112447,-0.036239,0.103654
2026-08-19T15:42:06.341392+00:00,91870,Birendra,squat,good,squat_good,0.0,0.0,0.0,0.0,0.0,0.0,-9.392453,1.223437,0.519542,0.134564,-0.043433,0.098058
2026-08-19T15:42:06.341392+00:00,91890,Birendra,squat,good,squat_good,0.0,0.0,0.0,0.0,0.0,0.0,-9.32781,1.486799,0.462081,0.091663,-0.057023,0.075409
2026-08-19T15:42:06.341392+00:00,91913,Birendra,squat,good,squat_good,0.0,0.0,0.0,0.0,0.0,0.0,-9.188946,1.51553,0.466869,0.03091,-0.044766,0.039436
2026-08-19T15:42:06.341392+00:00,91930,Birendra,squat,good,squat_good,0.0,0.0,0.0,0.0,0.0,0.0,-9.131485,1.520318,0.553061,0.001066,-0.021317,0.015188
2026-08-19T15:42:06.341392+00:00,91950,Birendra,squat,good,squat_good,0.0,0.0,0.0,0.0,0.0,0.0,-9.387665,1.666364,0.624887,-0.041835,-0.016254,-0.025314
2026-08-19T15:42:06.341392+00:00,91971,Birendra,squat,good,squat_good,0.0,0.0,0.0,0.0,0.0,0.0,-9.43076,1.68073,0.70629,-0.054891,-0.023982,-0.044499
2026-08-19T15:42:06.341392+00:00,91990,Birendra,squat,good,squat_good,0.0,0.0,0.0,0.0,0.0,0.0,-9.533711,1.726219,0.667982,-0.066882,-0.038371,-0.038104
2026-08-19T15:42:06.341392+00:00,92011,Birendra,squat,good,squat_good,0.0,0.0,0.0,0.0,0.0,0.0,-9.581595,1.568202,0.672771,-0.040236,-0.047963,0.0
2026-08-19T15:42:06.341392+00:00,92030,Birendra,squat,good,squat_good,0.0,0.0,0.0,0.0,0.0,0.0,-9.339781,1.321599,0.651223,0.012524,-0.044233,0.059155
2026-08-19T15:42:06.341392+00:00,92050,Birendra,squat,good,squat_good,0.0,0.0,0.0,0.0,0.0,0.0,-9.301474,1.438915,0.586579,0.049029,-0.017853,0.0866
2026-08-19T15:42:06.341392+00:00,92070,Birendra,squat,good,squat_good,0.0,0.0,0.0,0.0,0.0,0.0,-9.339781,1.513135,0.536301,0.039703,-0.023182,0.072211
2026-08-19T15:42:06.341392+00:00,92090,Birendra,squat,good,squat_good,0.0,0.0,0.0,0.0,0.0,0.0,-9.334992,1.56102,0.474052,-0.001865,-0.043966,0.036239
2026-08-19T15:42:06.341392+00:00,92112,Birendra,squat,good,squat_good,0.0,0.0,0.0,0.0,0.0,0.0,-9.342175,1.486799,0.486023,-0.059688,-0.055158,-0.003464
2026-08-19T15:42:06.341392+00:00,92131,Birendra,squat,good,squat_good,0.0,0.0,0.0,0.0,0.0,0.0,-9.368511,1.369483,0.529119,-0.102855,-0.051161,-0.027179
2026-08-19T15:42:06.341392+00:00,92151,Birendra,squat,good,squat_good,0.0,0.0,0.0,0.0,0.0,0.0,-9.509769,1.189918,0.588974,-0.122573,-0.051427,-0.033308
2026-08-19T15:42:06.341392+00:00,92170,Birendra,squat,good,squat_good,0.0,0.0,0.0,0.0,0.0,0.0,-9.509769,1.010353,0.605733,-0.105253,-0.055158,-0.019718
2026-08-19T15:42:06.341392+00:00,92190,Birendra,squat,good,squat_good,0.0,0.0,0.0,0.0,0.0,0.0,-9.414001,1.005565,0.617704,-0.046364,-0.045032,0.01279
2026-08-19T15:42:06.341392+00:00,92211,Birendra,squat,good,squat_good,0.0,0.0,0.0,0.0,0.0,0.0,-9.406818,1.130063,0.567426,-0.017587,-0.042634,0.033574
2026-08-19T15:42:06.341392+00:00,92231,Birendra,squat,good,squat_good,0.0,0.0,0.0,0.0,0.0,0.0,-9.337387,1.312023,0.54109,-0.026646,-0.033574,0.035706
2026-08-19T15:42:06.341392+00:00,92250,Birendra,squat,good,squat_good,0.0,0.0,0.0,0.0,0.0,0.0,-9.260772,1.436521,0.4956,-0.069813,-0.03091,0.018919
2026-08-19T15:42:06.341392+00:00,92270,Birendra,squat,good,squat_good,0.0,0.0,0.0,0.0,0.0,0.0,-9.220071,1.422156,0.47884,-0.10392,-0.031443,-0.005596
2026-08-19T15:42:06.341392+00:00,92291,Birendra,squat,good,squat_good,0.0,0.0,0.0,0.0,0.0,0.0,-9.299079,1.479617,0.509965,-0.130567,-0.019185,-0.038637
2026-08-19T15:42:06.341392+00:00,92310,Birendra,squat,good,squat_good,0.0,0.0,0.0,0.0,0.0,0.0,-9.404425,1.486799,0.56982,-0.160943,-0.015721,-0.069014
2026-08-19T15:42:06.341392+00:00,92330,Birendra,squat,good,squat_good,0.0,0.0,0.0,0.0,0.0,0.0,-9.478644,1.458069,0.656011,-0.168404,-0.006129,-0.085268
2026-08-19T15:42:06.341392+00:00,92350,Birendra,squat,good,squat_good,0.0,0.0,0.0,0.0,0.0,0.0,-9.49301,1.369483,0.703895,-0.13856,-0.003997,-0.054891
2026-08-19T15:42:06.341392+00:00,92370,Birendra,squat,good,squat_good,0.0,0.0,0.0,0.0,0.0,0.0,-9.452309,1.367089,0.732626,-0.099923,-0.005862,-0.003997
2026-08-19T15:42:06.341392+00:00,92390,Birendra,squat,good,squat_good,0.0,0.0,0.0,0.0,0.0,0.0,-9.40203,1.364695,0.723049,-0.061553,0.001599,0.022649
2026-08-19T15:42:06.341392+00:00,92411,Birendra,squat,good,squat_good,0.0,0.0,0.0,0.0,0.0,0.0,-9.382876,1.460463,0.600945,-0.055158,-0.000799,0.019185
2026-08-19T15:42:06.341392+00:00,92431,Birendra,squat,good,squat_good,0.0,0.0,0.0,0.0,0.0,0.0,-9.394848,1.450886,0.519542,-0.065017,-0.01359,0.011191
2026-08-19T15:42:06.341392+00:00,92450,Birendra,squat,good,squat_good,0.0,0.0,0.0,0.0,0.0,0.0,-9.313444,1.388637,0.497994,-0.070346,-0.015188,0.014123
2026-08-19T15:42:06.341392+00:00,92470,Birendra,squat,good,squat_good,0.0,0.0,0.0,0.0,0.0,0.0,-9.263166,1.314417,0.433351,-0.087666,-0.005329,0.007461
2026-08-19T15:42:06.341392+00:00,92490,Birendra,squat,good,squat_good,0.0,0.0,0.0,0.0,0.0,0.0,-9.150639,1.218649,0.397437,-0.077807,-0.015988,-0.004263
2026-08-19T15:42:06.341392+00:00,92511,Birendra,squat,good,squat_good,0.0,0.0,0.0,0.0,0.0,0.0,-9.339781,1.25935,0.42138,-0.074876,-0.023449,-0.010392
2026-08-19T15:42:07.559109+00:00,92532,Birendra,squat,good,squat_good,0.0,0.0,0.0,0.0,0.0,0.0,-9.299079,1.237802,0.395043,-0.077541,-0.032242,-0.005063
2026-08-19T15:42:07.559109+00:00,92551,Birendra,squat,good,squat_good,0.0,0.0,0.0,0.0,0.0,0.0,-9.358934,1.187524,0.316035,-0.084202,-0.045565,-0.002398
2026-08-19T15:42:07.559109+00:00,92571,Birendra,squat,good,squat_good,0.0,0.0,0.0,0.0,0.0,0.0,-9.323022,1.053449,0.323217,-0.074077,-0.059421,0.019985
2026-08-19T15:42:07.559109+00:00,92591,Birendra,squat,good,squat_good,0.0,0.0,0.0,0.0,0.0,0.0,-9.143456,0.919373,0.301669,-0.033041,-0.053825,0.0437
2026-08-19T15:42:07.559109+00:00,92611,Birendra,squat,good,squat_good,0.0,0.0,0.0,0.0,0.0,0.0,-9.148245,0.890643,0.253785,0.004263,-0.054092,0.05649
2026-08-19T15:42:07.559109+00:00,92631,Birendra,squat,good,squat_good,0.0,0.0,0.0,0.0,0.0,0.0,-9.222465,1.053449,0.248997,0.019452,-0.050095,0.057822
2026-08-19T15:42:07.559109+00:00,92651,Birendra,squat,good,squat_good,0.0,0.0,0.0,0.0,0.0,0.0,-9.229648,1.266533,0.258574,-0.003997,-0.045565,0.039703
2026-08-19T15:42:07.559109+00:00,92670,Birendra,squat,good,squat_good,0.0,0.0,0.0,0.0,0.0,0.0,-9.19134,1.319205,0.332794,-0.049828,-0.037571,0.01732
2026-08-19T15:42:07.559109+00:00,92691,Birendra,squat,good,squat_good,0.0,0.0,0.0,0.0,0.0,0.0,-9.315839,1.335965,0.414197,-0.089798,-0.032508,-0.007727
2026-08-19T15:42:07.559109+00:00,92710,Birendra,squat,good,squat_good,0.0,0.0,0.0,0.0,0.0,0.0,-9.366117,1.290475,0.476446,-0.116178,-0.045299,-0.02185
2026-08-19T15:42:07.559109+00:00,92731,Birendra,squat,good,squat_good,0.0,0.0,0.0,0.0,0.0,0.0,-9.366117,1.170765,0.52433,-0.117243,-0.049029,-0.005862
2026-08-19T15:42:07.559109+00:00,92750,Birendra,squat,good,squat_good,0.0,0.0,0.0,0.0,0.0,0.0,-9.351752,1.18513,0.636858,-0.067149,-0.025314,0.016254
2026-08-19T15:42:07.559109+00:00,92770,Birendra,squat,good,squat_good,0.0,0.0,0.0,0.0,0.0,0.0,-9.509769,1.278504,0.656011,-0.034907,-0.029577,0.028511
2026-08-19T15:42:07.559109+00:00,92790,Birendra,squat,good,squat_good,0.0,0.0,0.0,0.0,0.0,0.0,-9.471462,1.254562,0.667982,0.001066,-0.041568,0.059688
2026-08-19T15:42:07.559109+00:00,92810,Birendra,squat,good,squat_good,0.0,0.0,0.0,0.0,0.0,0.0,-9.445126,1.508347,0.617704,0.014389,-0.039703,0.077807
2026-08-19T15:42:07.559109+00:00,92831,Birendra,squat,good,squat_good,0.0,0.0,0.0,0.0,0.0,0.0,-9.392453,1.431733,0.629675,-0.013856,-0.057556,0.076208
2026-08-19T15:42:07.559109+00:00,92850,Birendra,squat,good,squat_good,0.0,0.0,0.0,0.0,0.0,0.0,-9.337387,1.312023,0.605733,-0.006662,-0.03917,0.067415
2026-08-19T15:42:07.559109+00:00,92870,Birendra,squat,good,squat_good,0.0,0.0,0.0,0.0,0.0,0.0,-9.423578,1.412579,0.622492,-0.03544,-0.06555,0.037838
2026-08-19T15:42:07.559109+00:00,92890,Birendra,squat,good,squat_good,0.0,0.0,0.0,0.0,0.0,0.0,-9.457097,1.450886,0.577003,-0.050894,-0.071945,0.028245
2026-08-19T15:42:07.559109+00:00,92910,Birendra,squat,good,squat_good,0.0,0.0,0.0,0.0,0.0,0.0,-9.409213,1.367089,0.579397,-0.062885,-0.069014,0.032508
2026-08-19T15:42:07.559109+00:00,92931,Birendra,squat,good,squat_good,0.0,0.0,0.0,0.0,0.0,0.0,-9.294291,1.194707,0.531513,-0.054092,-0.059421,0.046897
2026-08-19T15:42:07.559109+00:00,92950,Birendra,squat,good,squat_good,0.0,0.0,0.0,0.0,0.0,0.0,-9.342175,1.132457,0.531513,-0.034107,-0.060221,0.05649
2026-08-19T15:42:07.559109+00:00,92970,Birendra,squat,good,squat_good,0.0,0.0,0.0,0.0,0.0,0.0,-9.406818,1.173159,0.565032,-0.013323,-0.060221,0.047697
2026-08-19T15:42:07.559109+00:00,92990,Birendra,squat,good,squat_good,0.0,0.0,0.0,0.0,0.0,0.0,-9.351752,1.199495,0.466869,-0.012257,-0.057289,0.042368
2026-08-19T15:42:07.559109+00:00,93010,Birendra,squat,good,squat_good,0.0,0.0,0.0,0.0,0.0,0.0,-9.325416,1.254562,0.469264,-0.03011,-0.047164,0.024781
2026-08-19T15:42:07.559109+00:00,93031,Birendra,squat,good,squat_good,0.0,0.0,0.0,0.0,0.0,0.0,-9.315839,1.237802,0.574608,-0.033574,-0.009859,-0.002398
2026-08-19T15:42:07.559109+00:00,93050,Birendra,squat,good,squat_good,0.0,0.0,0.0,0.0,0.0,0.0,-9.485827,1.345541,0.651223,-0.053825,-0.007994,-0.037838
2026-08-19T15:42:07.559109+00:00,93070,Birendra,squat,good,squat_good,0.0,0.0,0.0,0.0,0.0,0.0,-9.595961,1.443704,0.713472,-0.071678,-0.023182,-0.060487
2026-08-19T15:42:07.559109+00:00,93090,Birendra,squat,good,squat_good,0.0,0.0,0.0,0.0,0.0,0.0,-9.603143,1.460463,0.746991,-0.088466,-0.041568,-0.070613
2026-08-19T15:42:07.559109+00:00,93110,Birendra,squat,good,squat_good,0.0,0.0,0.0,0.0,0.0,0.0,-9.528923,1.362301,0.758962,-0.087133,-0.036239,-0.05196
2026-08-19T15:42:07.559109+00:00,93131,Birendra,squat,good,squat_good,0.0,0.0,0.0,0.0,0.0,0.0,-9.457097,1.321599,0.723049,-0.075942,-0.029311,-0.027446
2026-08-19T15:42:07.559109+00:00,93151,Birendra,squat,good,squat_good,0.0,0.0,0.0,0.0,0.0,0.0,-9.497798,1.388637,0.555455,-0.087666,-0.045032,-0.027712
2026-08-19T15:42:07.559109+00:00,93170,Birendra,squat,good,squat_good,0.0,0.0,0.0,0.0,0.0,0.0,-9.411607,1.359907,0.486023,-0.114579,-0.065283,-0.026913
2026-08-19T15:42:07.559109+00:00,93190,Birendra,squat,good,squat_good,0.0,0.0,0.0,0.0,0.0,0.0,-9.196129,1.254562,0.390255,-0.122573,-0.049029,-0.034907
2026-08-19T15:42:07.559109+00:00,93210,Birendra,squat,good,squat_good,0.0,0.0,0.0,0.0,0.0,0.0,-9.239224,1.244985,0.347159,-0.139093,-0.038637,-0.057822
2026-08-19T15:42:07.559109+00:00,93231,Birendra,squat,good,squat_good,0.0,0.0,0.0,0.0,0.0,0.0,-9.26556,1.216254,0.28491,-0.150285,-0.036239,-0.061553
2026-08-19T15:42:07.559109+00:00,93251,Birendra,squat,good,squat_good,0.0,0.0,0.0,0.0,0.0,0.0,-9.167398,1.199495,0.272939,-0.149485,-0.029311,-0.062352
2026-08-19T15:42:07.559109+00:00,93270,Birendra,squat,good,squat_good,0.0,0.0,0.0,0.0,0.0,0.0,-9.16261,1.173159,0.337582,-0.152683,-0.017853,-0.064217
2026-08-19T15:42:07.559109+00:00,93290,Birendra,squat,good,squat_good,0.0,0.0,0.0,0.0,0.0,0.0,-9.121908,1.058237,0.402226,-0.135629,-0.004796,-0.063418
2026-08-19T15:42:07.559109+00:00,93310,Birendra,squat,good,squat_good,0.0,0.0,0.0,0.0,0.0,0.0,-9.382876,1.221043,0.459687,-0.124971,0.000799,-0.076741
2026-08-19T15:42:07.559109+00:00,93331,Birendra,squat,good,squat_good,0.0,0.0,0.0,0.0,0.0,0.0,-9.488221,1.23062,0.553061,-0.127103,-0.009593,-0.075942
2026-08-19T15:42:07.559109+00:00,93351,Birendra,squat,good,squat_good,0.0,0.0,0.0,0.0,0.0,0.0,-9.41879,1.127669,0.648829,-0.095926,-0.004263,-0.050894
2026-08-19T15:42:07.559109+00:00,93370,Birendra,squat,good,squat_good,0.0,0.0,0.0,0.0,0.0,0.0,-9.437943,1.151611,0.667982,-0.067149,0.001865,-0.03091
2026-08-19T15:42:07.559109+00:00,93390,Birendra,squat,good,squat_good,0.0,0.0,0.0,0.0,0.0,0.0,-9.452309,1.206678,0.677559,-0.046098,-0.000266,-0.024248
2026-08-19T15:42:07.559109+00:00,93410,Birendra,squat,good,squat_good,0.0,0.0,0.0,0.0,0.0,0.0,-9.519346,1.268927,0.667982,-0.039969,-0.011191,-0.025314
2026-08-19T15:42:07.559109+00:00,93430,Birendra,squat,good,squat_good,0.0,0.0,0.0,0.0,0.0,0.0,-9.507375,1.280898,0.629675,-0.054092,-0.02185,-0.022916
2026-08-19T15:42:07.559109+00:00,93451,Birendra,squat,good,squat_good,0.0,0.0,0.0,0.0,0.0,0.0,-9.452309,1.115698,0.584185,-0.052493,-0.019985,-0.012524
2026-08-19T15:42:07.559109+00:00,93470,Birendra,squat,good,squat_good,0.0,0.0,0.0,0.0,0.0,0.0,-9.394848,1.053449,0.507571,-0.051161,-0.023715,0.000266
2026-08-19T15:42:07.559109+00:00,93490,Birendra,squat,good,squat_good,0.0,0.0,0.0,0.0,0.0,0.0,-9.318233,0.94571,0.464475,-0.049828,-0.036505,0.001599
2026-08-19T15:42:07.559109+00:00,93510,Birendra,squat,good,squat_good,0.0,0.0,0.0,0.0,0.0,0.0,-9.363723,0.964863,0.380678,-0.053026,-0.037571,-0.008793
2026-08-19T15:42:08.378119+00:00,93531,Birendra,squat,good,squat_good,0.0,0.0,0.0,0.0,0.0,0.0,-9.363723,0.814029,0.397437,-0.053559,-0.043433,-0.005596
2026-08-19T15:42:08.378119+00:00,93551,Birendra,squat,good,squat_good,0.0,0.0,0.0,0.0,0.0,0.0,-9.277532,0.792481,0.418985,-0.031443,-0.026913,0.010126
2026-08-19T15:42:08.378119+00:00,93570,Birendra,squat,good,squat_good,0.0,0.0,0.0,0.0,0.0,0.0,-9.320627,0.828394,0.433351,-0.006928,-0.024781,0.01732
2026-08-19T15:42:08.378119+00:00,93591,Birendra,squat,good,squat_good,0.0,0.0,0.0,0.0,0.0,0.0,-9.349358,0.991199,0.438139,0.005329,-0.03091,0.024781
2026-08-19T15:42:08.378119+00:00,93610,Birendra,squat,good,squat_good,0.0,0.0,0.0,0.0,0.0,0.0,-9.380483,1.151611,0.411803,-0.015455,-0.033308,0.025314
2026-08-19T15:42:08.378119+00:00,93630,Birendra,squat,good,squat_good,0.0,0.0,0.0,0.0,0.0,0.0,-9.299079,1.024718,0.476446,-0.035173,-0.038904,0.023449
2026-08-19T15:42:08.378119+00:00,93651,Birendra,squat,good,squat_good,0.0,0.0,0.0,0.0,0.0,0.0,-9.303867,1.034295,0.493206,-0.022649,-0.017853,0.03464
2026-08-19T15:42:08.378119+00:00,93670,Birendra,squat,good,squat_good,0.0,0.0,0.0,0.0,0.0,0.0,-9.387665,1.16837,0.454898,-0.031709,-0.025047,0.03544
2026-08-19T15:42:08.378119+00:00,93690,Birendra,squat,good,squat_good,0.0,0.0,0.0,0.0,0.0,0.0,-9.351752,1.154005,0.517148,-0.046631,-0.032242,0.033841
2026-08-19T15:42:08.378119+00:00,93710,Birendra,squat,good,squat_good,0.0,0.0,0.0,0.0,0.0,0.0,-9.32781,1.084573,0.517148,-0.054625,-0.03091,0.035706
2026-08-19T15:42:08.378119+00:00,93730,Birendra,squat,good,squat_good,0.0,0.0,0.0,0.0,0.0,0.0,-9.3733,1.046266,0.550666,-0.056757,-0.038371,0.035173
2026-08-19T15:42:08.378119+00:00,93752,Birendra,squat,good,squat_good,0.0,0.0,0.0,0.0,0.0,0.0,-9.483433,1.106121,0.557849,-0.042634,-0.036772,0.044233
2026-08-19T15:42:08.378119+00:00,93771,Birendra,squat,good,squat_good,0.0,0.0,0.0,0.0,0.0,0.0,-9.478644,1.146823,0.526724,-0.037571,-0.043433,0.053292
2026-08-19T15:42:08.378119+00:00,93791,Birendra,squat,good,squat_good,0.0,0.0,0.0,0.0,0.0,0.0,-9.382876,1.082179,0.497994,-0.02638,-0.051161,0.075942
2026-08-19T15:42:08.378119+00:00,93811,Birendra,squat,good,squat_good,0.0,0.0,0.0,0.0,0.0,0.0,-9.26556,1.151611,0.469264,-0.015188,-0.045832,0.08287
2026-08-19T15:42:08.378119+00:00,93831,Birendra,squat,good,squat_good,0.0,0.0,0.0,0.0,0.0,0.0,-9.31105,1.192312,0.445322,-0.044766,-0.049562,0.061819
2026-08-19T15:42:08.378119+00:00,93851,Birendra,squat,good,squat_good,0.0,0.0,0.0,0.0,0.0,0.0,-9.299079,1.165976,0.454898,-0.06475,-0.045565,0.038637
2026-08-19T15:42:08.378119+00:00,93870,Birendra,squat,good,squat_good,0.0,0.0,0.0,0.0,0.0,0.0,-9.416395,1.261744,0.529119,-0.085268,-0.039436,0.016787
2026-08-19T15:42:08.378119+00:00,93890,Birendra,squat,good,squat_good,0.0,0.0,0.0,0.0,0.0,0.0,-9.3733,1.177947,0.605733,-0.088732,-0.042368,0.01279
2026-08-19T15:42:08.378119+00:00,93911,Birendra,squat,good,squat_good,0.0,0.0,0.0,0.0,0.0,0.0,-9.526528,1.216254,0.64404,-0.100989,-0.04743,0.008527
2026-08-19T15:42:08.378119+00:00,93930,Birendra,squat,good,squat_good,0.0,0.0,0.0,0.0,0.0,0.0,-9.43076,1.122881,0.667982,-0.085268,-0.049296,0.025847
2026-08-19T15:42:08.378119+00:00,93950,Birendra,squat,good,squat_good,0.0,0.0,0.0,0.0,0.0,0.0,-9.440337,1.228225,0.641646,-0.07381,-0.044233,0.039436
2026-08-19T15:42:08.378119+00:00,93971,Birendra,squat,good,squat_good,0.0,0.0,0.0,0.0,0.0,0.0,-9.526528,1.278504,0.629675,-0.0866,-0.049828,0.032508
2026-08-19T15:42:08.378119+00:00,93990,Birendra,squat,good,squat_good,0.0,0.0,0.0,0.0,0.0,0.0,-9.449914,1.206678,0.61531,-0.090331,-0.053292,0.022916
2026-08-19T15:42:08.378119+00:00,94010,Birendra,squat,good,squat_good,0.0,0.0,0.0,0.0,0.0,0.0,-9.409213,1.16837,0.593762,-0.09113,-0.057822,0.019185
2026-08-19T15:42:08.378119+00:00,94030,Birendra,squat,good,squat_good,0.0,0.0,0.0,0.0,0.0,0.0,-9.452309,1.206678,0.529119,-0.094594,-0.066083,0.025847
2026-08-19T15:42:08.378119+00:00,94051,Birendra,squat,good,squat_good,0.0,0.0,0.0,0.0,0.0,0.0,-9.416395,1.177947,0.4956,-0.106052,-0.062352,0.022383
2026-08-19T15:42:08.378119+00:00,94071,Birendra,squat,good,squat_good,0.0,0.0,0.0,0.0,0.0,0.0,-9.301474,1.051055,0.47884,-0.103654,-0.054891,0.016254
2026-08-19T15:42:08.378119+00:00,94090,Birendra,squat,good,squat_good,0.0,0.0,0.0,0.0,0.0,0.0,-9.306262,1.024718,0.474052,-0.092995,-0.045565,0.011724
2026-08-19T15:42:08.378119+00:00,94110,Birendra,squat,good,squat_good,0.0,0.0,0.0,0.0,0.0,0.0,-9.40203,1.098939,0.459687,-0.104187,-0.049828,-0.000799
2026-08-19T15:42:08.378119+00:00,94130,Birendra,squat,good,squat_good,0.0,0.0,0.0,0.0,0.0,0.0,-9.361329,1.082179,0.452504,-0.121773,-0.057822,-0.007727
2026-08-19T15:42:08.378119+00:00,94150,Birendra,squat,good,squat_good,0.0,0.0,0.0,0.0,0.0,0.0,-9.330204,1.031901,0.445322,-0.129767,-0.056224,-0.007194
2026-08-19T15:42:08.378119+00:00,94171,Birendra,squat,good,squat_good,0.0,0.0,0.0,0.0,0.0,0.0,-9.251195,0.909797,0.505177,-0.113247,-0.045832,0.0
2026-08-19T15:42:08.378119+00:00,94190,Birendra,squat,good,squat_good,0.0,0.0,0.0,0.0,0.0,0.0,-9.433155,1.067814,0.47884,-0.101789,-0.038637,-0.002931
2026-08-19T15:42:08.378119+00:00,94210,Birendra,squat,good,squat_good,0.0,0.0,0.0,0.0,0.0,0.0,-9.397242,1.041478,0.493206,-0.098591,-0.046631,0.000799
2026-08-19T15:42:08.378119+00:00,94230,Birendra,squat,good,squat_good,0.0,0.0,0.0,0.0,0.0,0.0,-9.392453,1.106121,0.505177,-0.095127,-0.041835,0.001066
2026-08-19T15:42:08.378119+00:00,94250,Birendra,squat,good,squat_good,0.0,0.0,0.0,0.0,0.0,0.0,-9.366117,1.043872,0.538695,-0.09566,-0.035706,0.001865
2026-08-19T15:42:08.378119+00:00,94271,Birendra,squat,good,squat_good,0.0,0.0,0.0,0.0,0.0,0.0,-9.32781,1.031901,0.514753,-0.089265,-0.038104,0.012257
2026-08-19T15:42:08.378119+00:00,94290,Birendra,squat,good,squat_good,0.0,0.0,0.0,0.0,0.0,0.0,-9.356541,1.086968,0.507571,-0.074343,-0.023982,0.007994
2026-08-19T15:42:08.378119+00:00,94310,Birendra,squat,good,squat_good,0.0,0.0,0.0,0.0,0.0,0.0,-9.3733,1.125275,0.584185,-0.078074,-0.023182,-0.001865
2026-08-19T15:42:08.378119+00:00,94330,Birendra,squat,good,squat_good,0.0,0.0,0.0,0.0,0.0,0.0,-9.445126,1.182736,0.682347,-0.084202,-0.018386,-0.010392
2026-08-19T15:42:08.378119+00:00,94350,Birendra,squat,good,squat_good,0.0,0.0,0.0,0.0,0.0,0.0,-9.512163,1.122881,0.725443,-0.093262,-0.026646,-0.016254
2026-08-19T15:42:08.378119+00:00,94371,Birendra,squat,good,squat_good,0.0,0.0,0.0,0.0,0.0,0.0,-9.516952,1.13964,0.756568,-0.074077,-0.032508,0.002665
2026-08-19T15:42:08.378119+00:00,94390,Birendra,squat,good,squat_good,0.0,0.0,0.0,0.0,0.0,0.0,-9.44752,1.122881,0.744597,-0.0437,-0.035972,0.033041
2026-08-19T15:42:08.378119+00:00,94410,Birendra,squat,good,squat_good,0.0,0.0,0.0,0.0,0.0,0.0,-9.44752,1.130063,0.663194,-0.022916,-0.031443,0.043433
2026-08-19T15:42:08.378119+00:00,94430,Birendra,squat,good,squat_good,0.0,0.0,0.0,0.0,0.0,0.0,-9.392453,1.158794,0.627281,-0.01359,-0.029844,0.046364
2026-08-19T15:42:08.378119+00:00,94450,Birendra,squat,good,squat_good,0.0,0.0,0.0,0.0,0.0,0.0,-9.41879,1.242591,0.591368,-0.014389,-0.02638,0.036505
2026-08-19T15:42:08.378119+00:00,94471,Birendra,squat,good,squat_good,0.0,0.0,0.0,0.0,0.0,0.0,-9.411607,1.170765,0.588974,-0.035173,-0.042101,0.024781
2026-08-19T15:42:08.378119+00:00,94490,Birendra,squat,good,squat_good,0.0,0.0,0.0,0.0,0.0,0.0,-9.287108,1.04866,0.562637,-0.016254,-0.035706,0.045299
2026-08-19T15:42:08.378119+00:00,94510,Birendra,squat,good,squat_good,0.0,0.0,0.0,0.0,0.0,0.0,-9.370906,1.13964,0.514753,-0.015188,-0.033041,0.049562
2026-08-19T15:42:09.858567+00:00,94531,Birendra,squat,good,squat_good,0.0,0.0,0.0,0.0,0.0,0.0,-9.306262,1.082179,0.505177,-0.017587,-0.035173,0.047164
2026-08-19T15:42:09.858567+00:00,94550,Birendra,squat,good,squat_good,0.0,0.0,0.0,0.0,0.0,0.0,-9.368511,1.127669,0.476446,-0.028245,-0.038371,0.038104
2026-08-19T15:42:09.858567+00:00,94571,Birendra,squat,good,squat_good,0.0,0.0,0.0,0.0,0.0,0.0,-9.241618,0.988805,0.548272,-0.020784,-0.038371,0.041835
2026-08-19T15:42:09.858567+00:00,94593,Birendra,squat,good,squat_good,0.0,0.0,0.0,0.0,0.0,0.0,-9.363723,1.137246,0.486023,-0.014655,-0.027446,0.042101
2026-08-19T15:42:09.858567+00:00,94610,Birendra,squat,good,squat_good,0.0,0.0,0.0,0.0,0.0,0.0,-9.404425,1.108515,0.54109,-0.033574,-0.037038,0.031443
2026-08-19T15:42:09.858567+00:00,94631,Birendra,squat,good,squat_good,0.0,0.0,0.0,0.0,0.0,0.0,-9.382876,1.122881,0.553061,-0.03091,-0.03011,0.031443
2026-08-19T15:42:09.858567+00:00,94651,Birendra,squat,good,squat_good,0.0,0.0,0.0,0.0,0.0,0.0,-9.433155,1.154005,0.565032,-0.042368,-0.036772,0.026913
2026-08-19T15:42:09.858567+00:00,94671,Birendra,squat,good,squat_good,0.0,0.0,0.0,0.0,0.0,0.0,-9.361329,1.017536,0.572214,-0.038104,-0.040502,0.035173
2026-08-19T15:42:09.858567+00:00,94691,Birendra,squat,good,squat_good,0.0,0.0,0.0,0.0,0.0,0.0,-9.52174,1.199495,0.56982,-0.04823,-0.040502,0.020518
2026-08-19T15:42:09.858567+00:00,94710,Birendra,squat,good,squat_good,0.0,0.0,0.0,0.0,0.0,0.0,-9.473856,1.058237,0.577003,-0.057289,-0.055957,0.02638
2026-08-19T15:42:09.858567+00:00,94731,Birendra,squat,good,squat_good,0.0,0.0,0.0,0.0,0.0,0.0,-9.356541,1.017536,0.553061,-0.039703,-0.050628,0.050095
2026-08-19T15:42:09.858567+00:00,94750,Birendra,squat,good,squat_good,0.0,0.0,0.0,0.0,0.0,0.0,-9.392453,1.091756,0.452504,-0.044233,-0.05649,0.055424
2026-08-19T15:42:09.858567+00:00,94770,Birendra,squat,good,squat_good,0.0,0.0,0.0,0.0,0.0,0.0,-9.272743,1.015141,0.418985,-0.030643,-0.047697,0.053292
2026-08-19T15:42:09.858567+00:00,94791,Birendra,squat,good,squat_good,0.0,0.0,0.0,0.0,0.0,0.0,-9.378088,1.089362,0.430956,-0.039436,-0.056224,0.0437
2026-08-19T15:42:09.858567+00:00,94810,Birendra,squat,good,squat_good,0.0,0.0,0.0,0.0,0.0,0.0,-9.275137,1.041478,0.47884,-0.027979,-0.053292,0.05276
2026-08-19T15:42:09.858567+00:00,94830,Birendra,squat,good,squat_good,0.0,0.0,0.0,0.0,0.0,0.0,-9.284714,1.09415,0.457293,-0.017853,-0.044766,0.063685
2026-08-19T15:42:09.858567+00:00,94850,Birendra,squat,good,squat_good,0.0,0.0,0.0,0.0,0.0,0.0,-9.301474,1.108515,0.493206,-0.007994,-0.036505,0.067415
2026-08-19T15:42:09.858567+00:00,94870,Birendra,squat,good,squat_good,0.0,0.0,0.0,0.0,0.0,0.0,-9.361329,1.256956,0.555455,-0.012524,-0.029844,0.057289
2026-08-19T15:42:09.858567+00:00,94891,Birendra,squat,good,squat_good,0.0,0.0,0.0,0.0,0.0,0.0,-9.351752,1.21386,0.624887,-0.022916,-0.034107,0.047697
2026-08-19T15:42:09.858567+00:00,94910,Birendra,squat,good,squat_good,0.0,0.0,0.0,0.0,0.0,0.0,-9.40203,1.23062,0.672771,-0.017853,-0.028245,0.044233
2026-08-19T15:42:09.858567+00:00,94930,Birendra,squat,good,squat_good,0.0,0.0,0.0,0.0,0.0,0.0,-9.514558,1.278504,0.679953,-0.00906,-0.027179,0.04823
2026-08-19T15:42:09.858567+00:00,94950,Birendra,squat,good,squat_good,0.0,0.0,0.0,0.0,0.0,0.0,-9.497798,1.297657,0.658405,-0.010925,-0.037838,0.060221
2026-08-19T15:42:09.858567+00:00,94971,Birendra,squat,good,squat_good,0.0,0.0,0.0,0.0,0.0,0.0,-9.375694,1.25935,0.68953,-0.004796,-0.035173,0.075675
2026-08-19T15:42:09.858567+00:00,94991,Birendra,squat,good,squat_good,0.0,0.0,0.0,0.0,0.0,0.0,-9.435549,1.340753,0.64404,-0.006662,-0.030643,0.071145
2026-08-19T15:42:09.858567+00:00,95010,Birendra,squat,good,squat_good,0.0,0.0,0.0,0.0,0.0,0.0,-9.449914,1.359907,0.653617,-0.007461,-0.036772,0.05649
2026-08-19T15:42:09.858567+00:00,95030,Birendra,squat,good,squat_good,0.0,0.0,0.0,0.0,0.0,0.0,-9.390059,1.400608,0.617704,-0.017853,-0.040502,0.04743
2026-08-19T15:42:09.858567+00:00,95050,Birendra,squat,good,squat_good,0.0,0.0,0.0,0.0,0.0,0.0,-9.306262,1.307234,0.612916,-0.02185,-0.039703,0.052493
2026-08-19T15:42:09.858567+00:00,95071,Birendra,squat,good,squat_good,0.0,0.0,0.0,0.0,0.0,0.0,-9.267955,1.307234,0.531513,-0.023182,-0.027179,0.058089
2026-08-19T15:42:09.858567+00:00,95091,Birendra,squat,good,squat_good,0.0,0.0,0.0,0.0,0.0,0.0,-9.349358,1.383849,0.483629,-0.043167,-0.032242,0.034907
2026-08-19T15:42:09.858567+00:00,95110,Birendra,squat,good,squat_good,0.0,0.0,0.0,0.0,0.0,0.0,-9.277532,1.192312,0.529119,-0.059688,-0.042634,0.01359
2026-08-19T15:42:09.858567+00:00,95130,Birendra,squat,good,squat_good,0.0,0.0,0.0,0.0,0.0,0.0,-9.344569,1.249773,0.567426,-0.049828,-0.023182,0.005596
2026-08-19T15:42:09.858567+00:00,95150,Birendra,squat,good,squat_good,0.0,0.0,0.0,0.0,0.0,0.0,-9.449914,1.25935,0.641646,-0.054625,-0.021051,0.002132
2026-08-19T15:42:09.858567+00:00,95170,Birendra,squat,good,squat_good,0.0,0.0,0.0,0.0,0.0,0.0,-9.454702,1.197101,0.6608,-0.042634,-0.032775,0.023982
2026-08-19T15:42:09.858567+00:00,95191,Birendra,squat,good,squat_good,0.0,0.0,0.0,0.0,0.0,0.0,-9.392453,1.292869,0.612916,-0.039703,-0.035706,0.034107
2026-08-19T15:42:09.858567+00:00,95210,Birendra,squat,good,squat_good,0.0,0.0,0.0,0.0,0.0,0.0,-9.442732,1.326388,0.581791,-0.057289,-0.034107,0.018919
2026-08-19T15:42:09.858567+00:00,95230,Birendra,squat,good,squat_good,0.0,0.0,0.0,0.0,0.0,0.0,-9.387665,1.175553,0.600945,-0.062619,-0.042101,0.011191
2026-08-19T15:42:09.858567+00:00,95250,Birendra,squat,good,squat_good,0.0,0.0,0.0,0.0,0.0,0.0,-9.397242,1.225831,0.533907,-0.049029,-0.042634,0.016521
2026-08-19T15:42:09.858567+00:00,95270,Birendra,squat,good,squat_good,0.0,0.0,0.0,0.0,0.0,0.0,-9.370906,1.312023,0.553061,-0.044499,-0.038637,0.023715
2026-08-19T15:42:09.858567+00:00,95291,Birendra,squat,good,squat_good,0.0,0.0,0.0,0.0,0.0,0.0,-9.339781,1.328782,0.536301,-0.058888,-0.042368,0.01732
2026-08-19T15:42:09.858567+00:00,95310,Birendra,squat,good,squat_good,0.0,0.0,0.0,0.0,0.0,0.0,-9.31105,1.307234,0.512359,-0.06928,-0.041302,0.010658
2026-08-19T15:42:09.858567+00:00,95330,Birendra,squat,good,squat_good,0.0,0.0,0.0,0.0,0.0,0.0,-9.378088,1.280898,0.486023,-0.096459,-0.048496,-0.003997
2026-08-19T15:42:09.858567+00:00,95350,Birendra,squat,good,squat_good,0.0,0.0,0.0,0.0,0.0,0.0,-9.31105,1.182736,0.521936,-0.096992,-0.044766,-0.00826
2026-08-19T15:42:09.858567+00:00,95370,Birendra,squat,good,squat_good,0.0,0.0,0.0,0.0,0.0,0.0,-9.375694,1.25935,0.536301,-0.086067,-0.033041,-0.00906
2026-08-19T15:42:09.858567+00:00,95391,Birendra,squat,good,squat_good,0.0,0.0,0.0,0.0,0.0,0.0,-9.375694,1.23062,0.574608,-0.076475,-0.033041,-0.000533
2026-08-19T15:42:09.858567+00:00,95410,Birendra,squat,good,squat_good,0.0,0.0,0.0,0.0,0.0,0.0,-9.409213,1.326388,0.581791,-0.072744,-0.038104,0.002931
2026-08-19T15:42:09.858567+00:00,95430,Birendra,squat,good,squat_good,0.0,0.0,0.0,0.0,0.0,0.0,-9.406818,1.35033,0.591368,-0.088998,-0.0437,0.0
2026-08-19T15:42:09.858567+00:00,95450,Birendra,squat,good,squat_good,0.0,0.0,0.0,0.0,0.0,0.0,-9.342175,1.240196,0.586579,-0.101256,-0.046364,-0.000266
2026-08-19T15:42:09.858567+00:00,95470,Birendra,squat,good,squat_good,0.0,0.0,0.0,0.0,0.0,0.0,-9.325416,1.225831,0.565032,-0.098325,-0.038104,-0.001865
2026-08-19T15:42:09.858567+00:00,95491,Birendra,squat,good,squat_good,0.0,0.0,0.0,0.0,0.0,0.0,-9.406818,1.235408,0.497994,-0.107917,-0.038371,-0.014922
2026-08-19T15:42:09.858567+00:00,95510,Birendra,squat,good,squat_good,0.0,0.0,0.0,0.0,0.0,0.0,-9.406818,1.21386,0.486023,-0.117243,-0.046098,-0.02185
2026-08-19T15:42:10.887863+00:00,95531,Birendra,squat,good,squat_good,0.0,0.0,0.0,0.0,0.0,0.0,-9.397242,1.216254,0.457293,-0.12124,-0.037038,-0.027712
2026-08-19T15:42:10.887863+00:00,95550,Birendra,squat,good,squat_good,0.0,0.0,0.0,0.0,0.0,0.0,-9.275137,1.070208,0.469264,-0.115911,-0.029577,-0.020518
2026-08-19T15:42:10.887863+00:00,95570,Birendra,squat,good,squat_good,0.0,0.0,0.0,0.0,0.0,0.0,-9.363723,1.103727,0.481235,-0.115645,-0.019452,-0.025047
2026-08-19T15:42:10.887863+00:00,95591,Birendra,squat,good,squat_good,0.0,0.0,0.0,0.0,0.0,0.0,-9.366117,1.072602,0.533907,-0.126303,-0.018652,-0.038371
2026-08-19T15:42:10.887863+00:00,95610,Birendra,squat,good,squat_good,0.0,0.0,0.0,0.0,0.0,0.0,-9.375694,1.041478,0.567426,-0.122839,-0.01732,-0.042634
2026-08-19T15:42:10.887863+00:00,95630,Birendra,squat,good,squat_good,0.0,0.0,0.0,0.0,0.0,0.0,-9.425972,1.067814,0.605733,-0.114312,-0.021051,-0.038371
2026-08-19T15:42:10.887863+00:00,95650,Birendra,squat,good,squat_good,0.0,0.0,0.0,0.0,0.0,0.0,-9.414001,1.046266,0.682347,-0.094594,-0.023715,-0.023715
2026-08-19T15:42:10.887863+00:00,95670,Birendra,squat,good,squat_good,0.0,0.0,0.0,0.0,0.0,0.0,-9.452309,1.039083,0.749385,-0.060487,-0.018652,-0.009593
2026-08-19T15:42:10.887863+00:00,95691,Birendra,squat,good,squat_good,0.0,0.0,0.0,0.0,0.0,0.0,-9.514558,1.151611,0.732626,-0.023715,-0.022383,0.00906
2026-08-19T15:42:10.887863+00:00,95711,Birendra,squat,good,squat_good,0.0,0.0,0.0,0.0,0.0,0.0,-9.509769,1.237802,0.711078,-0.003464,-0.031709,0.021583
2026-08-19T15:42:10.887863+00:00,95730,Birendra,squat,good,squat_good,0.0,0.0,0.0,0.0,0.0,0.0,-9.440337,1.295263,0.675165,0.008793,-0.037038,0.039969
2026-08-19T15:42:10.887863+00:00,95751,Birendra,squat,good,squat_good,0.0,0.0,0.0,0.0,0.0,0.0,-9.43076,1.374272,0.651223,-0.000533,-0.036772,0.04743
2026-08-19T15:42:10.887863+00:00,95770,Birendra,squat,good,squat_good,0.0,0.0,0.0,0.0,0.0,0.0,-9.299079,1.300052,0.555455,-0.016254,-0.045565,0.049562
2026-08-19T15:42:10.887863+00:00,95791,Birendra,squat,good,squat_good,0.0,0.0,0.0,0.0,0.0,0.0,-9.251195,1.278504,0.505177,-0.022116,-0.035706,0.038371
2026-08-19T15:42:10.887863+00:00,95811,Birendra,squat,good,squat_good,0.0,0.0,0.0,0.0,0.0,0.0,-9.323022,1.204283,0.529119,-0.040502,-0.035706,0.01359
2026-08-19T15:42:10.887863+00:00,95830,Birendra,squat,good,squat_good,0.0,0.0,0.0,0.0,0.0,0.0,-9.416395,1.216254,0.550666,-0.040769,-0.031176,0.007194
2026-08-19T15:42:10.887863+00:00,95850,Birendra,squat,good,squat_good,0.0,0.0,0.0,0.0,0.0,0.0,-9.361329,1.156399,0.584185,-0.042368,-0.040236,0.018652
2026-08-19T15:42:10.887863+00:00,95870,Birendra,squat,good,squat_good,0.0,0.0,0.0,0.0,0.0,0.0,-9.334992,1.115698,0.596156,-0.025314,-0.032508,0.03464
2026-08-19T15:42:10.887863+00:00,95891,Birendra,squat,good,squat_good,0.0,0.0,0.0,0.0,0.0,0.0,-9.409213,1.13964,0.574608,-0.031975,-0.042634,0.035972
2026-08-19T15:42:10.887863+00:00,95911,Birendra,squat,good,squat_good,0.0,0.0,0.0,0.0,0.0,0.0,-9.354146,1.086968,0.500388,-0.03464,-0.040769,0.03464
2026-08-19T15:42:10.887863+00:00,95930,Birendra,squat,good,squat_good,0.0,0.0,0.0,0.0,0.0,0.0,-9.378088,1.091756,0.543484,-0.039969,-0.037571,0.022116
2026-08-19T15:42:10.887863+00:00,95950,Birendra,squat,good,squat_good,0.0,0.0,0.0,0.0,0.0,0.0,-9.397242,1.098939,0.550666,-0.042634,-0.042368,0.022649
2026-08-19T15:42:10.887863+00:00,95970,Birendra,squat,good,squat_good,0.0,0.0,0.0,0.0,0.0,0.0,-9.323022,1.125275,0.572214,-0.029577,-0.038104,0.032508
2026-08-19T15:42:10.887863+00:00,95990,Birendra,squat,good,squat_good,0.0,0.0,0.0,0.0,0.0,0.0,-9.409213,1.242591,0.59855,-0.0437,-0.042101,0.028511
2026-08-19T15:42:10.887863+00:00,96011,Birendra,squat,good,squat_good,0.0,0.0,0.0,0.0,0.0,0.0,-9.296685,1.120486,0.560243,-0.052493,-0.040236,0.026113
2026-08-19T15:42:10.887863+00:00,96030,Birendra,squat,good,squat_good,0.0,0.0,0.0,0.0,0.0,0.0,-9.409213,1.285686,0.572214,-0.05649,-0.03091,0.009326
2026-08-19T15:42:10.887863+00:00,96050,Birendra,squat,good,squat_good,0.0,0.0,0.0,0.0,0.0,0.0,-9.435549,1.223437,0.574608,-0.06475,-0.043966,0.005596
2026-08-19T15:42:10.887863+00:00,96071,Birendra,squat,good,squat_good,0.0,0.0,0.0,0.0,0.0,0.0,-9.41879,1.242591,0.584185,-0.057556,-0.036239,0.016521
2026-08-19T15:42:10.887863+00:00,96090,Birendra,squat,good,squat_good,0.0,0.0,0.0,0.0,0.0,0.0,-9.414001,1.233014,0.617704,-0.058089,-0.033841,0.020784
2026-08-19T15:42:10.887863+00:00,96111,Birendra,squat,good,squat_good,0.0,0.0,0.0,0.0,0.0,0.0,-9.368511,1.216254,0.591368,-0.059688,-0.03464,0.022383
2026-08-19T15:42:10.887863+00:00,96130,Birendra,squat,good,squat_good,0.0,0.0,0.0,0.0,0.0,0.0,-9.354146,1.173159,0.538695,-0.071945,-0.041835,0.013856
2026-08-19T15:42:10.887863+00:00,96151,Birendra,squat,good,squat_good,0.0,0.0,0.0,0.0,0.0,0.0,-9.354146,1.137246,0.512359,-0.08207,-0.040769,0.007727
2026-08-19T15:42:10.887863+00:00,96171,Birendra,squat,good,squat_good,0.0,0.0,0.0,0.0,0.0,0.0,-9.363723,1.130063,0.505177,-0.081538,-0.033841,0.001599
2026-08-19T15:42:10.887863+00:00,96190,Birendra,squat,good,squat_good,0.0,0.0,0.0,0.0,0.0,0.0,-9.306262,1.127669,0.52433,-0.083403,-0.03544,-0.005596
2026-08-19T15:42:10.887863+00:00,96211,Birendra,squat,good,squat_good,0.0,0.0,0.0,0.0,0.0,0.0,-9.349358,1.180341,0.543484,-0.082603,-0.031176,-0.005329
2026-08-19T15:42:10.887863+00:00,96230,Birendra,squat,good,squat_good,0.0,0.0,0.0,0.0,0.0,0.0,-9.41879,1.189918,0.579397,-0.086867,-0.035972,-0.013057
2026-08-19T15:42:10.887863+00:00,96250,Birendra,squat,good,squat_good,0.0,0.0,0.0,0.0,0.0,0.0,-9.394848,1.177947,0.588974,-0.09113,-0.030377,-0.010392
2026-08-19T15:42:10.887863+00:00,96270,Birendra,squat,good,squat_good,0.0,0.0,0.0,0.0,0.0,0.0,-9.404425,1.103727,0.612916,-0.088732,-0.032242,-0.003198
2026-08-19T15:42:10.887863+00:00,96290,Birendra,squat,good,squat_good,0.0,0.0,0.0,0.0,0.0,0.0,-9.421184,1.18513,0.610521,-0.072478,-0.02638,0.003464
2026-08-19T15:42:10.887863+00:00,96311,Birendra,squat,good,squat_good,0.0,0.0,0.0,0.0,0.0,0.0,-9.481039,1.156399,0.593762,-0.075675,-0.03091,0.001599
2026-08-19T15:42:10.887863+00:00,96330,Birendra,squat,good,squat_good,0.0,0.0,0.0,0.0,0.0,0.0,-9.409213,1.132457,0.579397,-0.070879,-0.031176,0.006662
2026-08-19T15:42:10.887863+00:00,96350,Birendra,squat,good,squat_good,0.0,0.0,0.0,0.0,0.0,0.0,-9.437943,1.101333,0.545878,-0.071412,-0.033041,0.011191
2026-08-19T15:42:10.887863+00:00,96370,Birendra,squat,good,squat_good,0.0,0.0,0.0,0.0,0.0,0.0,-9.390059,1.096544,0.533907,-0.075142,-0.035173,0.010658
2026-08-19T15:42:10.887863+00:00,96390,Birendra,squat,good,squat_good,0.0,0.0,0.0,0.0,0.0,0.0,-9.313444,1.022324,0.519542,-0.081005,-0.036772,0.004263
2026-08-19T15:42:10.887863+00:00,96411,Birendra,squat,good,squat_good,0.0,0.0,0.0,0.0,0.0,0.0,-9.337387,0.976834,0.54109,-0.072744,-0.030643,0.001066
2026-08-19T15:42:10.887863+00:00,96430,Birendra,squat,good,squat_good,0.0,0.0,0.0,0.0,0.0,0.0,-9.380483,1.067814,0.56982,-0.064484,-0.03464,0.002665
2026-08-19T15:42:10.887863+00:00,96450,Birendra,squat,good,squat_good,0.0,0.0,0.0,0.0,0.0,0.0,-9.368511,1.086968,0.560243,-0.062885,-0.036772,0.003198
2026-08-19T15:42:10.887863+00:00,96470,Birendra,squat,good,squat_good,0.0,0.0,0.0,0.0,0.0,0.0,-9.385271,1.072602,0.596156,-0.058089,-0.032508,-0.004796
2026-08-19T15:42:10.887863+00:00,96490,Birendra,squat,good,squat_good,0.0,0.0,0.0,0.0,0.0,0.0,-9.397242,1.067814,0.612916,-0.046364,-0.023182,-0.006928
2026-08-19T15:42:10.887863+00:00,96510,Birendra,squat,good,squat_good,0.0,0.0,0.0,0.0,0.0,0.0,-9.533711,1.175553,0.658405,-0.044766,-0.031443,-0.005596
2026-08-19T15:42:12.007971+00:00,96531,Birendra,squat,good,squat_good,0.0,0.0,0.0,0.0,0.0,0.0,-9.425972,1.137246,0.694318,-0.038371,-0.033841,0.009859
2026-08-19T15:42:12.007971+00:00,96550,Birendra,squat,good,squat_good,0.0,0.0,0.0,0.0,0.0,0.0,-9.425972,1.225831,0.603339,-0.041302,-0.025847,0.012524
2026-08-19T15:42:12.007971+00:00,96570,Birendra,squat,good,squat_good,0.0,0.0,0.0,0.0,0.0,0.0,-9.370906,1.247379,0.555455,-0.060753,-0.040236,0.006395
2026-08-19T15:42:12.007971+00:00,96590,Birendra,squat,good,squat_good,0.0,0.0,0.0,0.0,0.0,0.0,-9.346964,1.177947,0.550666,-0.075409,-0.044499,-0.002132
2026-08-19T15:42:12.007971+00:00,96611,Birendra,squat,good,squat_good,0.0,0.0,0.0,0.0,0.0,0.0,-9.318233,1.04866,0.52433,-0.061553,-0.033041,0.001865
2026-08-19T15:42:12.007971+00:00,96631,Birendra,squat,good,squat_good,0.0,0.0,0.0,0.0,0.0,0.0,-9.366117,1.127669,0.54109,-0.050628,-0.028511,0.005063
2026-08-19T15:42:12.007971+00:00,96650,Birendra,squat,good,squat_good,0.0,0.0,0.0,0.0,0.0,0.0,-9.368511,1.120486,0.596156,-0.054625,-0.03544,0.004796
2026-08-19T15:42:12.007971+00:00,96670,Birendra,squat,good,squat_good,0.0,0.0,0.0,0.0,0.0,0.0,-9.375694,1.096544,0.565032,-0.069014,-0.034907,-0.002398
2026-08-19T15:42:12.007971+00:00,96690,Birendra,squat,good,squat_good,0.0,0.0,0.0,0.0,0.0,0.0,-9.375694,1.053449,0.581791,-0.080205,-0.032242,-0.010658
2026-08-19T15:42:12.007971+00:00,96710,Birendra,squat,good,squat_good,0.0,0.0,0.0,0.0,0.0,0.0,-9.425972,0.979228,0.603339,-0.080738,-0.029844,-0.013323
2026-08-19T15:42:12.007971+00:00,96731,Birendra,squat,good,squat_good,0.0,0.0,0.0,0.0,0.0,0.0,-9.485827,1.022324,0.591368,-0.073011,-0.025047,-0.011458
2026-08-19T15:42:12.007971+00:00,96750,Birendra,squat,good,squat_good,0.0,0.0,0.0,0.0,0.0,0.0,-9.488221,1.063026,0.61531,-0.07008,-0.030643,-0.005862
2026-08-19T15:42:12.007971+00:00,96770,Birendra,squat,good,squat_good,0.0,0.0,0.0,0.0,0.0,0.0,-9.421184,1.043872,0.632069,-0.062086,-0.033574,0.007727
2026-08-19T15:42:12.007971+00:00,96790,Birendra,squat,good,squat_good,0.0,0.0,0.0,0.0,0.0,0.0,-9.342175,1.007959,0.624887,-0.049828,-0.032508,0.027179
2026-08-19T15:42:12.007971+00:00,96810,Birendra,squat,good,squat_good,0.0,0.0,0.0,0.0,0.0,0.0,-9.397242,1.156399,0.584185,-0.053559,-0.031975,0.024781
2026-08-19T15:42:12.007971+00:00,96831,Birendra,squat,good,squat_good,0.0,0.0,0.0,0.0,0.0,0.0,-9.313444,1.096544,0.557849,-0.060221,-0.036505,0.013856
2026-08-19T15:42:12.007971+00:00,96850,Birendra,squat,good,squat_good,0.0,0.0,0.0,0.0,0.0,0.0,-9.337387,1.13964,0.533907,-0.064484,-0.033308,0.005596
2026-08-19T15:42:12.007971+00:00,96870,Birendra,squat,good,squat_good,0.0,0.0,0.0,0.0,0.0,0.0,-9.394848,1.098939,0.584185,-0.072478,-0.035173,0.002132
2026-08-19T15:42:12.007971+00:00,96890,Birendra,squat,good,squat_good,0.0,0.0,0.0,0.0,0.0,0.0,-9.375694,1.127669,0.56982,-0.075142,-0.030643,0.005596
2026-08-19T15:42:12.007971+00:00,96910,Birendra,squat,good,squat_good,0.0,0.0,0.0,0.0,0.0,0.0,-9.387665,1.091756,0.574608,-0.08287,-0.032508,0.004796
2026-08-19T15:42:12.007971+00:00,96931,Birendra,squat,good,squat_good,0.0,0.0,0.0,0.0,0.0,0.0,-9.378088,1.053449,0.565032,-0.085002,-0.031443,0.006395
2026-08-19T15:42:12.007971+00:00,96950,Birendra,squat,good,squat_good,0.0,0.0,0.0,0.0,0.0,0.0,-9.428367,1.067814,0.572214,-0.089531,-0.033308,0.004796
2026-08-19T15:42:12.007971+00:00,96970,Birendra,squat,good,squat_good,0.0,0.0,0.0,0.0,0.0,0.0,-9.404425,1.036689,0.596156,-0.090064,-0.032508,0.008793
2026-08-19T15:42:12.007971+00:00,96990,Birendra,squat,good,squat_good,0.0,0.0,0.0,0.0,0.0,0.0,-9.366117,1.051055,0.574608,-0.089798,-0.031443,0.010392
2026-08-19T15:42:12.007971+00:00,97010,Birendra,squat,good,squat_good,0.0,0.0,0.0,0.0,0.0,0.0,-9.390059,1.027112,0.548272,-0.085002,-0.033308,0.011191
2026-08-19T15:42:12.007971+00:00,97033,Birendra,squat,good,squat_good,0.0,0.0,0.0,0.0,0.0,0.0,-9.390059,1.046266,0.577003,-0.083936,-0.035173,0.011724
2026-08-19T15:42:12.007971+00:00,97051,Birendra,squat,good,squat_good,0.0,0.0,0.0,0.0,0.0,0.0,-9.423578,1.072602,0.548272,-0.0866,-0.036772,0.010925
2026-08-19T15:42:12.007971+00:00,97070,Birendra,squat,good,squat_good,0.0,0.0,0.0,0.0,0.0,0.0,-9.382876,1.055843,0.536301,-0.088199,-0.038371,0.013323
2026-08-19T15:42:12.007971+00:00,97091,Birendra,squat,good,squat_good,0.0,0.0,0.0,0.0,0.0,0.0,-9.394848,1.051055,0.588974,-0.093795,-0.030377,0.005329
2026-08-19T15:42:12.007971+00:00,97110,Birendra,squat,good,squat_good,0.0,0.0,0.0,0.0,0.0,0.0,-9.445126,1.082179,0.562637,-0.088998,-0.028245,0.004263
2026-08-19T15:42:12.007971+00:00,97132,Birendra,squat,good,squat_good,0.0,0.0,0.0,0.0,0.0,0.0,-9.433155,0.976834,0.588974,-0.088466,-0.038904,0.006129
2026-08-19T15:42:12.007971+00:00,97151,Birendra,squat,good,squat_good,0.0,0.0,0.0,0.0,0.0,0.0,-9.382876,0.921768,0.579397,-0.067415,-0.038637,0.015988
2026-08-19T15:42:12.007971+00:00,97171,Birendra,squat,good,squat_good,0.0,0.0,0.0,0.0,0.0,0.0,-9.433155,0.986411,0.557849,-0.05276,-0.029577,0.013856
2026-08-19T15:42:12.007971+00:00,97191,Birendra,squat,good,squat_good,0.0,0.0,0.0,0.0,0.0,0.0,-9.466674,0.988805,0.646434,-0.043966,-0.031975,0.013057
2026-08-19T15:42:12.007971+00:00,97210,Birendra,squat,good,squat_good,0.0,0.0,0.0,0.0,0.0,0.0,-9.423578,0.981623,0.627281,-0.027979,-0.03091,0.028511
2026-08-19T15:42:12.007971+00:00,97231,Birendra,squat,good,squat_good,0.0,0.0,0.0,0.0,0.0,0.0,-9.457097,1.012747,0.620098,-0.023182,-0.035706,0.037838
2026-08-19T15:42:12.007971+00:00,97251,Birendra,squat,good,squat_good,0.0,0.0,0.0,0.0,0.0,0.0,-9.404425,1.039083,0.581791,-0.020784,-0.041835,0.043167
2026-08-19T15:42:12.007971+00:00,97270,Birendra,squat,good,squat_good,0.0,0.0,0.0,0.0,0.0,0.0,-9.356541,1.058237,0.538695,-0.032775,-0.049296,0.035972
2026-08-19T15:42:12.007971+00:00,97290,Birendra,squat,good,squat_good,0.0,0.0,0.0,0.0,0.0,0.0,-9.296685,1.010353,0.469264,-0.042634,-0.046098,0.028511
2026-08-19T15:42:12.007971+00:00,97310,Birendra,squat,good,squat_good,0.0,0.0,0.0,0.0,0.0,0.0,-9.301474,0.993594,0.474052,-0.041035,-0.043167,0.031176
2026-08-19T15:42:12.007971+00:00,97330,Birendra,squat,good,squat_good,0.0,0.0,0.0,0.0,0.0,0.0,-9.368511,1.022324,0.502782,-0.037571,-0.038104,0.027979
2026-08-19T15:42:12.007971+00:00,97351,Birendra,squat,good,squat_good,0.0,0.0,0.0,0.0,0.0,0.0,-9.416395,1.041478,0.526724,-0.040769,-0.034907,0.026113
2026-08-19T15:42:12.007971+00:00,97370,Birendra,squat,good,squat_good,0.0,0.0,0.0,0.0,0.0,0.0,-9.414001,1.031901,0.572214,-0.038637,-0.036772,0.024515
2026-08-19T15:42:12.007971+00:00,97390,Birendra,squat,good,squat_good,0.0,0.0,0.0,0.0,0.0,0.0,-9.378088,0.995988,0.572214,-0.029844,-0.033041,0.033841
2026-08-19T15:42:12.007971+00:00,97410,Birendra,squat,good,squat_good,0.0,0.0,0.0,0.0,0.0,0.0,-9.466674,1.055843,0.591368,-0.031709,-0.033574,0.035706
2026-08-19T15:42:12.007971+00:00,97430,Birendra,squat,good,squat_good,0.0,0.0,0.0,0.0,0.0,0.0,-9.404425,1.070208,0.624887,-0.029044,-0.036505,0.033308
2026-08-19T15:42:12.007971+00:00,97451,Birendra,squat,good,squat_good,0.0,0.0,0.0,0.0,0.0,0.0,-9.437943,1.051055,0.61531,-0.036772,-0.046631,0.033841
2026-08-19T15:42:12.007971+00:00,97470,Birendra,squat,good,squat_good,0.0,0.0,0.0,0.0,0.0,0.0,-9.416395,1.043872,0.600945,-0.038904,-0.047164,0.036505
2026-08-19T15:42:12.007971+00:00,97490,Birendra,squat,good,squat_good,0.0,0.0,0.0,0.0,0.0,0.0,-9.351752,0.957681,0.579397,-0.033041,-0.043433,0.042634
2026-08-19T15:42:12.007971+00:00,97510,Birendra,squat,good,squat_good,0.0,0.0,0.0,0.0,0.0,0.0,-9.385271,1.053449,0.584185,-0.024515,-0.038637,0.043966
2026-08-19T15:42:12.373599+00:00,97531,Birendra,squat,good,squat_good,0.0,0.0,0.0,0.0,0.0,0.0,-9.404425,1.098939,0.586579,-0.029044,-0.048763,0.042634
2026-08-19T15:42:12.373599+00:00,97551,Birendra,squat,good,squat_good,0.0,0.0,0.0,0.0,0.0,0.0,-9.31105,1.113304,0.577003,-0.031709,-0.042101,0.041835
2026-08-19T15:42:12.373599+00:00,97570,Birendra,squat,good,squat_good,0.0,0.0,0.0,0.0,0.0,0.0,-9.315839,1.077391,0.600945,-0.031443,-0.034907,0.035706
2026-08-19T15:42:12.373599+00:00,97591,Birendra,squat,good,squat_good,0.0,0.0,0.0,0.0,0.0,0.0,-9.385271,1.120486,0.610521,-0.033841,-0.03464,0.035972
2026-08-19T15:42:12.373599+00:00,97610,Birendra,squat,good,squat_good,0.0,0.0,0.0,0.0,0.0,0.0,-9.416395,1.209072,0.641646,-0.042368,-0.031975,0.032508
2026-08-19T15:42:12.373599+00:00,97631,Birendra,squat,good,squat_good,0.0,0.0,0.0,0.0,0.0,0.0,-9.445126,1.256956,0.653617,-0.056757,-0.035173,0.02185
2026-08-19T15:42:12.373599+00:00,97651,Birendra,squat,good,squat_good,0.0,0.0,0.0,0.0,0.0,0.0,-9.440337,1.146823,0.658405,-0.059954,-0.037838,0.02638
2026-08-19T15:42:12.373599+00:00,97670,Birendra,squat,good,squat_good,0.0,0.0,0.0,0.0,0.0,0.0,-9.423578,1.173159,0.636858,-0.050095,-0.029577,0.035706
2026-08-19T15:42:12.373599+00:00,97690,Birendra,squat,good,squat_good,0.0,0.0,0.0,0.0,0.0,0.0,-9.452309,1.156399,0.634463,-0.055957,-0.032775,0.033574
2026-08-19T15:42:12.373599+00:00,97710,Birendra,squat,good,squat_good,0.0,0.0,0.0,0.0,0.0,0.0,-9.40203,1.101333,0.634463,-0.05196,-0.03464,0.035173
2026-08-19T15:42:12.373599+00:00,97730,Birendra,squat,good,squat_good,0.0,0.0,0.0,0.0,0.0,0.0,-9.41879,1.130063,0.562637,-0.058355,-0.038637,0.036772
2026-08-19T15:42:12.373599+00:00,97752,Birendra,squat,good,squat_good,0.0,0.0,0.0,0.0,0.0,0.0,-9.342175,1.082179,0.560243,-0.061286,-0.043433,0.034374
2026-08-19T15:42:12.373599+00:00,97770,Birendra,squat,good,squat_good,0.0,0.0,0.0,0.0,0.0,0.0,-9.339781,1.086968,0.531513,-0.063418,-0.037571,0.031709
2026-08-19T15:42:12.373599+00:00,97790,Birendra,squat,good,squat_good,0.0,0.0,0.0,0.0,0.0,0.0,-9.375694,1.089362,0.545878,-0.074876,-0.038637,0.020518
2026-08-19T15:42:12.373599+00:00,97810,Birendra,squat,good,squat_good,0.0,0.0,0.0,0.0,0.0,0.0,-9.337387,1.077391,0.517148,-0.078873,-0.041035,0.019185
2026-08-19T15:42:12.373599+00:00,97830,Birendra,squat,good,squat_good,0.0,0.0,0.0,0.0,0.0,0.0,-9.330204,1.058237,0.486023,-0.087666,-0.0437,0.015455
2026-08-19T15:42:12.373599+00:00,97851,Birendra,squat,good,squat_good,0.0,0.0,0.0,0.0,0.0,0.0,-9.325416,1.067814,0.526724,-0.0874,-0.029577,0.002665
2026-08-19T15:42:12.373599+00:00,97870,Birendra,squat,good,squat_good,0.0,0.0,0.0,0.0,0.0,0.0,-9.449914,1.108515,0.56982,-0.087666,-0.029577,-0.009326
2026-08-19T15:42:12.373599+00:00,97890,Birendra,squat,good,squat_good,0.0,0.0,0.0,0.0,0.0,0.0,-9.433155,1.058237,0.653617,-0.079939,-0.034107,0.002398
2026-08-19T15:42:12.373599+00:00,97910,Birendra,squat,good,squat_good,0.0,0.0,0.0,0.0,0.0,0.0,-9.445126,1.149217,0.677559,-0.058622,-0.027979,0.021317
2026-08-19T15:42:12.373599+00:00,97930,Birendra,squat,good,squat_good,0.0,0.0,0.0,0.0,0.0,0.0,-9.435549,1.225831,0.665588,-0.062619,-0.03917,0.029844
2026-08-19T15:42:12.373599+00:00,97954,Birendra,squat,good,squat_good,0.0,0.0,0.0,0.0,0.0,0.0,-9.378088,1.240196,0.562637,-0.069813,-0.044233,0.034107
2026-08-19T15:42:12.373599+00:00,97970,Birendra,squat,good,squat_good,0.0,0.0,0.0,0.0,0.0,0.0,-9.318233,1.192312,0.54109,-0.075942,-0.037038,0.02558
2026-08-19T15:42:12.373599+00:00,97990,Birendra,squat,good,squat_good,0.0,0.0,0.0,0.0,0.0,0.0,-9.306262,1.096544,0.533907,-0.071945,-0.039703,0.024248
2026-08-19T15:42:12.373599+00:00,98011,Birendra,squat,good,squat_good,0.0,0.0,0.0,0.0,0.0,0.0,-9.392453,1.089362,0.529119,-0.054092,-0.034374,0.027712
2026-08-19T15:42:12.373599+00:00,98030,Birendra,squat,good,squat_good,0.0,0.0,0.0,0.0,0.0,0.0,-9.416395,1.127669,0.560243,-0.05649,-0.038637,0.021583
2026-08-19T15:42:12.373599+00:00,98051,Birendra,squat,good,squat_good,0.0,0.0,0.0,0.0,0.0,0.0,-9.366117,1.077391,0.557849,-0.049296,-0.027446,0.02638
2026-08-19T15:42:12.373599+00:00,98070,Birendra,squat,good,squat_good,0.0,0.0,0.0,0.0,0.0,0.0,-9.406818,1.043872,0.574608,-0.052227,-0.03091,0.027712
2026-08-19T15:42:12.373599+00:00,98090,Birendra,squat,good,squat_good,0.0,0.0,0.0,0.0,0.0,0.0,-9.425972,0.986411,0.608127,-0.045299,-0.030643,0.028778
2026-08-19T15:42:12.373599+00:00,98110,Birendra,squat,good,squat_good,0.0,0.0,0.0,0.0,0.0,0.0,-9.469068,1.142034,0.562637,-0.042634,-0.026113,0.022916
2026-08-19T15:42:12.373599+00:00,98130,Birendra,squat,good,squat_good,0.0,0.0,0.0,0.0,0.0,0.0,-9.370906,1.027112,0.622492,-0.056224,-0.037838,0.022116
2026-08-19T15:42:12.373599+00:00,98151,Birendra,squat,good,squat_good,0.0,0.0,0.0,0.0,0.0,0.0,-9.361329,1.00317,0.672771,-0.041835,-0.03011,0.03091
2026-08-19T15:42:12.373599+00:00,98170,Birendra,squat,good,squat_good,0.0,0.0,0.0,0.0,0.0,0.0,-9.425972,1.118092,0.634463,-0.029311,-0.033041,0.03464
2026-08-19T15:42:12.373599+00:00,98190,Birendra,squat,good,squat_good,0.0,0.0,0.0,0.0,0.0,0.0,-9.425972,1.137246,0.596156,-0.035972,-0.041835,0.03011
2026-08-19T15:42:12.373599+00:00,98210,Birendra,squat,good,squat_good,0.0,0.0,0.0,0.0,0.0,0.0,-9.399636,1.149217,0.617704,-0.041302,-0.042368,0.027979
2026-08-19T15:42:12.373599+00:00,98230,Birendra,squat,good,squat_good,0.0,0.0,0.0,0.0,0.0,0.0,-9.380483,1.163582,0.591368,-0.043966,-0.038371,0.028778
2026-08-19T15:42:12.373599+00:00,98251,Birendra,squat,good,squat_good,0.0,0.0,0.0,0.0,0.0,0.0,-9.368511,1.161188,0.562637,-0.038371,-0.035173,0.034907
2026-08-19T15:42:12.373599+00:00,98271,Birendra,squat,good,squat_good,0.0,0.0,0.0,0.0,0.0,0.0,-9.337387,1.221043,0.545878,-0.036505,-0.036239,0.040769
2026-08-19T15:42:12.373599+00:00,98290,Birendra,squat,good,squat_good,0.0,0.0,0.0,0.0,0.0,0.0,-9.313444,1.237802,0.509965,-0.038104,-0.029844,0.038371
2026-08-19T15:42:12.373599+00:00,98310,Birendra,squat,good,squat_good,0.0,0.0,0.0,0.0,0.0,0.0,-9.390059,1.223437,0.526724,-0.049562,-0.03011,0.028511
2026-08-19T15:42:12.373599+00:00,98331,Birendra,squat,good,squat_good,0.0,0.0,0.0,0.0,0.0,0.0,-9.354146,1.130063,0.591368,-0.055158,-0.038104,0.03011
2026-08-19T15:42:12.373599+00:00,98351,Birendra,squat,good,squat_good,0.0,0.0,0.0,0.0,0.0,0.0,-9.370906,1.170765,0.56982,-0.053026,-0.031176,0.032242
2026-08-19T15:42:12.373599+00:00,98370,Birendra,squat,good,squat_good,0.0,0.0,0.0,0.0,0.0,0.0,-9.382876,1.034295,0.574608,-0.059421,-0.036505,0.031975
2026-08-19T15:42:12.373599+00:00,98391,Birendra,squat,good,squat_good,0.0,0.0,0.0,0.0,0.0,0.0,-9.390059,1.041478,0.591368,-0.051161,-0.034107,0.031975
2026-08-19T15:42:12.373599+00:00,98410,Birendra,squat,good,squat_good,0.0,0.0,0.0,0.0,0.0,0.0,-9.471462,1.036689,0.588974,-0.059688,-0.046897,0.024515
2026-08-19T15:42:12.373599+00:00,98430,Birendra,squat,good,squat_good,0.0,0.0,0.0,0.0,0.0,0.0,-9.40203,1.024718,0.572214,-0.042634,-0.044766,0.039969
2026-08-19T15:42:12.373599+00:00,98451,Birendra,squat,good,squat_good,0.0,0.0,0.0,0.0,0.0,0.0,-9.41879,1.120486,0.572214,-0.041302,-0.037305,0.042368
2026-08-19T15:42:12.373599+00:00,98471,Birendra,squat,good,squat_good,0.0,0.0,0.0,0.0,0.0,0.0,-9.346964,1.120486,0.608127,-0.038371,-0.035173,0.04743
2026-08-19T15:42:12.373599+00:00,98490,Birendra,squat,good,squat_good,0.0,0.0,0.0,0.0,0.0,0.0,-9.361329,1.21386,0.572214,-0.040769,-0.041835,0.048763
2026-08-19T15:42:12.373599+00:00,98510,Birendra,squat,good,squat_good,0.0,0.0,0.0,0.0,0.0,0.0,-9.344569,1.197101,0.545878,-0.049296,-0.049828,0.044233
2026-08-19T15:42:13.558843+00:00,98531,Birendra,squat,good,squat_good,0.0,0.0,0.0,0.0,0.0,0.0,-9.26556,1.156399,0.553061,-0.043433,-0.03464,0.040769
2026-08-19T15:42:13.558843+00:00,98550,Birendra,squat,good,squat_good,0.0,0.0,0.0,0.0,0.0,0.0,-9.397242,1.283292,0.605733,-0.042101,-0.02185,0.022916
2026-08-19T15:42:13.558843+00:00,98572,Birendra,squat,good,squat_good,0.0,0.0,0.0,0.0,0.0,0.0,-9.435549,1.223437,0.701501,-0.05276,-0.034907,0.020518
2026-08-19T15:42:13.558843+00:00,98590,Birendra,squat,good,squat_good,0.0,0.0,0.0,0.0,0.0,0.0,-9.41879,1.273715,0.68953,-0.045299,-0.037305,0.041035
2026-08-19T15:42:13.558843+00:00,98611,Birendra,squat,good,squat_good,0.0,0.0,0.0,0.0,0.0,0.0,-9.428367,1.309628,0.658405,-0.052493,-0.035173,0.045299
2026-08-19T15:42:13.558843+00:00,98631,Birendra,squat,good,squat_good,0.0,0.0,0.0,0.0,0.0,0.0,-9.41879,1.314417,0.629675,-0.066083,-0.040769,0.038637
2026-08-19T15:42:13.558843+00:00,98651,Birendra,squat,good,squat_good,0.0,0.0,0.0,0.0,0.0,0.0,-9.346964,1.237802,0.581791,-0.062885,-0.039969,0.036239
2026-08-19T15:42:13.558843+00:00,98673,Birendra,squat,good,squat_good,0.0,0.0,0.0,0.0,0.0,0.0,-9.325416,1.211466,0.54109,-0.058355,-0.038371,0.0429
2026-08-19T15:42:13.558843+00:00,98690,Birendra,squat,good,squat_good,0.0,0.0,0.0,0.0,0.0,0.0,-9.339781,1.264138,0.517148,-0.055691,-0.029044,0.047164
2026-08-19T15:42:13.558843+00:00,98710,Birendra,squat,good,squat_good,0.0,0.0,0.0,0.0,0.0,0.0,-9.320627,1.292869,0.521936,-0.066349,-0.027712,0.033574
2026-08-19T15:42:13.558843+00:00,98730,Birendra,squat,good,squat_good,0.0,0.0,0.0,0.0,0.0,0.0,-9.349358,1.252167,0.557849,-0.09113,-0.033308,0.016787
2026-08-19T15:42:13.558843+00:00,98750,Birendra,squat,good,squat_good,0.0,0.0,0.0,0.0,0.0,0.0,-9.363723,1.127669,0.617704,-0.094328,-0.031176,0.011724
2026-08-19T15:42:13.558843+00:00,98771,Birendra,squat,good,squat_good,0.0,0.0,0.0,0.0,0.0,0.0,-9.526528,1.165976,0.59855,-0.079939,-0.027979,0.020518
2026-08-19T15:42:13.558843+00:00,98790,Birendra,squat,good,squat_good,0.0,0.0,0.0,0.0,0.0,0.0,-9.41879,1.115698,0.577003,-0.060221,-0.02638,0.033041
2026-08-19T15:42:13.558843+00:00,98810,Birendra,squat,good,squat_good,0.0,0.0,0.0,0.0,0.0,0.0,-9.461885,1.23062,0.624887,-0.062885,-0.035972,0.035173
2026-08-19T15:42:13.558843+00:00,98830,Birendra,squat,good,squat_good,0.0,0.0,0.0,0.0,0.0,0.0,-9.416395,1.206678,0.629675,-0.064484,-0.032242,0.03464
2026-08-19T15:42:13.558843+00:00,98850,Birendra,squat,good,squat_good,0.0,0.0,0.0,0.0,0.0,0.0,-9.392453,1.194707,0.653617,-0.059688,-0.033574,0.03544
2026-08-19T15:42:13.558843+00:00,98871,Birendra,squat,good,squat_good,0.0,0.0,0.0,0.0,0.0,0.0,-9.387665,1.21386,0.593762,-0.047963,-0.038104,0.0429
2026-08-19T15:42:13.558843+00:00,98890,Birendra,squat,good,squat_good,0.0,0.0,0.0,0.0,0.0,0.0,-9.351752,1.25935,0.586579,-0.046631,-0.037838,0.043433
2026-08-19T15:42:13.558843+00:00,98910,Birendra,squat,good,squat_good,0.0,0.0,0.0,0.0,0.0,0.0,-9.323022,1.283292,0.579397,-0.045565,-0.036239,0.041835
2026-08-19T15:42:13.558843+00:00,98930,Birendra,squat,good,squat_good,0.0,0.0,0.0,0.0,0.0,0.0,-9.306262,1.280898,0.588974,-0.051694,-0.036505,0.033841
2026-08-19T15:42:13.558843+00:00,98950,Birendra,squat,good,squat_good,0.0,0.0,0.0,0.0,0.0,0.0,-9.378088,1.223437,0.593762,-0.047164,-0.036505,0.035706
2026-08-19T15:42:13.558843+00:00,98971,Birendra,squat,good,squat_good,0.0,0.0,0.0,0.0,0.0,0.0,-9.411607,1.326388,0.588974,-0.039436,-0.031176,0.043966
2026-08-19T15:42:13.558843+00:00,98990,Birendra,squat,good,squat_good,0.0,0.0,0.0,0.0,0.0,0.0,-9.363723,1.295263,0.608127,-0.046364,-0.033041,0.041302
2026-08-19T15:42:13.558843+00:00,99010,Birendra,squat,good,squat_good,0.0,0.0,0.0,0.0,0.0,0.0,-9.404425,1.285686,0.596156,-0.054358,-0.033574,0.033308
2026-08-19T15:42:13.558843+00:00,99030,Birendra,squat,good,squat_good,0.0,0.0,0.0,0.0,0.0,0.0,-9.394848,1.223437,0.59855,-0.055691,-0.038104,0.033574
2026-08-19T15:42:13.558843+00:00,99050,Birendra,squat,good,squat_good,0.0,0.0,0.0,0.0,0.0,0.0,-9.358934,1.158794,0.584185,-0.037571,-0.037838,0.044233
2026-08-19T15:42:13.558843+00:00,99070,Birendra,squat,good,squat_good,0.0,0.0,0.0,0.0,0.0,0.0,-9.3733,1.201889,0.588974,-0.019718,-0.031709,0.049828
2026-08-19T15:42:13.558843+00:00,99091,Birendra,squat,good,squat_good,0.0,0.0,0.0,0.0,0.0,0.0,-9.411607,1.211466,0.61531,-0.023449,-0.035972,0.044766
2026-08-19T15:42:13.558843+00:00,99110,Birendra,squat,good,squat_good,0.0,0.0,0.0,0.0,0.0,0.0,-9.41879,1.237802,0.581791,-0.02558,-0.043433,0.043966
2026-08-19T15:42:13.558843+00:00,99130,Birendra,squat,good,squat_good,0.0,0.0,0.0,0.0,0.0,0.0,-9.382876,1.252167,0.581791,-0.023182,-0.048496,0.04823
2026-08-19T15:42:13.558843+00:00,99150,Birendra,squat,good,squat_good,0.0,0.0,0.0,0.0,0.0,0.0,-9.366117,1.254562,0.622492,-0.010392,-0.038637,0.056224
2026-08-19T15:42:13.558843+00:00,99171,Birendra,squat,good,squat_good,0.0,0.0,0.0,0.0,0.0,0.0,-9.363723,1.367089,0.603339,0.002398,-0.033574,0.059421
2026-08-19T15:42:13.558843+00:00,99191,Birendra,squat,good,squat_good,0.0,0.0,0.0,0.0,0.0,0.0,-9.368511,1.355118,0.579397,-0.015988,-0.044766,0.053559
2026-08-19T15:42:13.558843+00:00,99210,Birendra,squat,good,squat_good,0.0,0.0,0.0,0.0,0.0,0.0,-9.258378,1.367089,0.507571,-0.023182,-0.043966,0.053292
2026-08-19T15:42:13.558843+00:00,99230,Birendra,squat,good,squat_good,0.0,0.0,0.0,0.0,0.0,0.0,-9.303867,1.381454,0.531513,-0.027712,-0.02638,0.038904
2026-08-19T15:42:13.558843+00:00,99250,Birendra,squat,good,squat_good,0.0,0.0,0.0,0.0,0.0,0.0,-9.358934,1.398214,0.565032,-0.033308,-0.025047,0.032508
2026-08-19T15:42:13.558843+00:00,99270,Birendra,squat,good,squat_good,0.0,0.0,0.0,0.0,0.0,0.0,-9.351752,1.374272,0.574608,-0.041035,-0.024515,0.033574
2026-08-19T15:42:13.558843+00:00,99291,Birendra,squat,good,squat_good,0.0,0.0,0.0,0.0,0.0,0.0,-9.351752,1.347936,0.574608,-0.049828,-0.036772,0.039436
2026-08-19T15:42:13.558843+00:00,99310,Birendra,squat,good,squat_good,0.0,0.0,0.0,0.0,0.0,0.0,-9.358934,1.37906,0.567426,-0.055158,-0.037571,0.037571
2026-08-19T15:42:13.558843+00:00,99330,Birendra,squat,good,squat_good,0.0,0.0,0.0,0.0,0.0,0.0,-9.308656,1.407791,0.565032,-0.069014,-0.042101,0.025847
2026-08-19T15:42:13.558843+00:00,99350,Birendra,squat,good,squat_good,0.0,0.0,0.0,0.0,0.0,0.0,-9.344569,1.321599,0.584185,-0.081271,-0.03917,0.018652
2026-08-19T15:42:13.558843+00:00,99370,Birendra,squat,good,squat_good,0.0,0.0,0.0,0.0,0.0,0.0,-9.380483,1.271321,0.591368,-0.083936,-0.042101,0.01732
2026-08-19T15:42:13.558843+00:00,99391,Birendra,squat,good,squat_good,0.0,0.0,0.0,0.0,0.0,0.0,-9.387665,1.261744,0.639252,-0.07008,-0.043167,0.018919
2026-08-19T15:42:13.558843+00:00,99410,Birendra,squat,good,squat_good,0.0,0.0,0.0,0.0,0.0,0.0,-9.380483,1.319205,0.577003,-0.057822,-0.038637,0.027446
2026-08-19T15:42:13.558843+00:00,99430,Birendra,squat,good,squat_good,0.0,0.0,0.0,0.0,0.0,0.0,-9.421184,1.388637,0.577003,-0.071678,-0.041835,0.024248
2026-08-19T15:42:13.558843+00:00,99450,Birendra,squat,good,squat_good,0.0,0.0,0.0,0.0,0.0,0.0,-9.351752,1.321599,0.608127,-0.077008,-0.043966,0.022916
2026-08-19T15:42:13.558843+00:00,99470,Birendra,squat,good,squat_good,0.0,0.0,0.0,0.0,0.0,0.0,-9.346964,1.328782,0.557849,-0.07834,-0.043966,0.014655
2026-08-19T15:42:13.558843+00:00,99491,Birendra,squat,good,squat_good,0.0,0.0,0.0,0.0,0.0,0.0,-9.368511,1.302446,0.560243,-0.083136,-0.052493,0.008527
2026-08-19T15:42:13.558843+00:00,99510,Birendra,squat,good,squat_good,0.0,0.0,0.0,0.0,0.0,0.0,-9.330204,1.292869,0.565032,-0.074343,-0.0437,0.010392
2026-08-19T15:42:14.333028+00:00,99532,Birendra,squat,good,squat_good,0.0,0.0,0.0,0.0,0.0,0.0,-9.325416,1.357512,0.59855,-0.07008,-0.040502,0.015721
2026-08-19T15:42:14.333028+00:00,99551,Birendra,squat,good,squat_good,0.0,0.0,0.0,0.0,0.0,0.0,-9.363723,1.343147,0.560243,-0.071678,-0.047164,0.015988
2026-08-19T15:42:14.333028+00:00,99571,Birendra,squat,good,squat_good,0.0,0.0,0.0,0.0,0.0,0.0,-9.3733,1.316811,0.620098,-0.07008,-0.049029,0.015455
2026-08-19T15:42:14.333028+00:00,99593,Birendra,squat,good,squat_good,0.0,0.0,0.0,0.0,0.0,0.0,-9.356541,1.335965,0.608127,-0.059421,-0.0429,0.02185
2026-08-19T15:42:14.333028+00:00,99610,Birendra,squat,good,squat_good,0.0,0.0,0.0,0.0,0.0,0.0,-9.358934,1.340753,0.56982,-0.055424,-0.036772,0.023715
2026-08-19T15:42:14.333028+00:00,99631,Birendra,squat,good,squat_good,0.0,0.0,0.0,0.0,0.0,0.0,-9.366117,1.376666,0.596156,-0.060221,-0.041835,0.018386
2026-08-19T15:42:14.333028+00:00,99650,Birendra,squat,good,squat_good,0.0,0.0,0.0,0.0,0.0,0.0,-9.392453,1.37906,0.557849,-0.066349,-0.044233,0.014389
2026-08-19T15:42:14.333028+00:00,99670,Birendra,squat,good,squat_good,0.0,0.0,0.0,0.0,0.0,0.0,-9.320627,1.285686,0.588974,-0.060753,-0.044233,0.016787
2026-08-19T15:42:14.333028+00:00,99691,Birendra,squat,good,squat_good,0.0,0.0,0.0,0.0,0.0,0.0,-9.344569,1.338359,0.54109,-0.052493,-0.037038,0.02185
2026-08-19T15:42:14.333028+00:00,99710,Birendra,squat,good,squat_good,0.0,0.0,0.0,0.0,0.0,0.0,-9.356541,1.307234,0.610521,-0.060753,-0.038637,0.014922
2026-08-19T15:42:14.333028+00:00,99730,Birendra,squat,good,squat_good,0.0,0.0,0.0,0.0,0.0,0.0,-9.40203,1.288081,0.586579,-0.045032,-0.036772,0.017054
2026-08-19T15:42:14.333028+00:00,99750,Birendra,squat,good,squat_good,0.0,0.0,0.0,0.0,0.0,0.0,-9.370906,1.321599,0.59855,-0.043167,-0.042634,0.019985
2026-08-19T15:42:14.333028+00:00,99770,Birendra,squat,good,squat_good,0.0,0.0,0.0,0.0,0.0,0.0,-9.334992,1.247379,0.620098,-0.033574,-0.033574,0.026646
2026-08-19T15:42:14.333028+00:00,99793,Birendra,squat,good,squat_good,0.0,0.0,0.0,0.0,0.0,0.0,-9.437943,1.364695,0.593762,-0.034907,-0.028511,0.02185
2026-08-19T15:42:14.333028+00:00,99811,Birendra,squat,good,squat_good,0.0,0.0,0.0,0.0,0.0,0.0,-9.375694,1.280898,0.648829,-0.047164,-0.037305,0.015188
2026-08-19T15:42:14.333028+00:00,99830,Birendra,squat,good,squat_good,0.0,0.0,0.0,0.0,0.0,0.0,-9.406818,1.338359,0.61531,-0.050095,-0.037838,0.011458
2026-08-19T15:42:14.333028+00:00,99853,Birendra,squat,good,squat_good,0.0,0.0,0.0,0.0,0.0,0.0,-9.332599,1.37906,0.605733,-0.047963,-0.033841,0.007994
2026-08-19T15:42:14.333028+00:00,99871,Birendra,squat,good,squat_good,0.0,0.0,0.0,0.0,0.0,0.0,-9.334992,1.326388,0.608127,-0.052227,-0.03464,0.004796
2026-08-19T15:42:14.333028+00:00,99890,Birendra,squat,good,squat_good,0.0,0.0,0.0,0.0,0.0,0.0,-9.339781,1.33357,0.581791,-0.056224,-0.041302,0.007994
2026-08-19T15:42:14.333028+00:00,99911,Birendra,squat,good,squat_good,0.0,0.0,0.0,0.0,0.0,0.0,-9.342175,1.300052,0.538695,-0.05649,-0.040502,0.00373
2026-08-19T15:42:14.333028+00:00,99930,Birendra,squat,good,squat_good,0.0,0.0,0.0,0.0,0.0,0.0,-9.363723,1.367089,0.543484,-0.066616,-0.037038,-0.005862
2026-08-19T15:42:14.333028+00:00,99950,Birendra,squat,good,squat_good,0.0,0.0,0.0,0.0,0.0,0.0,-9.344569,1.285686,0.632069,-0.067681,-0.022383,-0.012257
2026-08-19T15:42:14.333028+00:00,99970,Birendra,squat,good,squat_good,0.0,0.0,0.0,0.0,0.0,0.0,-9.49301,1.393425,0.59855,-0.071945,-0.030643,-0.010392
2026-08-19T15:42:14.333028+00:00,99990,Birendra,squat,good,squat_good,0.0,0.0,0.0,0.0,0.0,0.0,-9.294291,1.204283,0.677559,-0.057023,-0.033574,0.005329
2026-08-19T15:42:14.333028+00:00,100011,Birendra,squat,good,squat_good,0.0,0.0,0.0,0.0,0.0,0.0,-9.392453,1.438915,0.608127,-0.055957,-0.03464,0.007727
2026-08-19T15:42:14.333028+00:00,100030,Birendra,squat,good,squat_good,0.0,0.0,0.0,0.0,0.0,0.0,-9.299079,1.268927,0.639252,-0.059954,-0.036505,0.001066
2026-08-19T15:42:14.333028+00:00,100050,Birendra,squat,good,squat_good,0.0,0.0,0.0,0.0,0.0,0.0,-9.414001,1.347936,0.603339,-0.057023,-0.03091,-0.00373
2026-08-19T15:42:14.333028+00:00,100070,Birendra,squat,good,squat_good,0.0,0.0,0.0,0.0,0.0,0.0,-9.40203,1.278504,0.593762,-0.064484,-0.043433,-0.005862
2026-08-19T15:42:14.333028+00:00,100091,Birendra,squat,good,squat_good,0.0,0.0,0.0,0.0,0.0,0.0,-9.390059,1.312023,0.567426,-0.062885,-0.042368,-0.002931
2026-08-19T15:42:14.333028+00:00,100111,Birendra,squat,good,squat_good,0.0,0.0,0.0,0.0,0.0,0.0,-9.337387,1.25935,0.577003,-0.068214,-0.038637,-0.001599
2026-08-19T15:42:14.333028+00:00,100130,Birendra,squat,good,squat_good,0.0,0.0,0.0,0.0,0.0,0.0,-9.361329,1.309628,0.557849,-0.071678,-0.030377,-0.007994
2026-08-19T15:42:14.333028+00:00,100150,Birendra,squat,good,squat_good,0.0,0.0,0.0,0.0,0.0,0.0,-9.414001,1.242591,0.579397,-0.092729,-0.0429,-0.024781
2026-08-19T15:42:14.333028+00:00,100170,Birendra,squat,good,squat_good,0.0,0.0,0.0,0.0,0.0,0.0,-9.344569,1.158794,0.584185,-0.087133,-0.040236,-0.022383
2026-08-19T15:42:14.333028+00:00,100191,Birendra,squat,good,squat_good,0.0,0.0,0.0,0.0,0.0,0.0,-9.366117,1.18513,0.608127,-0.08207,-0.033841,-0.015988
2026-08-19T15:42:14.333028+00:00,100211,Birendra,squat,good,squat_good,0.0,0.0,0.0,0.0,0.0,0.0,-9.346964,1.182736,0.653617,-0.075409,-0.032242,-0.014389
2026-08-19T15:42:14.333028+00:00,100230,Birendra,squat,good,squat_good,0.0,0.0,0.0,0.0,0.0,0.0,-9.378088,1.218649,0.648829,-0.069547,-0.03011,-0.020251
2026-08-19T15:42:14.333028+00:00,100250,Birendra,squat,good,squat_good,0.0,0.0,0.0,0.0,0.0,0.0,-9.449914,1.271321,0.665588,-0.071145,-0.036772,-0.022916
2026-08-19T15:42:14.333028+00:00,100270,Birendra,squat,good,squat_good,0.0,0.0,0.0,0.0,0.0,0.0,-9.457097,1.256956,0.70629,-0.063418,-0.038104,-0.01359
2026-08-19T15:42:14.333028+00:00,100290,Birendra,squat,good,squat_good,0.0,0.0,0.0,0.0,0.0,0.0,-9.387665,1.197101,0.665588,-0.049296,-0.03917,0.009326
2026-08-19T15:42:14.333028+00:00,100311,Birendra,squat,good,squat_good,0.0,0.0,0.0,0.0,0.0,0.0,-9.411607,1.326388,0.627281,-0.029577,-0.034907,0.019452
2026-08-19T15:42:14.333028+00:00,100330,Birendra,squat,good,squat_good,0.0,0.0,0.0,0.0,0.0,0.0,-9.354146,1.316811,0.612916,-0.035706,-0.041568,0.012524
2026-08-19T15:42:14.333028+00:00,100350,Birendra,squat,good,squat_good,0.0,0.0,0.0,0.0,0.0,0.0,-9.337387,1.316811,0.581791,-0.050095,-0.041302,0.003198
2026-08-19T15:42:14.333028+00:00,100370,Birendra,squat,good,squat_good,0.0,0.0,0.0,0.0,0.0,0.0,-9.358934,1.266533,0.574608,-0.067681,-0.041035,-0.003464
2026-08-19T15:42:14.333028+00:00,100390,Birendra,squat,good,squat_good,0.0,0.0,0.0,0.0,0.0,0.0,-9.363723,1.189918,0.591368,-0.079672,-0.040502,-0.009326
2026-08-19T15:42:14.333028+00:00,100411,Birendra,squat,good,squat_good,0.0,0.0,0.0,0.0,0.0,0.0,-9.3733,1.134852,0.555455,-0.067681,-0.038104,-0.009859
2026-08-19T15:42:14.333028+00:00,100430,Birendra,squat,good,squat_good,0.0,0.0,0.0,0.0,0.0,0.0,-9.378088,1.074997,0.574608,-0.066616,-0.038637,-0.009326
2026-08-19T15:42:14.333028+00:00,100450,Birendra,squat,good,squat_good,0.0,0.0,0.0,0.0,0.0,0.0,-9.416395,1.103727,0.600945,-0.063152,-0.029311,-0.009326
2026-08-19T15:42:14.333028+00:00,100470,Birendra,squat,good,squat_good,0.0,0.0,0.0,0.0,0.0,0.0,-9.421184,1.101333,0.605733,-0.067149,-0.031176,-0.010392
2026-08-19T15:42:14.333028+00:00,100490,Birendra,squat,good,squat_good,0.0,0.0,0.0,0.0,0.0,0.0,-9.399636,1.149217,0.59855,-0.071145,-0.033574,-0.012524
2026-08-19T15:42:14.333028+00:00,100511,Birendra,squat,good,squat_good,0.0,0.0,0.0,0.0,0.0,0.0,-9.3733,1.154005,0.603339,-0.080205,-0.037838,-0.016254
2026-08-19T15:42:15.351761+00:00,100532,Birendra,squat,good,squat_good,0.0,0.0,0.0,0.0,0.0,0.0,-9.390059,1.16837,0.610521,-0.078873,-0.031176,-0.020784
2026-08-19T15:42:15.351761+00:00,100551,Birendra,squat,good,squat_good,0.0,0.0,0.0,0.0,0.0,0.0,-9.390059,1.18513,0.593762,-0.081005,-0.035706,-0.023182
2026-08-19T15:42:15.351761+00:00,100571,Birendra,squat,good,squat_good,0.0,0.0,0.0,0.0,0.0,0.0,-9.380483,1.134852,0.639252,-0.088732,-0.032508,-0.026913
2026-08-19T15:42:15.351761+00:00,100591,Birendra,squat,good,squat_good,0.0,0.0,0.0,0.0,0.0,0.0,-9.368511,1.101333,0.641646,-0.070879,-0.029311,-0.013323
2026-08-19T15:42:15.351761+00:00,100611,Birendra,squat,good,squat_good,0.0,0.0,0.0,0.0,0.0,0.0,-9.366117,1.132457,0.610521,-0.064484,-0.032242,-0.008793
2026-08-19T15:42:15.351761+00:00,100631,Birendra,squat,good,squat_good,0.0,0.0,0.0,0.0,0.0,0.0,-9.368511,1.091756,0.596156,-0.063418,-0.032508,-0.008527
2026-08-19T15:42:15.351761+00:00,100650,Birendra,squat,good,squat_good,0.0,0.0,0.0,0.0,0.0,0.0,-9.390059,1.23062,0.591368,-0.062086,-0.024248,-0.016787
2026-08-19T15:42:15.351761+00:00,100671,Birendra,squat,good,squat_good,0.0,0.0,0.0,0.0,0.0,0.0,-9.366117,1.177947,0.658405,-0.06928,-0.019985,-0.022116
2026-08-19T15:42:15.351761+00:00,100690,Birendra,squat,good,squat_good,0.0,0.0,0.0,0.0,0.0,0.0,-9.43076,1.144428,0.696713,-0.063685,-0.011991,-0.02558
2026-08-19T15:42:15.351761+00:00,100711,Birendra,squat,good,squat_good,0.0,0.0,0.0,0.0,0.0,0.0,-9.514558,1.115698,0.694318,-0.065017,-0.027712,-0.021317
2026-08-19T15:42:15.351761+00:00,100730,Birendra,squat,good,squat_good,0.0,0.0,0.0,0.0,0.0,0.0,-9.476251,1.204283,0.696713,-0.065283,-0.034374,-0.010392
2026-08-19T15:42:15.351761+00:00,100750,Birendra,squat,good,squat_good,0.0,0.0,0.0,0.0,0.0,0.0,-9.411607,1.127669,0.624887,-0.074609,-0.037038,-0.006662
2026-08-19T15:42:15.351761+00:00,100770,Birendra,squat,good,squat_good,0.0,0.0,0.0,0.0,0.0,0.0,-9.332599,1.039083,0.620098,-0.07834,-0.03464,0.002398
2026-08-19T15:42:15.351761+00:00,100790,Birendra,squat,good,squat_good,0.0,0.0,0.0,0.0,0.0,0.0,-9.399636,1.106121,0.596156,-0.058089,-0.022383,0.003464
2026-08-19T15:42:15.351761+00:00,100811,Birendra,squat,good,squat_good,0.0,0.0,0.0,0.0,0.0,0.0,-9.445126,1.142034,0.603339,-0.057289,-0.035173,-0.002665
2026-08-19T15:42:15.351761+00:00,100831,Birendra,squat,good,squat_good,0.0,0.0,0.0,0.0,0.0,0.0,-9.380483,1.137246,0.624887,-0.051161,-0.035173,0.009326
2026-08-19T15:42:15.351761+00:00,100850,Birendra,squat,good,squat_good,0.0,0.0,0.0,0.0,0.0,0.0,-9.330204,1.187524,0.622492,-0.051427,-0.02558,0.013323
2026-08-19T15:42:15.351761+00:00,100870,Birendra,squat,good,squat_good,0.0,0.0,0.0,0.0,0.0,0.0,-9.423578,1.127669,0.608127,-0.059954,-0.03091,0.006129
2026-08-19T15:42:15.351761+00:00,100890,Birendra,squat,good,squat_good,0.0,0.0,0.0,0.0,0.0,0.0,-9.452309,1.060631,0.622492,-0.055424,-0.037305,0.000266
2026-08-19T15:42:15.351761+00:00,100911,Birendra,squat,good,squat_good,0.0,0.0,0.0,0.0,0.0,0.0,-9.445126,1.00317,0.646434,-0.045832,-0.037038,0.009326
2026-08-19T15:42:15.351761+00:00,100931,Birendra,squat,good,squat_good,0.0,0.0,0.0,0.0,0.0,0.0,-9.461885,1.029507,0.627281,-0.032508,-0.03011,0.019452
2026-08-19T15:42:15.351761+00:00,100950,Birendra,squat,good,squat_good,0.0,0.0,0.0,0.0,0.0,0.0,-9.461885,1.031901,0.617704,-0.040236,-0.036772,0.018919
2026-08-19T15:42:15.351761+00:00,100970,Birendra,squat,good,squat_good,0.0,0.0,0.0,0.0,0.0,0.0,-9.406818,1.036689,0.586579,-0.046631,-0.039436,0.011458
2026-08-19T15:42:15.351761+00:00,100990,Birendra,squat,good,squat_good,0.0,0.0,0.0,0.0,0.0,0.0,-9.390059,1.039083,0.567426,-0.055691,-0.043966,0.00453
2026-08-19T15:42:15.351761+00:00,101011,Birendra,squat,good,squat_good,0.0,0.0,0.0,0.0,0.0,0.0,-9.346964,0.955287,0.584185,-0.055957,-0.042368,0.003198
2026-08-19T15:42:15.351761+00:00,101031,Birendra,squat,good,squat_good,0.0,0.0,0.0,0.0,0.0,0.0,-9.390059,1.000776,0.61531,-0.045832,-0.035173,0.00453
2026-08-19T15:42:15.351761+00:00,101050,Birendra,squat,good,squat_good,0.0,0.0,0.0,0.0,0.0,0.0,-9.397242,1.000776,0.629675,-0.048763,-0.041302,0.000799
2026-08-19T15:42:15.351761+00:00,101070,Birendra,squat,good,squat_good,0.0,0.0,0.0,0.0,0.0,0.0,-9.354146,1.041478,0.636858,-0.042101,-0.03464,-0.000266
2026-08-19T15:42:15.351761+00:00,101090,Birendra,squat,good,squat_good,0.0,0.0,0.0,0.0,0.0,0.0,-9.421184,1.125275,0.6608,-0.049029,-0.033308,-0.002931
2026-08-19T15:42:15.351761+00:00,101110,Birendra,squat,good,squat_good,0.0,0.0,0.0,0.0,0.0,0.0,-9.442732,1.079785,0.667982,-0.059954,-0.037305,-0.005596
2026-08-19T15:42:15.351761+00:00,101131,Birendra,squat,good,squat_good,0.0,0.0,0.0,0.0,0.0,0.0,-9.382876,1.041478,0.675165,-0.052493,-0.033308,0.000533
2026-08-19T15:42:15.351761+00:00,101150,Birendra,squat,good,squat_good,0.0,0.0,0.0,0.0,0.0,0.0,-9.428367,1.053449,0.665588,-0.043433,-0.029577,0.001332
2026-08-19T15:42:15.351761+00:00,101170,Birendra,squat,good,squat_good,0.0,0.0,0.0,0.0,0.0,0.0,-9.44752,1.089362,0.64404,-0.038637,-0.033841,0.002931
2026-08-19T15:42:15.351761+00:00,101190,Birendra,squat,good,squat_good,0.0,0.0,0.0,0.0,0.0,0.0,-9.428367,1.146823,0.627281,-0.042634,-0.038904,0.006928
2026-08-19T15:42:15.351761+00:00,101210,Birendra,squat,good,squat_good,0.0,0.0,0.0,0.0,0.0,0.0,-9.375694,1.046266,0.572214,-0.055424,-0.041302,0.005329
2026-08-19T15:42:15.351761+00:00,101231,Birendra,squat,good,squat_good,0.0,0.0,0.0,0.0,0.0,0.0,-9.385271,1.01993,0.596156,-0.047697,-0.031176,0.010126
2026-08-19T15:42:15.351761+00:00,101250,Birendra,squat,good,squat_good,0.0,0.0,0.0,0.0,0.0,0.0,-9.366117,1.053449,0.531513,-0.050628,-0.038104,0.007994
2026-08-19T15:42:15.351761+00:00,101270,Birendra,squat,good,squat_good,0.0,0.0,0.0,0.0,0.0,0.0,-9.363723,1.04866,0.519542,-0.051161,-0.032242,0.005063
2026-08-19T15:42:15.351761+00:00,101290,Birendra,squat,good,squat_good,0.0,0.0,0.0,0.0,0.0,0.0,-9.349358,0.972046,0.562637,-0.052493,-0.025314,0.006395
2026-08-19T15:42:15.351761+00:00,101310,Birendra,squat,good,squat_good,0.0,0.0,0.0,0.0,0.0,0.0,-9.404425,1.055843,0.581791,-0.054891,-0.028778,0.005596
2026-08-19T15:42:15.351761+00:00,101331,Birendra,squat,good,squat_good,0.0,0.0,0.0,0.0,0.0,0.0,-9.442732,1.00317,0.608127,-0.064484,-0.036772,0.001599
2026-08-19T15:42:15.351761+00:00,101350,Birendra,squat,good,squat_good,0.0,0.0,0.0,0.0,0.0,0.0,-9.428367,0.960075,0.596156,-0.067149,-0.036772,-0.002665
2026-08-19T15:42:15.351761+00:00,101370,Birendra,squat,good,squat_good,0.0,0.0,0.0,0.0,0.0,0.0,-9.457097,0.986411,0.600945,-0.061819,-0.02558,-0.005329
2026-08-19T15:42:15.351761+00:00,101390,Birendra,squat,good,squat_good,0.0,0.0,0.0,0.0,0.0,0.0,-9.44752,1.000776,0.641646,-0.058888,-0.027179,-0.001332
2026-08-19T15:42:15.351761+00:00,101410,Birendra,squat,good,squat_good,0.0,0.0,0.0,0.0,0.0,0.0,-9.464279,1.007959,0.665588,-0.059688,-0.03544,0.002132
2026-08-19T15:42:15.351761+00:00,101431,Birendra,squat,good,squat_good,0.0,0.0,0.0,0.0,0.0,0.0,-9.449914,1.063026,0.61531,-0.060487,-0.036505,0.005063
2026-08-19T15:42:15.351761+00:00,101450,Birendra,squat,good,squat_good,0.0,0.0,0.0,0.0,0.0,0.0,-9.382876,1.04866,0.591368,-0.074077,-0.042101,-0.002665
2026-08-19T15:42:15.351761+00:00,101470,Birendra,squat,good,squat_good,0.0,0.0,0.0,0.0,0.0,0.0,-9.334992,0.950498,0.557849,-0.075409,-0.041035,-0.005862
2026-08-19T15:42:15.351761+00:00,101490,Birendra,squat,good,squat_good,0.0,0.0,0.0,0.0,0.0,0.0,-9.351752,0.964863,0.531513,-0.070879,-0.036772,-0.00906
2026-08-19T15:42:15.351761+00:00,101510,Birendra,squat,good,squat_good,0.0,0.0,0.0,0.0,0.0,0.0,-9.334992,1.024718,0.514753,-0.074609,-0.031975,-0.01732
2026-08-19T15:42:16.331357+00:00,101531,Birendra,squat,good,squat_good,0.0,0.0,0.0,0.0,0.0,0.0,-9.308656,0.950498,0.565032,-0.077807,-0.028245,-0.019985
2026-08-19T15:42:16.331357+00:00,101551,Birendra,squat,good,squat_good,0.0,0.0,0.0,0.0,0.0,0.0,-9.454702,0.972046,0.56982,-0.07381,-0.031176,-0.015721
2026-08-19T15:42:16.331357+00:00,101571,Birendra,squat,good,squat_good,0.0,0.0,0.0,0.0,0.0,0.0,-9.43076,0.888249,0.620098,-0.063418,-0.028511,-0.007194
2026-08-19T15:42:16.331357+00:00,101591,Birendra,squat,good,squat_good,0.0,0.0,0.0,0.0,0.0,0.0,-9.428367,0.902614,0.656011,-0.041302,-0.025047,0.005063
2026-08-19T15:42:16.331357+00:00,101611,Birendra,squat,good,squat_good,0.0,0.0,0.0,0.0,0.0,0.0,-9.495404,0.955287,0.632069,-0.030377,-0.034107,0.010925
2026-08-19T15:42:16.331357+00:00,101631,Birendra,squat,good,squat_good,0.0,0.0,0.0,0.0,0.0,0.0,-9.481039,0.967257,0.6608,-0.026913,-0.042634,0.016254
2026-08-19T15:42:16.331357+00:00,101651,Birendra,squat,good,squat_good,0.0,0.0,0.0,0.0,0.0,0.0,-9.452309,1.022324,0.677559,-0.018386,-0.032775,0.023182
2026-08-19T15:42:16.331357+00:00,101670,Birendra,squat,good,squat_good,0.0,0.0,0.0,0.0,0.0,0.0,-9.416395,1.017536,0.646434,-0.029844,-0.030643,0.018652
2026-08-19T15:42:16.331357+00:00,101691,Birendra,squat,good,squat_good,0.0,0.0,0.0,0.0,0.0,0.0,-9.409213,1.063026,0.59855,-0.0429,-0.039703,0.013856
2026-08-19T15:42:16.331357+00:00,101710,Birendra,squat,good,squat_good,0.0,0.0,0.0,0.0,0.0,0.0,-9.385271,0.988805,0.56982,-0.05649,-0.050095,0.003198
2026-08-19T15:42:16.331357+00:00,101731,Birendra,squat,good,squat_good,0.0,0.0,0.0,0.0,0.0,0.0,-9.382876,0.907402,0.557849,-0.050628,-0.041835,0.003198
2026-08-19T15:42:16.331357+00:00,101751,Birendra,squat,good,squat_good,0.0,0.0,0.0,0.0,0.0,0.0,-9.382876,0.972046,0.54109,-0.04743,-0.035972,0.007727
2026-08-19T15:42:16.331357+00:00,101770,Birendra,squat,good,squat_good,0.0,0.0,0.0,0.0,0.0,0.0,-9.363723,0.952892,0.565032,-0.056224,-0.034907,0.001865
2026-08-19T15:42:16.331357+00:00,101790,Birendra,squat,good,squat_good,0.0,0.0,0.0,0.0,0.0,0.0,-9.356541,0.845153,0.533907,-0.059688,-0.033041,-0.003997
2026-08-19T15:42:16.331357+00:00,101810,Birendra,squat,good,squat_good,0.0,0.0,0.0,0.0,0.0,0.0,-9.387665,0.837971,0.538695,-0.039703,-0.029311,-0.001066
2026-08-19T15:42:16.331357+00:00,101830,Birendra,squat,good,squat_good,0.0,0.0,0.0,0.0,0.0,0.0,-9.452309,0.835576,0.545878,-0.028778,-0.021583,0.006129
2026-08-19T15:42:16.331357+00:00,101851,Birendra,squat,good,squat_good,0.0,0.0,0.0,0.0,0.0,0.0,-9.478644,0.924162,0.543484,-0.017587,-0.021051,0.010126
2026-08-19T15:42:16.331357+00:00,101870,Birendra,squat,good,squat_good,0.0,0.0,0.0,0.0,0.0,0.0,-9.471462,0.97444,0.526724,-0.03011,-0.030377,-0.001865
2026-08-19T15:42:16.331357+00:00,101890,Birendra,squat,good,squat_good,0.0,0.0,0.0,0.0,0.0,0.0,-9.437943,0.88346,0.533907,-0.035972,-0.032508,-0.007461
2026-08-19T15:42:16.331357+00:00,101910,Birendra,squat,good,squat_good,0.0,0.0,0.0,0.0,0.0,0.0,-9.411607,0.871489,0.560243,-0.030377,-0.024515,0.000533
2026-08-19T15:42:16.331357+00:00,101930,Birendra,squat,good,squat_good,0.0,0.0,0.0,0.0,0.0,0.0,-9.380483,0.88346,0.548272,-0.037305,-0.02558,0.001865
2026-08-19T15:42:16.331357+00:00,101951,Birendra,squat,good,squat_good,0.0,0.0,0.0,0.0,0.0,0.0,-9.394848,0.905008,0.536301,-0.047164,-0.030643,-0.007727
2026-08-19T15:42:16.331357+00:00,101970,Birendra,squat,good,squat_good,0.0,0.0,0.0,0.0,0.0,0.0,-9.342175,0.912191,0.521936,-0.06102,-0.035706,-0.017587
2026-08-19T15:42:16.331357+00:00,101990,Birendra,squat,good,squat_good,0.0,0.0,0.0,0.0,0.0,0.0,-9.318233,0.907402,0.560243,-0.074609,-0.033041,-0.027446
2026-08-19T15:42:16.331357+00:00,102010,Birendra,squat,good,squat_good,0.0,0.0,0.0,0.0,0.0,0.0,-9.356541,0.837971,0.591368,-0.074077,-0.020251,-0.033041
2026-08-19T15:42:16.331357+00:00,102030,Birendra,squat,good,squat_good,0.0,0.0,0.0,0.0,0.0,0.0,-9.457097,0.845153,0.624887,-0.065816,-0.018386,-0.030643
2026-08-19T15:42:16.331357+00:00,102051,Birendra,squat,good,squat_good,0.0,0.0,0.0,0.0,0.0,0.0,-9.457097,0.857124,0.658405,-0.056757,-0.021583,-0.022649
2026-08-19T15:42:16.331357+00:00,102070,Birendra,squat,good,squat_good,0.0,0.0,0.0,0.0,0.0,0.0,-9.440337,0.878672,0.670376,-0.047164,-0.017587,-0.01732
2026-08-19T15:42:16.331357+00:00,102090,Birendra,squat,good,squat_good,0.0,0.0,0.0,0.0,0.0,0.0,-9.502586,0.916979,0.691924,-0.051694,-0.016521,-0.024781
2026-08-19T15:42:16.331357+00:00,102110,Birendra,squat,good,squat_good,0.0,0.0,0.0,0.0,0.0,0.0,-9.5385,0.931344,0.68953,-0.062086,-0.025847,-0.035706
2026-08-19T15:42:16.331357+00:00,102130,Birendra,squat,good,squat_good,0.0,0.0,0.0,0.0,0.0,0.0,-9.512163,0.833182,0.677559,-0.059954,-0.033841,-0.024515
2026-08-19T15:42:16.331357+00:00,102151,Birendra,squat,good,squat_good,0.0,0.0,0.0,0.0,0.0,0.0,-9.416395,0.835576,0.636858,-0.044499,-0.033308,0.000533
2026-08-19T15:42:16.331357+00:00,102170,Birendra,squat,good,squat_good,0.0,0.0,0.0,0.0,0.0,0.0,-9.387665,0.864307,0.612916,-0.027712,-0.026113,0.012524
2026-08-19T15:42:16.331357+00:00,102190,Birendra,squat,good,squat_good,0.0,0.0,0.0,0.0,0.0,0.0,-9.397242,0.94571,0.584185,-0.040236,-0.035706,0.001332
2026-08-19T15:42:16.331357+00:00,102210,Birendra,squat,good,squat_good,0.0,0.0,0.0,0.0,0.0,0.0,-9.370906,0.907402,0.526724,-0.055957,-0.040502,-0.007727
2026-08-19T15:42:16.331357+00:00,102230,Birendra,squat,good,squat_good,0.0,0.0,0.0,0.0,0.0,0.0,-9.303867,0.837971,0.519542,-0.06555,-0.036505,-0.01279
2026-08-19T15:42:16.331357+00:00,102251,Birendra,squat,good,squat_good,0.0,0.0,0.0,0.0,0.0,0.0,-9.370906,0.811634,0.548272,-0.066083,-0.026913,-0.016787
2026-08-19T15:42:16.331357+00:00,102270,Birendra,squat,good,squat_good,0.0,0.0,0.0,0.0,0.0,0.0,-9.394848,0.85473,0.550666,-0.069813,-0.026646,-0.018652
2026-08-19T15:42:16.331357+00:00,102290,Birendra,squat,good,squat_good,0.0,0.0,0.0,0.0,0.0,0.0,-9.425972,0.785298,0.519542,-0.084735,-0.036505,-0.021051
2026-08-19T15:42:16.331357+00:00,102310,Birendra,squat,good,squat_good,0.0,0.0,0.0,0.0,0.0,0.0,-9.43076,0.701501,0.550666,-0.084202,-0.033841,-0.019718
2026-08-19T15:42:16.331357+00:00,102330,Birendra,squat,good,squat_good,0.0,0.0,0.0,0.0,0.0,0.0,-9.437943,0.691924,0.557849,-0.084202,-0.031709,-0.022116
2026-08-19T15:42:16.331357+00:00,102351,Birendra,squat,good,squat_good,0.0,0.0,0.0,0.0,0.0,0.0,-9.459491,0.672771,0.565032,-0.081538,-0.034907,-0.025047
2026-08-19T15:42:16.331357+00:00,102370,Birendra,squat,good,squat_good,0.0,0.0,0.0,0.0,0.0,0.0,-9.449914,0.675165,0.550666,-0.077541,-0.040769,-0.022383
2026-08-19T15:42:16.331357+00:00,102390,Birendra,squat,good,squat_good,0.0,0.0,0.0,0.0,0.0,0.0,-9.459491,0.713472,0.521936,-0.075142,-0.043167,-0.016254
2026-08-19T15:42:16.331357+00:00,102410,Birendra,squat,good,squat_good,0.0,0.0,0.0,0.0,0.0,0.0,-9.464279,0.658405,0.548272,-0.079139,-0.049562,-0.008793
2026-08-19T15:42:16.331357+00:00,102430,Birendra,squat,good,squat_good,0.0,0.0,0.0,0.0,0.0,0.0,-9.425972,0.691924,0.517148,-0.067415,-0.046364,-0.000799
2026-08-19T15:42:16.331357+00:00,102450,Birendra,squat,good,squat_good,0.0,0.0,0.0,0.0,0.0,0.0,-9.380483,0.641646,0.47884,-0.063951,-0.045299,0.002931
2026-08-19T15:42:16.331357+00:00,102471,Birendra,squat,good,squat_good,0.0,0.0,0.0,0.0,0.0,0.0,-9.390059,0.684742,0.483629,-0.057023,-0.0429,0.007727
2026-08-19T15:42:16.331357+00:00,102490,Birendra,squat,good,squat_good,0.0,0.0,0.0,0.0,0.0,0.0,-9.387665,0.684742,0.497994,-0.04743,-0.040502,0.014389
2026-08-19T15:42:16.331357+00:00,102510,Birendra,squat,good,squat_good,0.0,0.0,0.0,0.0,0.0,0.0,-9.390059,0.718261,0.512359,-0.045299,-0.038904,0.01732
2026-08-19T15:42:17.351147+00:00,102531,Birendra,squat,good,squat_good,0.0,0.0,0.0,0.0,0.0,0.0,-9.370906,0.73502,0.509965,-0.044233,-0.034907,0.019185
2026-08-19T15:42:17.351147+00:00,102551,Birendra,squat,good,squat_good,0.0,0.0,0.0,0.0,0.0,0.0,-9.409213,0.718261,0.543484,-0.045032,-0.03544,0.017054
2026-08-19T15:42:17.351147+00:00,102571,Birendra,squat,good,squat_good,0.0,0.0,0.0,0.0,0.0,0.0,-9.428367,0.694318,0.572214,-0.044499,-0.038104,0.018919
2026-08-19T15:42:17.351147+00:00,102591,Birendra,squat,good,squat_good,0.0,0.0,0.0,0.0,0.0,0.0,-9.471462,0.73502,0.550666,-0.0437,-0.037571,0.022383
2026-08-19T15:42:17.351147+00:00,102611,Birendra,squat,good,squat_good,0.0,0.0,0.0,0.0,0.0,0.0,-9.533711,0.758962,0.54109,-0.044499,-0.03544,0.027446
2026-08-19T15:42:17.351147+00:00,102633,Birendra,squat,good,squat_good,0.0,0.0,0.0,0.0,0.0,0.0,-9.390059,0.691924,0.507571,-0.0437,-0.022116,0.028511
2026-08-19T15:42:17.351147+00:00,102651,Birendra,squat,good,squat_good,0.0,0.0,0.0,0.0,0.0,0.0,-9.409213,0.648829,0.574608,-0.0437,-0.03544,0.022116
2026-08-19T15:42:17.351147+00:00,102671,Birendra,squat,good,squat_good,0.0,0.0,0.0,0.0,0.0,0.0,-9.457097,0.586579,0.627281,-0.029844,-0.038104,0.022116
2026-08-19T15:42:17.351147+00:00,102691,Birendra,squat,good,squat_good,0.0,0.0,0.0,0.0,0.0,0.0,-9.495404,0.708684,0.612916,-0.01732,-0.032242,0.027179
2026-08-19T15:42:17.351147+00:00,102710,Birendra,squat,good,squat_good,0.0,0.0,0.0,0.0,0.0,0.0,-9.483433,0.699107,0.675165,-0.010126,-0.027979,0.026113
2026-08-19T15:42:17.351147+00:00,102730,Birendra,squat,good,squat_good,0.0,0.0,0.0,0.0,0.0,0.0,-9.469068,0.746991,0.656011,-0.006662,-0.028778,0.027446
2026-08-19T15:42:17.351147+00:00,102751,Birendra,squat,good,squat_good,0.0,0.0,0.0,0.0,0.0,0.0,-9.461885,0.835576,0.648829,-0.011991,-0.027446,0.023449
2026-08-19T15:42:17.351147+00:00,102771,Birendra,squat,good,squat_good,0.0,0.0,0.0,0.0,0.0,0.0,-9.449914,0.818817,0.622492,-0.024248,-0.032242,0.017853
2026-08-19T15:42:17.351147+00:00,102790,Birendra,squat,good,squat_good,0.0,0.0,0.0,0.0,0.0,0.0,-9.452309,0.837971,0.588974,-0.029577,-0.030377,0.017054
2026-08-19T15:42:17.351147+00:00,102810,Birendra,squat,good,squat_good,0.0,0.0,0.0,0.0,0.0,0.0,-9.466674,0.861913,0.61531,-0.03917,-0.02558,0.004263
2026-08-19T15:42:17.351147+00:00,102830,Birendra,squat,good,squat_good,0.0,0.0,0.0,0.0,0.0,0.0,-9.449914,0.80924,0.646434,-0.048496,-0.025847,-0.006928
2026-08-19T15:42:17.351147+00:00,102850,Birendra,squat,good,squat_good,0.0,0.0,0.0,0.0,0.0,0.0,-9.461885,0.806846,0.648829,-0.050095,-0.025047,-0.010392
2026-08-19T15:42:17.351147+00:00,102871,Birendra,squat,good,squat_good,0.0,0.0,0.0,0.0,0.0,0.0,-9.435549,0.816423,0.629675,-0.048496,-0.027446,-0.00453
2026-08-19T15:42:17.351147+00:00,102890,Birendra,squat,good,squat_good,0.0,0.0,0.0,0.0,0.0,0.0,-9.457097,0.823605,0.605733,-0.049562,-0.029844,-0.005329
2026-08-19T15:42:17.351147+00:00,102910,Birendra,squat,good,squat_good,0.0,0.0,0.0,0.0,0.0,0.0,-9.445126,0.787692,0.591368,-0.054891,-0.033841,-0.004796
2026-08-19T15:42:17.351147+00:00,102930,Birendra,squat,good,squat_good,0.0,0.0,0.0,0.0,0.0,0.0,-9.459491,0.76375,0.591368,-0.057023,-0.035173,0.002665
2026-08-19T15:42:17.351147+00:00,102950,Birendra,squat,good,squat_good,0.0,0.0,0.0,0.0,0.0,0.0,-9.411607,0.691924,0.550666,-0.056224,-0.034907,0.011724
2026-08-19T15:42:17.351147+00:00,102971,Birendra,squat,good,squat_good,0.0,0.0,0.0,0.0,0.0,0.0,-9.368511,0.68953,0.545878,-0.054358,-0.03464,0.015721
2026-08-19T15:42:17.351147+00:00,102990,Birendra,squat,good,squat_good,0.0,0.0,0.0,0.0,0.0,0.0,-9.380483,0.694318,0.538695,-0.062352,-0.037571,0.009326
2026-08-19T15:42:17.351147+00:00,103010,Birendra,squat,good,squat_good,0.0,0.0,0.0,0.0,0.0,0.0,-9.390059,0.670376,0.54109,-0.07381,-0.037305,-0.005063
2026-08-19T15:42:17.351147+00:00,103030,Birendra,squat,good,squat_good,0.0,0.0,0.0,0.0,0.0,0.0,-9.435549,0.646434,0.553061,-0.081804,-0.037838,-0.021051
2026-08-19T15:42:17.351147+00:00,103050,Birendra,squat,good,squat_good,0.0,0.0,0.0,0.0,0.0,0.0,-9.442732,0.617704,0.531513,-0.078873,-0.038104,-0.025847
2026-08-19T15:42:17.351147+00:00,103071,Birendra,squat,good,squat_good,0.0,0.0,0.0,0.0,0.0,0.0,-9.454702,0.639252,0.574608,-0.076208,-0.038371,-0.023182
2026-08-19T15:42:17.351147+00:00,103090,Birendra,squat,good,squat_good,0.0,0.0,0.0,0.0,0.0,0.0,-9.459491,0.608127,0.565032,-0.06928,-0.038904,-0.014389
2026-08-19T15:42:17.351147+00:00,103110,Birendra,squat,good,squat_good,0.0,0.0,0.0,0.0,0.0,0.0,-9.464279,0.624887,0.608127,-0.061553,-0.037038,-0.001865
2026-08-19T15:42:17.351147+00:00,103130,Birendra,squat,good,squat_good,0.0,0.0,0.0,0.0,0.0,0.0,-9.457097,0.634463,0.620098,-0.060487,-0.036772,0.004263
2026-08-19T15:42:17.351147+00:00,103150,Birendra,squat,good,squat_good,0.0,0.0,0.0,0.0,0.0,0.0,-9.469068,0.679953,0.617704,-0.057822,-0.038104,0.006662
2026-08-19T15:42:17.351147+00:00,103171,Birendra,squat,good,squat_good,0.0,0.0,0.0,0.0,0.0,0.0,-9.471462,0.679953,0.624887,-0.062086,-0.039969,0.002931
2026-08-19T15:42:17.351147+00:00,103190,Birendra,squat,good,squat_good,0.0,0.0,0.0,0.0,0.0,0.0,-9.490616,0.656011,0.61531,-0.060221,-0.044233,0.007461
2026-08-19T15:42:17.351147+00:00,103210,Birendra,squat,good,squat_good,0.0,0.0,0.0,0.0,0.0,0.0,-9.473856,0.677559,0.64404,-0.061286,-0.042368,0.011724
2026-08-19T15:42:17.351147+00:00,103230,Birendra,squat,good,squat_good,0.0,0.0,0.0,0.0,0.0,0.0,-9.44752,0.64404,0.64404,-0.058888,-0.044233,0.020518
2026-08-19T15:42:17.351147+00:00,103250,Birendra,squat,good,squat_good,0.0,0.0,0.0,0.0,0.0,0.0,-9.442732,0.639252,0.648829,-0.045832,-0.041568,0.032775
2026-08-19T15:42:17.351147+00:00,103271,Birendra,squat,good,squat_good,0.0,0.0,0.0,0.0,0.0,0.0,-9.416395,0.658405,0.632069,-0.039436,-0.041835,0.040236
2026-08-19T15:42:17.351147+00:00,103290,Birendra,squat,good,squat_good,0.0,0.0,0.0,0.0,0.0,0.0,-9.469068,0.687136,0.629675,-0.042368,-0.041035,0.041035
2026-08-19T15:42:17.351147+00:00,103310,Birendra,squat,good,squat_good,0.0,0.0,0.0,0.0,0.0,0.0,-9.428367,0.691924,0.608127,-0.054625,-0.044233,0.042101
2026-08-19T15:42:17.351147+00:00,103330,Birendra,squat,good,squat_good,0.0,0.0,0.0,0.0,0.0,0.0,-9.457097,0.703895,0.6608,-0.059155,-0.041302,0.044499
2026-08-19T15:42:17.351147+00:00,103350,Birendra,squat,good,squat_good,0.0,0.0,0.0,0.0,0.0,0.0,-9.437943,0.684742,0.627281,-0.063418,-0.041568,0.054358
2026-08-19T15:42:17.351147+00:00,103371,Birendra,squat,good,squat_good,0.0,0.0,0.0,0.0,0.0,0.0,-9.428367,0.667982,0.586579,-0.063685,-0.043167,0.055957
2026-08-19T15:42:17.351147+00:00,103391,Birendra,squat,good,squat_good,0.0,0.0,0.0,0.0,0.0,0.0,-9.399636,0.648829,0.543484,-0.065283,-0.046897,0.055158
2026-08-19T15:42:17.351147+00:00,103410,Birendra,squat,good,squat_good,0.0,0.0,0.0,0.0,0.0,0.0,-9.409213,0.720655,0.493206,-0.067948,-0.047697,0.048763
2026-08-19T15:42:17.351147+00:00,103430,Birendra,squat,good,squat_good,0.0,0.0,0.0,0.0,0.0,0.0,-9.3733,0.699107,0.462081,-0.078074,-0.049562,0.039436
2026-08-19T15:42:17.351147+00:00,103450,Birendra,squat,good,squat_good,0.0,0.0,0.0,0.0,0.0,0.0,-9.339781,0.632069,0.42138,-0.079139,-0.048763,0.033574
2026-08-19T15:42:17.351147+00:00,103471,Birendra,squat,good,squat_good,0.0,0.0,0.0,0.0,0.0,0.0,-9.351752,0.612916,0.490811,-0.071678,-0.041568,0.036239
2026-08-19T15:42:17.351147+00:00,103491,Birendra,squat,good,squat_good,0.0,0.0,0.0,0.0,0.0,0.0,-9.291897,0.603339,0.514753,-0.06102,-0.033308,0.045299
2026-08-19T15:42:17.351147+00:00,103510,Birendra,squat,good,squat_good,0.0,0.0,0.0,0.0,0.0,0.0,-9.267955,0.691924,0.471658,-0.070879,-0.037838,0.03917
2026-08-19T15:42:18.676560+00:00,103531,Birendra,squat,good,squat_good,0.0,0.0,0.0,0.0,0.0,0.0,-9.284714,0.742203,0.457293,-0.085801,-0.037038,0.025314
2026-08-19T15:42:18.676560+00:00,103552,Birendra,squat,good,squat_good,0.0,0.0,0.0,0.0,0.0,0.0,-9.339781,0.806846,0.469264,-0.105786,-0.030377,0.004796
2026-08-19T15:42:18.676560+00:00,103571,Birendra,squat,good,squat_good,0.0,0.0,0.0,0.0,0.0,0.0,-9.411607,0.76375,0.543484,-0.129501,-0.032242,-0.016787
2026-08-19T15:42:18.676560+00:00,103591,Birendra,squat,good,squat_good,0.0,0.0,0.0,0.0,0.0,0.0,-9.454702,0.711078,0.646434,-0.126037,-0.031443,-0.017054
2026-08-19T15:42:18.676560+00:00,103611,Birendra,squat,good,squat_good,0.0,0.0,0.0,0.0,0.0,0.0,-9.500193,0.696713,0.679953,-0.10392,-0.030377,0.005329
2026-08-19T15:42:18.676560+00:00,103631,Birendra,squat,good,squat_good,0.0,0.0,0.0,0.0,0.0,0.0,-9.560047,0.744597,0.727837,-0.086334,-0.031176,0.028511
2026-08-19T15:42:18.676560+00:00,103651,Birendra,squat,good,squat_good,0.0,0.0,0.0,0.0,0.0,0.0,-9.56723,0.696713,0.76375,-0.071945,-0.03544,0.051427
2026-08-19T15:42:18.676560+00:00,103670,Birendra,squat,good,squat_good,0.0,0.0,0.0,0.0,0.0,0.0,-9.548077,0.73502,0.725443,-0.062086,-0.040502,0.06928
2026-08-19T15:42:18.676560+00:00,103691,Birendra,squat,good,squat_good,0.0,0.0,0.0,0.0,0.0,0.0,-9.483433,0.691924,0.679953,-0.045299,-0.042368,0.084735
2026-08-19T15:42:18.676560+00:00,103710,Birendra,squat,good,squat_good,0.0,0.0,0.0,0.0,0.0,0.0,-9.466674,0.766145,0.656011,-0.044233,-0.039969,0.079939
2026-08-19T15:42:18.676560+00:00,103730,Birendra,squat,good,squat_good,0.0,0.0,0.0,0.0,0.0,0.0,-9.41879,0.775721,0.620098,-0.046897,-0.037571,0.069547
2026-08-19T15:42:18.676560+00:00,103750,Birendra,squat,good,squat_good,0.0,0.0,0.0,0.0,0.0,0.0,-9.41879,0.821211,0.596156,-0.063418,-0.046098,0.058089
2026-08-19T15:42:18.676560+00:00,103770,Birendra,squat,good,squat_good,0.0,0.0,0.0,0.0,0.0,0.0,-9.41879,0.770933,0.603339,-0.07381,-0.049562,0.054625
2026-08-19T15:42:18.676560+00:00,103791,Birendra,squat,good,squat_good,0.0,0.0,0.0,0.0,0.0,0.0,-9.397242,0.739808,0.533907,-0.059688,-0.038371,0.059155
2026-08-19T15:42:18.676560+00:00,103810,Birendra,squat,good,squat_good,0.0,0.0,0.0,0.0,0.0,0.0,-9.406818,0.78051,0.54109,-0.04823,-0.036505,0.066882
2026-08-19T15:42:18.676560+00:00,103830,Birendra,squat,good,squat_good,0.0,0.0,0.0,0.0,0.0,0.0,-9.397242,0.792481,0.608127,-0.045832,-0.045032,0.06475
2026-08-19T15:42:18.676560+00:00,103850,Birendra,squat,good,squat_good,0.0,0.0,0.0,0.0,0.0,0.0,-9.370906,0.737414,0.600945,-0.038637,-0.04823,0.067415
2026-08-19T15:42:18.676560+00:00,103870,Birendra,squat,good,squat_good,0.0,0.0,0.0,0.0,0.0,0.0,-9.41879,0.840365,0.612916,-0.032508,-0.040236,0.063152
2026-08-19T15:42:18.676560+00:00,103891,Birendra,squat,good,squat_good,0.0,0.0,0.0,0.0,0.0,0.0,-9.40203,0.847547,0.624887,-0.029044,-0.031709,0.058622
2026-08-19T15:42:18.676560+00:00,103910,Birendra,squat,good,squat_good,0.0,0.0,0.0,0.0,0.0,0.0,-9.471462,0.837971,0.675165,-0.027979,-0.033308,0.055158
2026-08-19T15:42:18.676560+00:00,103930,Birendra,squat,good,squat_good,0.0,0.0,0.0,0.0,0.0,0.0,-9.497798,0.873884,0.732626,-0.023449,-0.038904,0.057289
2026-08-19T15:42:18.676560+00:00,103950,Birendra,squat,good,squat_good,0.0,0.0,0.0,0.0,0.0,0.0,-9.44752,0.905008,0.713472,-0.022116,-0.039436,0.062885
2026-08-19T15:42:18.676560+00:00,103970,Birendra,squat,good,squat_good,0.0,0.0,0.0,0.0,0.0,0.0,-9.440337,0.907402,0.687136,-0.026113,-0.043167,0.068747
2026-08-19T15:42:18.676560+00:00,103991,Birendra,squat,good,squat_good,0.0,0.0,0.0,0.0,0.0,0.0,-9.366117,0.85473,0.68953,-0.022916,-0.042634,0.07834
2026-08-19T15:42:18.676560+00:00,104010,Birendra,squat,good,squat_good,0.0,0.0,0.0,0.0,0.0,0.0,-9.380483,0.881066,0.658405,-0.010126,-0.031443,0.070879
2026-08-19T15:42:18.676560+00:00,104030,Birendra,squat,good,squat_good,0.0,0.0,0.0,0.0,0.0,0.0,-9.421184,0.938527,0.6608,-0.014922,-0.028245,0.037038
2026-08-19T15:42:18.676560+00:00,104050,Birendra,squat,good,squat_good,0.0,0.0,0.0,0.0,0.0,0.0,-9.488221,1.125275,0.562637,-0.031443,-0.038104,0.027446
2026-08-19T15:42:18.676560+00:00,104070,Birendra,squat,good,squat_good,0.0,0.0,0.0,0.0,0.0,0.0,-9.440337,1.122881,0.486023,-0.068481,-0.039436,0.018386
2026-08-19T15:42:18.676560+00:00,104091,Birendra,squat,good,squat_good,0.0,0.0,0.0,0.0,0.0,0.0,-9.40203,0.933739,0.517148,-0.083136,-0.030377,0.025314
2026-08-19T15:42:18.676560+00:00,104110,Birendra,squat,good,squat_good,0.0,0.0,0.0,0.0,0.0,0.0,-9.457097,0.826,0.538695,-0.075142,-0.032508,0.04823
2026-08-19T15:42:18.676560+00:00,104130,Birendra,squat,good,squat_good,0.0,0.0,0.0,0.0,0.0,0.0,-9.44752,0.823605,0.459687,-0.067149,-0.037305,0.056757
2026-08-19T15:42:18.676560+00:00,104150,Birendra,squat,good,squat_good,0.0,0.0,0.0,0.0,0.0,0.0,-9.289502,0.785298,0.414197,-0.076208,-0.049296,0.055691
2026-08-19T15:42:18.676560+00:00,104170,Birendra,squat,good,squat_good,0.0,0.0,0.0,0.0,0.0,0.0,-9.200917,0.737414,0.430956,-0.060221,-0.026646,0.052227
2026-08-19T15:42:18.676560+00:00,104190,Birendra,squat,good,squat_good,0.0,0.0,0.0,0.0,0.0,0.0,-9.320627,0.78051,0.371101,-0.064217,-0.022383,0.035972
2026-08-19T15:42:18.676560+00:00,104211,Birendra,squat,good,squat_good,0.0,0.0,0.0,0.0,0.0,0.0,-9.349358,0.845153,0.45011,-0.072211,-0.017853,0.018652
2026-08-19T15:42:18.676560+00:00,104230,Birendra,squat,good,squat_good,0.0,0.0,0.0,0.0,0.0,0.0,-9.342175,0.835576,0.605733,-0.080472,-0.011991,-0.000266
2026-08-19T15:42:18.676560+00:00,104250,Birendra,squat,good,squat_good,0.0,0.0,0.0,0.0,0.0,0.0,-9.483433,0.873884,0.694318,-0.086334,-0.019452,-0.011724
2026-08-19T15:42:18.676560+00:00,104270,Birendra,squat,good,squat_good,0.0,0.0,0.0,0.0,0.0,0.0,-9.509769,0.873884,0.701501,-0.08287,-0.022916,-0.010392
2026-08-19T15:42:18.676560+00:00,104291,Birendra,squat,good,squat_good,0.0,0.0,0.0,0.0,0.0,0.0,-9.548077,0.931344,0.684742,-0.07381,-0.015721,-0.009326
2026-08-19T15:42:18.676560+00:00,104311,Birendra,squat,good,squat_good,0.0,0.0,0.0,0.0,0.0,0.0,-9.543288,0.833182,0.730232,-0.064217,-0.022649,-0.003198
2026-08-19T15:42:18.676560+00:00,104330,Birendra,squat,good,squat_good,0.0,0.0,0.0,0.0,0.0,0.0,-9.531317,0.85473,0.766145,-0.040769,-0.011458,0.013323
2026-08-19T15:42:18.676560+00:00,104350,Birendra,squat,good,squat_good,0.0,0.0,0.0,0.0,0.0,0.0,-9.524135,0.950498,0.682347,-0.023715,-0.020251,0.023449
2026-08-19T15:42:18.676560+00:00,104370,Birendra,squat,good,squat_good,0.0,0.0,0.0,0.0,0.0,0.0,-9.536105,1.039083,0.675165,-0.019452,-0.028511,0.035706
2026-08-19T15:42:18.676560+00:00,104390,Birendra,squat,good,squat_good,0.0,0.0,0.0,0.0,0.0,0.0,-9.44752,1.096544,0.588974,-0.027712,-0.026646,0.035706
2026-08-19T15:42:18.676560+00:00,104411,Birendra,squat,good,squat_good,0.0,0.0,0.0,0.0,0.0,0.0,-9.315839,0.943315,0.61531,-0.026913,-0.031176,0.035706
2026-08-19T15:42:18.676560+00:00,104430,Birendra,squat,good,squat_good,0.0,0.0,0.0,0.0,0.0,0.0,-9.394848,1.01993,0.586579,-0.014123,-0.015721,0.03464
2026-08-19T15:42:18.676560+00:00,104450,Birendra,squat,good,squat_good,0.0,0.0,0.0,0.0,0.0,0.0,-9.387665,1.051055,0.517148,-0.017054,-0.020251,0.03091
2026-08-19T15:42:18.676560+00:00,104470,Birendra,squat,good,squat_good,0.0,0.0,0.0,0.0,0.0,0.0,-9.323022,1.04866,0.517148,-0.023982,-0.008793,0.023715
2026-08-19T15:42:18.676560+00:00,104490,Birendra,squat,good,squat_good,0.0,0.0,0.0,0.0,0.0,0.0,-9.394848,1.060631,0.529119,-0.041835,0.001865,-0.001865
2026-08-19T15:42:18.676560+00:00,104511,Birendra,squat,good,squat_good,0.0,0.0,0.0,0.0,0.0,0.0,-9.461885,1.000776,0.586579,-0.060487,-0.011724,-0.014389
2026-08-19T15:42:19.499665+00:00,104532,Birendra,squat,good,squat_good,0.0,0.0,0.0,0.0,0.0,0.0,-9.52174,0.986411,0.54109,-0.080205,-0.023182,-0.02558
2026-08-19T15:42:19.499665+00:00,104550,Birendra,squat,good,squat_good,0.0,0.0,0.0,0.0,0.0,0.0,-9.425972,0.78051,0.533907,-0.082337,-0.031709,-0.022116
2026-08-19T15:42:19.499665+00:00,104570,Birendra,squat,good,squat_good,0.0,0.0,0.0,0.0,0.0,0.0,-9.421184,0.742203,0.548272,-0.055957,-0.025047,-0.00453
2026-08-19T15:42:19.499665+00:00,104590,Birendra,squat,good,squat_good,0.0,0.0,0.0,0.0,0.0,0.0,-9.375694,0.725443,0.505177,-0.022649,-0.019185,0.007994
2026-08-19T15:42:19.499665+00:00,104611,Birendra,squat,good,squat_good,0.0,0.0,0.0,0.0,0.0,0.0,-9.524135,0.833182,0.481235,-0.032775,-0.031176,-0.007461
2026-08-19T15:42:19.499665+00:00,104630,Birendra,squat,good,squat_good,0.0,0.0,0.0,0.0,0.0,0.0,-9.490616,0.823605,0.442927,-0.050894,-0.047697,-0.009859
2026-08-19T15:42:19.499665+00:00,104650,Birendra,squat,good,squat_good,0.0,0.0,0.0,0.0,0.0,0.0,-9.366117,0.754174,0.390255,-0.072211,-0.05276,-0.003198
2026-08-19T15:42:19.499665+00:00,104670,Birendra,squat,good,squat_good,0.0,0.0,0.0,0.0,0.0,0.0,-9.378088,0.725443,0.351948,-0.095394,-0.054891,0.001332
2026-08-19T15:42:19.499665+00:00,104690,Birendra,squat,good,squat_good,0.0,0.0,0.0,0.0,0.0,0.0,-9.411607,0.790087,0.248997,-0.135363,-0.074343,-0.004796
2026-08-19T15:42:19.499665+00:00,104714,Birendra,squat,good,squat_good,0.0,0.0,0.0,0.0,0.0,0.0,-9.153033,0.548272,0.222661,-0.169737,-0.092995,-0.000533
2026-08-19T15:42:19.499665+00:00,104730,Birendra,squat,good,squat_good,0.0,0.0,0.0,0.0,0.0,0.0,-8.925584,0.311246,0.332794,-0.128968,-0.051694,0.007994
2026-08-19T15:42:19.499665+00:00,104750,Birendra,squat,good,squat_good,0.0,0.0,0.0,0.0,0.0,0.0,-9.222465,0.512359,0.385466,-0.089798,-0.022649,0.014655
2026-08-19T15:42:19.499665+00:00,104771,Birendra,squat,good,squat_good,0.0,0.0,0.0,0.0,0.0,0.0,-9.313444,0.749385,0.411803,-0.059954,-0.018652,0.028245
2026-08-19T15:42:19.499665+00:00,104790,Birendra,squat,good,squat_good,0.0,0.0,0.0,0.0,0.0,0.0,-9.289502,1.218649,0.409408,-0.075675,-0.012524,0.017054
2026-08-19T15:42:19.499665+00:00,104813,Birendra,squat,good,squat_good,0.0,0.0,0.0,0.0,0.0,0.0,-9.277532,1.240196,0.526724,-0.150551,-0.013323,-0.015455
2026-08-19T15:42:19.499665+00:00,104831,Birendra,squat,good,squat_good,0.0,0.0,0.0,0.0,0.0,0.0,-9.375694,1.149217,0.593762,-0.205443,-0.017054,-0.041568
2026-08-19T15:42:19.499665+00:00,104850,Birendra,squat,good,squat_good,0.0,0.0,0.0,0.0,0.0,0.0,-9.461885,1.058237,0.617704,-0.250475,-0.028511,-0.05649
2026-08-19T15:42:19.499665+00:00,104871,Birendra,squat,good,squat_good,0.0,0.0,0.0,0.0,0.0,0.0,-9.428367,0.905008,0.670376,-0.252873,-0.034107,-0.05276
2026-08-19T15:42:19.499665+00:00,104890,Birendra,squat,good,squat_good,0.0,0.0,0.0,0.0,0.0,0.0,-9.502586,0.845153,0.715866,-0.219832,-0.028511,-0.028778
2026-08-19T15:42:19.499665+00:00,104911,Birendra,squat,good,squat_good,0.0,0.0,0.0,0.0,0.0,0.0,-9.548077,0.828394,0.746991,-0.171868,-0.030643,0.003198
2026-08-19T15:42:19.499665+00:00,104931,Birendra,squat,good,squat_good,0.0,0.0,0.0,0.0,0.0,0.0,-9.524135,0.864307,0.761356,-0.130567,-0.029577,0.028245
2026-08-19T15:42:19.499665+00:00,104950,Birendra,squat,good,squat_good,0.0,0.0,0.0,0.0,0.0,0.0,-9.504981,0.895431,0.744597,-0.098591,-0.03011,0.045299
2026-08-19T15:42:19.499665+00:00,104971,Birendra,squat,good,squat_good,0.0,0.0,0.0,0.0,0.0,0.0,-9.512163,0.890643,0.713472,-0.084202,-0.030643,0.051427
2026-08-19T15:42:19.499665+00:00,104991,Birendra,squat,good,squat_good,0.0,0.0,0.0,0.0,0.0,0.0,-9.497798,0.876278,0.713472,-0.079939,-0.027712,0.052227
2026-08-19T15:42:19.499665+00:00,105010,Birendra,squat,good,squat_good,0.0,0.0,0.0,0.0,0.0,0.0,-9.540894,0.818817,0.727837,-0.081538,-0.031975,0.037838
2026-08-19T15:42:19.499665+00:00,105031,Birendra,squat,good,squat_good,0.0,0.0,0.0,0.0,0.0,0.0,-9.543288,0.715866,0.758962,-0.066349,-0.033041,0.032775
2026-08-19T15:42:19.499665+00:00,105050,Birendra,squat,good,squat_good,0.0,0.0,0.0,0.0,0.0,0.0,-9.583989,0.775721,0.739808,-0.049029,-0.036239,0.044766
2026-08-19T15:42:19.499665+00:00,105070,Birendra,squat,good,squat_good,0.0,0.0,0.0,0.0,0.0,0.0,-9.583989,0.866701,0.758962,-0.053026,-0.036239,0.053026
2026-08-19T15:42:19.499665+00:00,105090,Birendra,squat,good,squat_good,0.0,0.0,0.0,0.0,0.0,0.0,-9.509769,0.907402,0.648829,-0.067948,-0.046897,0.05276
2026-08-19T15:42:19.499665+00:00,105110,Birendra,squat,good,squat_good,0.0,0.0,0.0,0.0,0.0,0.0,-9.476251,0.907402,0.610521,-0.080205,-0.061819,0.051694
2026-08-19T15:42:19.499665+00:00,105131,Birendra,squat,good,squat_good,0.0,0.0,0.0,0.0,0.0,0.0,-9.457097,0.861913,0.543484,-0.087133,-0.073544,0.053559
2026-08-19T15:42:19.499665+00:00,105150,Birendra,squat,good,squat_good,0.0,0.0,0.0,0.0,0.0,0.0,-9.294291,0.797269,0.505177,-0.072744,-0.066882,0.06475
2026-08-19T15:42:19.499665+00:00,105170,Birendra,squat,good,squat_good,0.0,0.0,0.0,0.0,0.0,0.0,-9.26556,0.76375,0.47884,-0.053559,-0.05196,0.062619
2026-08-19T15:42:19.499665+00:00,105190,Birendra,squat,good,squat_good,0.0,0.0,0.0,0.0,0.0,0.0,-9.332599,0.828394,0.469264,-0.055158,-0.055691,0.048763
2026-08-19T15:42:19.499665+00:00,105211,Birendra,squat,good,squat_good,0.0,0.0,0.0,0.0,0.0,0.0,-9.414001,0.893037,0.454898,-0.069014,-0.064217,0.030643
2026-08-19T15:42:19.499665+00:00,105231,Birendra,squat,good,squat_good,0.0,0.0,0.0,0.0,0.0,0.0,-9.421184,0.919373,0.442927,-0.090597,-0.058888,0.022383
2026-08-19T15:42:19.499665+00:00,105250,Birendra,squat,good,squat_good,0.0,0.0,0.0,0.0,0.0,0.0,-9.497798,0.823605,0.502782,-0.09939,-0.054358,0.030377
2026-08-19T15:42:19.499665+00:00,105270,Birendra,squat,good,squat_good,0.0,0.0,0.0,0.0,0.0,0.0,-9.406818,0.835576,0.47884,-0.089265,-0.050628,0.0429
2026-08-19T15:42:19.499665+00:00,105290,Birendra,squat,good,squat_good,0.0,0.0,0.0,0.0,0.0,0.0,-9.354146,0.842759,0.533907,-0.099923,-0.042634,0.045299
2026-08-19T15:42:19.499665+00:00,105311,Birendra,squat,good,squat_good,0.0,0.0,0.0,0.0,0.0,0.0,-9.284714,0.737414,0.622492,-0.090864,-0.038637,0.040502
2026-08-19T15:42:19.499665+00:00,105331,Birendra,squat,good,squat_good,0.0,0.0,0.0,0.0,0.0,0.0,-9.411607,0.823605,0.732626,-0.080472,-0.037571,0.027446
2026-08-19T15:42:19.499665+00:00,105350,Birendra,squat,good,squat_good,0.0,0.0,0.0,0.0,0.0,0.0,-9.495404,0.943315,0.751779,-0.075942,-0.04743,0.018652
2026-08-19T15:42:19.499665+00:00,105370,Birendra,squat,good,squat_good,0.0,0.0,0.0,0.0,0.0,0.0,-9.531317,1.005565,0.790087,-0.074077,-0.050361,0.018919
2026-08-19T15:42:19.499665+00:00,105390,Birendra,squat,good,squat_good,0.0,0.0,0.0,0.0,0.0,0.0,-9.478644,0.984017,0.876278,-0.067681,-0.039969,0.024781
2026-08-19T15:42:19.499665+00:00,105410,Birendra,squat,good,squat_good,0.0,0.0,0.0,0.0,0.0,0.0,-9.531317,1.031901,0.864307,-0.058888,-0.042368,0.029844
2026-08-19T15:42:19.499665+00:00,105431,Birendra,squat,good,squat_good,0.0,0.0,0.0,0.0,0.0,0.0,-9.500193,1.060631,0.823605,-0.042101,-0.043966,0.042101
2026-08-19T15:42:19.499665+00:00,105450,Birendra,squat,good,squat_good,0.0,0.0,0.0,0.0,0.0,0.0,-9.41879,1.063026,0.679953,-0.025047,-0.033041,0.055957
2026-08-19T15:42:19.499665+00:00,105470,Birendra,squat,good,squat_good,0.0,0.0,0.0,0.0,0.0,0.0,-9.332599,1.120486,0.711078,-0.025847,-0.019985,0.061286
2026-08-19T15:42:19.499665+00:00,105490,Birendra,squat,good,squat_good,0.0,0.0,0.0,0.0,0.0,0.0,-9.394848,1.165976,0.653617,-0.051427,-0.014389,0.045299
2026-08-19T15:42:19.499665+00:00,105510,Birendra,squat,good,squat_good,0.0,0.0,0.0,0.0,0.0,0.0,-9.437943,1.125275,0.627281,-0.089531,-0.021317,0.023982
2026-08-19T15:42:20.314956+00:00,105531,Birendra,squat,good,squat_good,0.0,0.0,0.0,0.0,0.0,0.0,-9.349358,1.098939,0.591368,-0.103654,-0.024515,0.013856
2026-08-19T15:42:20.314956+00:00,105550,Birendra,squat,good,squat_good,0.0,0.0,0.0,0.0,0.0,0.0,-9.31105,1.005565,0.560243,-0.107651,-0.015988,0.011724
2026-08-19T15:42:20.314956+00:00,105570,Birendra,squat,good,squat_good,0.0,0.0,0.0,0.0,0.0,0.0,-9.385271,0.919373,0.562637,-0.09566,-0.011458,0.019185
2026-08-19T15:42:20.314956+00:00,105590,Birendra,squat,good,squat_good,0.0,0.0,0.0,0.0,0.0,0.0,-9.370906,0.871489,0.567426,-0.0866,-0.022916,0.024248
2026-08-19T15:42:20.314956+00:00,105610,Birendra,squat,good,squat_good,0.0,0.0,0.0,0.0,0.0,0.0,-9.471462,0.962469,0.505177,-0.082603,-0.03011,0.019185
2026-08-19T15:42:20.314956+00:00,105631,Birendra,squat,good,squat_good,0.0,0.0,0.0,0.0,0.0,0.0,-9.457097,0.957681,0.517148,-0.093528,-0.03011,0.002398
2026-08-19T15:42:20.314956+00:00,105650,Birendra,squat,good,squat_good,0.0,0.0,0.0,0.0,0.0,0.0,-9.495404,0.92895,0.493206,-0.122573,-0.033041,-0.009593
2026-08-19T15:42:20.314956+00:00,105670,Birendra,squat,good,squat_good,0.0,0.0,0.0,0.0,0.0,0.0,-9.337387,0.758962,0.557849,-0.125504,-0.028245,-0.005063
2026-08-19T15:42:20.314956+00:00,105690,Birendra,squat,good,squat_good,0.0,0.0,0.0,0.0,0.0,0.0,-9.437943,0.806846,0.586579,-0.10472,-0.016254,-0.002931
2026-08-19T15:42:20.314956+00:00,105710,Birendra,squat,good,squat_good,0.0,0.0,0.0,0.0,0.0,0.0,-9.44752,0.840365,0.622492,-0.098591,-0.026646,-0.010126
2026-08-19T15:42:20.314956+00:00,105735,Birendra,squat,good,squat_good,0.0,0.0,0.0,0.0,0.0,0.0,-9.502586,0.960075,0.557849,-0.105253,-0.033308,-0.024515
2026-08-19T15:42:20.314956+00:00,105751,Birendra,squat,good,squat_good,0.0,0.0,0.0,0.0,0.0,0.0,-9.406818,0.94571,0.581791,-0.108983,-0.035173,-0.030377
2026-08-19T15:42:20.314956+00:00,105771,Birendra,squat,good,squat_good,0.0,0.0,0.0,0.0,0.0,0.0,-9.406818,0.869095,0.639252,-0.102588,-0.03011,-0.02638
2026-08-19T15:42:20.314956+00:00,105791,Birendra,squat,good,squat_good,0.0,0.0,0.0,0.0,0.0,0.0,-9.437943,0.842759,0.641646,-0.08287,-0.03011,-0.014123
2026-08-19T15:42:20.314956+00:00,105810,Birendra,squat,good,squat_good,0.0,0.0,0.0,0.0,0.0,0.0,-9.471462,0.995988,0.56982,-0.063418,-0.035173,0.001599
2026-08-19T15:42:20.314956+00:00,105832,Birendra,squat,good,squat_good,0.0,0.0,0.0,0.0,0.0,0.0,-9.457097,1.060631,0.550666,-0.079939,-0.051427,0.001066
2026-08-19T15:42:20.314956+00:00,105850,Birendra,squat,good,squat_good,0.0,0.0,0.0,0.0,0.0,0.0,-9.380483,0.986411,0.562637,-0.110049,-0.056757,-0.00906
2026-08-19T15:42:20.314956+00:00,105870,Birendra,squat,good,squat_good,0.0,0.0,0.0,0.0,0.0,0.0,-9.361329,0.943315,0.488417,-0.131366,-0.062619,-0.011724
2026-08-19T15:42:20.314956+00:00,105890,Birendra,squat,good,squat_good,0.0,0.0,0.0,0.0,0.0,0.0,-9.323022,0.816423,0.514753,-0.148953,-0.07008,-0.011991
2026-08-19T15:42:20.314956+00:00,105910,Birendra,squat,good,squat_good,0.0,0.0,0.0,0.0,0.0,0.0,-9.277532,0.775721,0.509965,-0.137495,-0.057556,-0.013323
2026-08-19T15:42:20.314956+00:00,105931,Birendra,squat,good,squat_good,0.0,0.0,0.0,0.0,0.0,0.0,-9.323022,0.70629,0.548272,-0.126836,-0.051427,-0.017853
2026-08-19T15:42:20.314956+00:00,105951,Birendra,squat,good,squat_good,0.0,0.0,0.0,0.0,0.0,0.0,-9.41879,0.742203,0.600945,-0.107118,-0.039436,-0.011991
2026-08-19T15:42:20.314956+00:00,105970,Birendra,squat,good,squat_good,0.0,0.0,0.0,0.0,0.0,0.0,-9.409213,0.804452,0.624887,-0.097525,-0.038104,-0.001599
2026-08-19T15:42:20.314956+00:00,105990,Birendra,squat,good,squat_good,0.0,0.0,0.0,0.0,0.0,0.0,-9.433155,0.881066,0.6608,-0.089531,-0.031975,0.006662
2026-08-19T15:42:20.314956+00:00,106010,Birendra,squat,good,squat_good,0.0,0.0,0.0,0.0,0.0,0.0,-9.502586,0.857124,0.687136,-0.078606,-0.035173,0.016521
2026-08-19T15:42:20.314956+00:00,106031,Birendra,squat,good,squat_good,0.0,0.0,0.0,0.0,0.0,0.0,-9.483433,0.826,0.718261,-0.06555,-0.035972,0.024515
2026-08-19T15:42:20.314956+00:00,106051,Birendra,squat,good,squat_good,0.0,0.0,0.0,0.0,0.0,0.0,-9.411607,0.847547,0.723049,-0.049029,-0.033308,0.033041
2026-08-19T15:42:20.314956+00:00,106070,Birendra,squat,good,squat_good,0.0,0.0,0.0,0.0,0.0,0.0,-9.435549,0.890643,0.739808,-0.035173,-0.034107,0.0429
2026-08-19T15:42:20.314956+00:00,106090,Birendra,squat,good,squat_good,0.0,0.0,0.0,0.0,0.0,0.0,-9.481039,0.97444,0.675165,-0.035706,-0.044766,0.042101
2026-08-19T15:42:20.314956+00:00,106110,Birendra,squat,good,squat_good,0.0,0.0,0.0,0.0,0.0,0.0,-9.454702,0.936133,0.646434,-0.037571,-0.047963,0.041302
2026-08-19T15:42:20.314956+00:00,106131,Birendra,squat,good,squat_good,0.0,0.0,0.0,0.0,0.0,0.0,-9.449914,0.926556,0.610521,-0.038904,-0.048763,0.048763
2026-08-19T15:42:20.314956+00:00,106151,Birendra,squat,good,squat_good,0.0,0.0,0.0,0.0,0.0,0.0,-9.366117,0.840365,0.622492,-0.037305,-0.050894,0.058355
2026-08-19T15:42:20.314956+00:00,106170,Birendra,squat,good,squat_good,0.0,0.0,0.0,0.0,0.0,0.0,-9.397242,0.888249,0.550666,-0.030377,-0.045299,0.057822
2026-08-19T15:42:20.314956+00:00,106190,Birendra,squat,good,squat_good,0.0,0.0,0.0,0.0,0.0,0.0,-9.356541,0.811634,0.567426,-0.034907,-0.050894,0.05196
2026-08-19T15:42:20.314956+00:00,106210,Birendra,squat,good,squat_good,0.0,0.0,0.0,0.0,0.0,0.0,-9.330204,0.802058,0.586579,-0.025314,-0.043433,0.053292
2026-08-19T15:42:20.314956+00:00,106230,Birendra,squat,good,squat_good,0.0,0.0,0.0,0.0,0.0,0.0,-9.390059,0.849942,0.61531,-0.032242,-0.041835,0.047963
2026-08-19T15:42:20.314956+00:00,106251,Birendra,squat,good,squat_good,0.0,0.0,0.0,0.0,0.0,0.0,-9.399636,0.840365,0.665588,-0.034374,-0.046098,0.045299
2026-08-19T15:42:20.314956+00:00,106270,Birendra,squat,good,squat_good,0.0,0.0,0.0,0.0,0.0,0.0,-9.52174,0.92895,0.636858,-0.03544,-0.048763,0.048496
2026-08-19T15:42:20.314956+00:00,106290,Birendra,squat,good,squat_good,0.0,0.0,0.0,0.0,0.0,0.0,-9.488221,0.924162,0.656011,-0.035972,-0.049296,0.055158
2026-08-19T15:42:20.314956+00:00,106310,Birendra,squat,good,squat_good,0.0,0.0,0.0,0.0,0.0,0.0,-9.41879,0.88346,0.703895,-0.026113,-0.047697,0.068481
2026-08-19T15:42:20.314956+00:00,106330,Birendra,squat,good,squat_good,0.0,0.0,0.0,0.0,0.0,0.0,-9.40203,0.936133,0.694318,-0.008527,-0.039969,0.074876
2026-08-19T15:42:20.314956+00:00,106351,Birendra,squat,good,squat_good,0.0,0.0,0.0,0.0,0.0,0.0,-9.40203,0.998382,0.732626,-0.002132,-0.039969,0.069014
2026-08-19T15:42:20.314956+00:00,106370,Birendra,squat,good,squat_good,0.0,0.0,0.0,0.0,0.0,0.0,-9.466674,1.072602,0.725443,0.0,-0.036505,0.057822
2026-08-19T15:42:20.314956+00:00,106390,Birendra,squat,good,squat_good,0.0,0.0,0.0,0.0,0.0,0.0,-9.421184,1.005565,0.804452,0.001332,-0.033574,0.053292
2026-08-19T15:42:20.314956+00:00,106410,Birendra,squat,good,squat_good,0.0,0.0,0.0,0.0,0.0,0.0,-9.43076,1.01993,0.837971,0.014123,-0.026113,0.060221
2026-08-19T15:42:20.314956+00:00,106430,Birendra,squat,good,squat_good,0.0,0.0,0.0,0.0,0.0,0.0,-9.469068,1.13964,0.797269,0.031176,-0.013323,0.055691
2026-08-19T15:42:20.314956+00:00,106451,Birendra,squat,good,squat_good,0.0,0.0,0.0,0.0,0.0,0.0,-9.514558,1.216254,0.758962,0.029577,-0.015988,0.048763
2026-08-19T15:42:20.314956+00:00,106470,Birendra,squat,good,squat_good,0.0,0.0,0.0,0.0,0.0,0.0,-9.555259,1.237802,0.770933,0.020784,-0.010392,0.038104
2026-08-19T15:42:20.314956+00:00,106491,Birendra,squat,good,squat_good,0.0,0.0,0.0,0.0,0.0,0.0,-9.49301,1.120486,0.756568,0.005329,-0.016787,0.023182
2026-08-19T15:42:20.314956+00:00,106510,Birendra,squat,good,squat_good,0.0,0.0,0.0,0.0,0.0,0.0,-9.514558,1.106121,0.768539,-0.000799,-0.003198,0.000266
2026-08-19T15:42:21.339684+00:00,106532,Birendra,squat,good,squat_good,0.0,0.0,0.0,0.0,0.0,0.0,-9.629479,1.21386,0.699107,-0.019985,-0.022116,-0.022916
2026-08-19T15:42:21.339684+00:00,106551,Birendra,squat,good,squat_good,0.0,0.0,0.0,0.0,0.0,0.0,-9.414001,0.97444,0.696713,-0.023715,-0.038637,-0.006928
2026-08-19T15:42:21.339684+00:00,106571,Birendra,squat,good,squat_good,0.0,0.0,0.0,0.0,0.0,0.0,-9.344569,0.976834,0.665588,-0.001599,-0.012524,0.016787
2026-08-19T15:42:21.339684+00:00,106594,Birendra,squat,good,squat_good,0.0,0.0,0.0,0.0,0.0,0.0,-9.497798,1.060631,0.596156,-0.023982,-0.033041,0.010392
2026-08-19T15:42:21.339684+00:00,106611,Birendra,squat,good,squat_good,0.0,0.0,0.0,0.0,0.0,0.0,-9.404425,1.029507,0.517148,-0.049029,-0.059421,0.007727
2026-08-19T15:42:21.339684+00:00,106630,Birendra,squat,good,squat_good,0.0,0.0,0.0,0.0,0.0,0.0,-9.100361,0.835576,0.47884,-0.038904,-0.042634,0.010925
2026-08-19T15:42:21.339684+00:00,106651,Birendra,squat,good,squat_good,0.0,0.0,0.0,0.0,0.0,0.0,-9.315839,0.933739,0.445322,-0.033041,-0.023182,0.002931
2026-08-19T15:42:21.339684+00:00,106670,Birendra,squat,good,squat_good,0.0,0.0,0.0,0.0,0.0,0.0,-9.428367,0.955287,0.486023,-0.045832,-0.033041,-0.00906
2026-08-19T15:42:21.339684+00:00,106690,Birendra,squat,good,squat_good,0.0,0.0,0.0,0.0,0.0,0.0,-9.334992,0.893037,0.471658,-0.034907,-0.031443,-0.001332
2026-08-19T15:42:21.339684+00:00,106710,Birendra,squat,good,squat_good,0.0,0.0,0.0,0.0,0.0,0.0,-9.406818,0.916979,0.447716,-0.042634,-0.038104,0.002665
2026-08-19T15:42:21.339684+00:00,106730,Birendra,squat,good,squat_good,0.0,0.0,0.0,0.0,0.0,0.0,-9.382876,0.828394,0.486023,-0.053026,-0.03917,0.011191
2026-08-19T15:42:21.339684+00:00,106750,Birendra,squat,good,squat_good,0.0,0.0,0.0,0.0,0.0,0.0,-9.394848,0.864307,0.466869,-0.070346,-0.0429,0.009326
2026-08-19T15:42:21.339684+00:00,106771,Birendra,squat,good,squat_good,0.0,0.0,0.0,0.0,0.0,0.0,-9.368511,0.835576,0.462081,-0.091397,-0.052227,0.005063
2026-08-19T15:42:21.339684+00:00,106790,Birendra,squat,good,squat_good,0.0,0.0,0.0,0.0,0.0,0.0,-9.241618,0.665588,0.557849,-0.08287,-0.045832,0.015455
2026-08-19T15:42:21.339684+00:00,106810,Birendra,squat,good,squat_good,0.0,0.0,0.0,0.0,0.0,0.0,-9.399636,0.806846,0.529119,-0.071945,-0.037305,0.011191
2026-08-19T15:42:21.339684+00:00,106830,Birendra,squat,good,squat_good,0.0,0.0,0.0,0.0,0.0,0.0,-9.43076,0.818817,0.658405,-0.071412,-0.045299,0.006662
2026-08-19T15:42:21.339684+00:00,106851,Birendra,squat,good,squat_good,0.0,0.0,0.0,0.0,0.0,0.0,-9.425972,0.888249,0.720655,-0.039436,-0.034907,0.019452
2026-08-19T15:42:21.339684+00:00,106871,Birendra,squat,good,squat_good,0.0,0.0,0.0,0.0,0.0,0.0,-9.449914,1.012747,0.723049,-0.028778,-0.038371,0.027712
2026-08-19T15:42:21.339684+00:00,106890,Birendra,squat,good,squat_good,0.0,0.0,0.0,0.0,0.0,0.0,-9.435549,1.06542,0.754174,-0.015988,-0.029844,0.032775
2026-08-19T15:42:21.339684+00:00,106910,Birendra,squat,good,squat_good,0.0,0.0,0.0,0.0,0.0,0.0,-9.507375,1.173159,0.708684,-0.020784,-0.037305,0.033308
2026-08-19T15:42:21.339684+00:00,106930,Birendra,squat,good,squat_good,0.0,0.0,0.0,0.0,0.0,0.0,-9.466674,1.127669,0.677559,-0.036239,-0.042101,0.032508
2026-08-19T15:42:21.339684+00:00,106950,Birendra,squat,good,squat_good,0.0,0.0,0.0,0.0,0.0,0.0,-9.358934,1.036689,0.672771,-0.044766,-0.0429,0.032242
2026-08-19T15:42:21.339684+00:00,106971,Birendra,squat,good,squat_good,0.0,0.0,0.0,0.0,0.0,0.0,-9.500193,1.118092,0.591368,-0.058622,-0.043966,0.025314
2026-08-19T15:42:21.339684+00:00,106990,Birendra,squat,good,squat_good,0.0,0.0,0.0,0.0,0.0,0.0,-9.370906,0.926556,0.588974,-0.073277,-0.054358,0.018119
2026-08-19T15:42:21.339684+00:00,107010,Birendra,squat,good,squat_good,0.0,0.0,0.0,0.0,0.0,0.0,-9.334992,0.972046,0.562637,-0.074876,-0.04823,0.017054
2026-08-19T15:42:21.339684+00:00,107030,Birendra,squat,good,squat_good,0.0,0.0,0.0,0.0,0.0,0.0,-9.315839,0.895431,0.565032,-0.086067,-0.049029,0.009326
2026-08-19T15:42:21.339684+00:00,107050,Birendra,squat,good,squat_good,0.0,0.0,0.0,0.0,0.0,0.0,-9.306262,0.833182,0.553061,-0.080472,-0.041302,0.003997
2026-08-19T15:42:21.339684+00:00,107071,Birendra,squat,good,squat_good,0.0,0.0,0.0,0.0,0.0,0.0,-9.409213,0.885855,0.61531,-0.088732,-0.038104,-0.011991
2026-08-19T15:42:21.339684+00:00,107090,Birendra,squat,good,squat_good,0.0,0.0,0.0,0.0,0.0,0.0,-9.481039,0.986411,0.651223,-0.094328,-0.03011,-0.022116
2026-08-19T15:42:21.339684+00:00,107110,Birendra,squat,good,squat_good,0.0,0.0,0.0,0.0,0.0,0.0,-9.476251,0.943315,0.677559,-0.098591,-0.032775,-0.019452
2026-08-19T15:42:21.339684+00:00,107130,Birendra,squat,good,squat_good,0.0,0.0,0.0,0.0,0.0,0.0,-9.471462,0.948104,0.739808,-0.092462,-0.027446,-0.012524
2026-08-19T15:42:21.339684+00:00,107150,Birendra,squat,good,squat_good,0.0,0.0,0.0,0.0,0.0,0.0,-9.533711,1.024718,0.68953,-0.088199,-0.03091,-0.008527
2026-08-19T15:42:21.339684+00:00,107171,Birendra,squat,good,squat_good,0.0,0.0,0.0,0.0,0.0,0.0,-9.437943,0.92895,0.703895,-0.08287,-0.038637,0.001066
2026-08-19T15:42:21.339684+00:00,107190,Birendra,squat,good,squat_good,0.0,0.0,0.0,0.0,0.0,0.0,-9.476251,0.940921,0.622492,-0.076208,-0.0429,0.005862
2026-08-19T15:42:21.339684+00:00,107210,Birendra,squat,good,squat_good,0.0,0.0,0.0,0.0,0.0,0.0,-9.392453,0.895431,0.677559,-0.069813,-0.042368,0.003198
2026-08-19T15:42:21.339684+00:00,107230,Birendra,squat,good,squat_good,0.0,0.0,0.0,0.0,0.0,0.0,-9.358934,0.88346,0.663194,-0.056224,-0.033841,0.00373
2026-08-19T15:42:21.339684+00:00,107250,Birendra,squat,good,squat_good,0.0,0.0,0.0,0.0,0.0,0.0,-9.344569,0.869095,0.68953,-0.044233,-0.03544,0.008527
2026-08-19T15:42:21.339684+00:00,107271,Birendra,squat,good,squat_good,0.0,0.0,0.0,0.0,0.0,0.0,-9.490616,0.955287,0.677559,-0.044499,-0.035173,0.009326
2026-08-19T15:42:21.339684+00:00,107290,Birendra,squat,good,squat_good,0.0,0.0,0.0,0.0,0.0,0.0,-9.473856,0.976834,0.70629,-0.045032,-0.033841,0.011191
2026-08-19T15:42:21.339684+00:00,107310,Birendra,squat,good,squat_good,0.0,0.0,0.0,0.0,0.0,0.0,-9.478644,0.94571,0.727837,-0.05276,-0.036772,0.007727
2026-08-19T15:42:21.339684+00:00,107330,Birendra,squat,good,squat_good,0.0,0.0,0.0,0.0,0.0,0.0,-9.526528,0.938527,0.727837,-0.047697,-0.038104,0.013856
2026-08-19T15:42:21.339684+00:00,107350,Birendra,squat,good,squat_good,0.0,0.0,0.0,0.0,0.0,0.0,-9.502586,0.88346,0.687136,-0.042368,-0.046631,0.022383
2026-08-19T15:42:21.339684+00:00,107371,Birendra,squat,good,squat_good,0.0,0.0,0.0,0.0,0.0,0.0,-9.437943,0.88346,0.639252,-0.032242,-0.046897,0.029044
2026-08-19T15:42:21.339684+00:00,107390,Birendra,squat,good,squat_good,0.0,0.0,0.0,0.0,0.0,0.0,-9.385271,0.909797,0.591368,-0.037305,-0.046098,0.028778
2026-08-19T15:42:21.339684+00:00,107410,Birendra,squat,good,squat_good,0.0,0.0,0.0,0.0,0.0,0.0,-9.356541,0.895431,0.550666,-0.052227,-0.049562,0.018919
2026-08-19T15:42:21.339684+00:00,107430,Birendra,squat,good,squat_good,0.0,0.0,0.0,0.0,0.0,0.0,-9.370906,0.840365,0.483629,-0.067149,-0.05276,0.007994
2026-08-19T15:42:21.339684+00:00,107450,Birendra,squat,good,squat_good,0.0,0.0,0.0,0.0,0.0,0.0,-9.425972,0.792481,0.577003,-0.071678,-0.054092,0.002931
2026-08-19T15:42:21.339684+00:00,107471,Birendra,squat,good,squat_good,0.0,0.0,0.0,0.0,0.0,0.0,-9.414001,0.818817,0.565032,-0.070879,-0.046364,0.004796
2026-08-19T15:42:21.339684+00:00,107491,Birendra,squat,good,squat_good,0.0,0.0,0.0,0.0,0.0,0.0,-9.404425,0.857124,0.572214,-0.071945,-0.043966,0.005329
2026-08-19T15:42:21.339684+00:00,107510,Birendra,squat,good,squat_good,0.0,0.0,0.0,0.0,0.0,0.0,-9.363723,0.837971,0.596156,-0.073544,-0.044499,0.001599
2026-08-19T15:42:22.853937+00:00,107532,Birendra,squat,good,squat_good,0.0,0.0,0.0,0.0,0.0,0.0,-9.382876,0.823605,0.600945,-0.066349,-0.039969,0.005862
2026-08-19T15:42:22.853937+00:00,107550,Birendra,squat,good,squat_good,0.0,0.0,0.0,0.0,0.0,0.0,-9.399636,0.859518,0.605733,-0.06555,-0.033574,0.009326
2026-08-19T15:42:22.853937+00:00,107570,Birendra,squat,good,squat_good,0.0,0.0,0.0,0.0,0.0,0.0,-9.378088,0.840365,0.648829,-0.067681,-0.031176,0.005329
2026-08-19T15:42:22.853937+00:00,107593,Birendra,squat,good,squat_good,0.0,0.0,0.0,0.0,0.0,0.0,-9.406818,0.821211,0.672771,-0.068214,-0.031975,0.004263
2026-08-19T15:42:22.853937+00:00,107611,Birendra,squat,good,squat_good,0.0,0.0,0.0,0.0,0.0,0.0,-9.435549,0.890643,0.699107,-0.059688,-0.027712,0.007727
2026-08-19T15:42:22.853937+00:00,107631,Birendra,squat,good,squat_good,0.0,0.0,0.0,0.0,0.0,0.0,-9.449914,0.905008,0.708684,-0.055424,-0.025314,0.008527
2026-08-19T15:42:22.853937+00:00,107650,Birendra,squat,good,squat_good,0.0,0.0,0.0,0.0,0.0,0.0,-9.459491,0.924162,0.754174,-0.053559,-0.02185,0.004263
2026-08-19T15:42:22.853937+00:00,107671,Birendra,squat,good,squat_good,0.0,0.0,0.0,0.0,0.0,0.0,-9.524135,0.981623,0.730232,-0.051694,-0.019718,0.001332
2026-08-19T15:42:22.853937+00:00,107691,Birendra,squat,good,squat_good,0.0,0.0,0.0,0.0,0.0,0.0,-9.481039,1.007959,0.766145,-0.058089,-0.020784,-0.00373
2026-08-19T15:42:22.853937+00:00,107710,Birendra,squat,good,squat_good,0.0,0.0,0.0,0.0,0.0,0.0,-9.452309,0.943315,0.766145,-0.06555,-0.023449,-0.001599
2026-08-19T15:42:22.853937+00:00,107730,Birendra,squat,good,squat_good,0.0,0.0,0.0,0.0,0.0,0.0,-9.457097,0.933739,0.744597,-0.059954,-0.020251,0.0
2026-08-19T15:42:22.853937+00:00,107750,Birendra,squat,good,squat_good,0.0,0.0,0.0,0.0,0.0,0.0,-9.44752,0.921768,0.73502,-0.058355,-0.021051,0.002398
2026-08-19T15:42:22.853937+00:00,107771,Birendra,squat,good,squat_good,0.0,0.0,0.0,0.0,0.0,0.0,-9.445126,0.88346,0.737414,-0.059421,-0.023182,0.000266
2026-08-19T15:42:22.853937+00:00,107791,Birendra,squat,good,squat_good,0.0,0.0,0.0,0.0,0.0,0.0,-9.44752,0.919373,0.70629,-0.054358,-0.024515,0.003464
2026-08-19T15:42:22.853937+00:00,107810,Birendra,squat,good,squat_good,0.0,0.0,0.0,0.0,0.0,0.0,-9.44752,0.940921,0.687136,-0.059155,-0.021583,0.002398
2026-08-19T15:42:22.853937+00:00,107830,Birendra,squat,good,squat_good,0.0,0.0,0.0,0.0,0.0,0.0,-9.414001,0.895431,0.687136,-0.064484,-0.022383,0.003997
2026-08-19T15:42:22.853937+00:00,107850,Birendra,squat,good,squat_good,0.0,0.0,0.0,0.0,0.0,0.0,-9.449914,0.88346,0.663194,-0.070613,-0.026913,0.001066
2026-08-19T15:42:22.853937+00:00,107871,Birendra,squat,good,squat_good,0.0,0.0,0.0,0.0,0.0,0.0,-9.44752,0.823605,0.684742,-0.067681,-0.026113,-0.000799
2026-08-19T15:42:22.853937+00:00,107891,Birendra,squat,good,squat_good,0.0,0.0,0.0,0.0,0.0,0.0,-9.442732,0.778116,0.679953,-0.06102,-0.025314,0.003198
2026-08-19T15:42:22.853937+00:00,107910,Birendra,squat,good,squat_good,0.0,0.0,0.0,0.0,0.0,0.0,-9.437943,0.792481,0.656011,-0.057822,-0.029311,0.009859
2026-08-19T15:42:22.853937+00:00,107930,Birendra,squat,good,squat_good,0.0,0.0,0.0,0.0,0.0,0.0,-9.406818,0.802058,0.603339,-0.055424,-0.035173,0.014389
2026-08-19T15:42:22.853937+00:00,107950,Birendra,squat,good,squat_good,0.0,0.0,0.0,0.0,0.0,0.0,-9.392453,0.826,0.610521,-0.06102,-0.032508,0.002665
2026-08-19T15:42:22.853937+00:00,107970,Birendra,squat,good,squat_good,0.0,0.0,0.0,0.0,0.0,0.0,-9.457097,0.799663,0.64404,-0.063152,-0.023982,-0.008527
2026-08-19T15:42:22.853937+00:00,107991,Birendra,squat,good,squat_good,0.0,0.0,0.0,0.0,0.0,0.0,-9.485827,0.828394,0.730232,-0.075675,-0.029044,-0.014123
2026-08-19T15:42:22.853937+00:00,108010,Birendra,squat,good,squat_good,0.0,0.0,0.0,0.0,0.0,0.0,-9.478644,0.828394,0.773327,-0.069813,-0.034907,0.00373
2026-08-19T15:42:22.853937+00:00,108030,Birendra,squat,good,squat_good,0.0,0.0,0.0,0.0,0.0,0.0,-9.495404,0.914585,0.742203,-0.06555,-0.038371,0.017054
2026-08-19T15:42:22.853937+00:00,108050,Birendra,squat,good,squat_good,0.0,0.0,0.0,0.0,0.0,0.0,-9.433155,0.916979,0.723049,-0.069813,-0.041568,0.021317
2026-08-19T15:42:22.853937+00:00,108070,Birendra,squat,good,squat_good,0.0,0.0,0.0,0.0,0.0,0.0,-9.399636,0.926556,0.703895,-0.087666,-0.043167,0.013057
2026-08-19T15:42:22.853937+00:00,108091,Birendra,squat,good,squat_good,0.0,0.0,0.0,0.0,0.0,0.0,-9.409213,0.823605,0.691924,-0.106052,-0.052493,0.007994
2026-08-19T15:42:22.853937+00:00,108110,Birendra,squat,good,squat_good,0.0,0.0,0.0,0.0,0.0,0.0,-9.392453,0.787692,0.608127,-0.084469,-0.042368,0.014655
2026-08-19T15:42:22.853937+00:00,108130,Birendra,squat,good,squat_good,0.0,0.0,0.0,0.0,0.0,0.0,-9.366117,0.713472,0.610521,-0.065283,-0.040769,0.02558
2026-08-19T15:42:22.853937+00:00,108150,Birendra,squat,good,squat_good,0.0,0.0,0.0,0.0,0.0,0.0,-9.346964,0.804452,0.622492,-0.031176,-0.020518,0.040502
2026-08-19T15:42:22.853937+00:00,108170,Birendra,squat,good,squat_good,0.0,0.0,0.0,0.0,0.0,0.0,-9.425972,0.986411,0.579397,-0.041568,-0.022116,0.027712
2026-08-19T15:42:22.853937+00:00,108191,Birendra,squat,good,squat_good,0.0,0.0,0.0,0.0,0.0,0.0,-9.406818,0.931344,0.579397,-0.071145,-0.032242,0.011458
2026-08-19T15:42:22.853937+00:00,108210,Birendra,squat,good,squat_good,0.0,0.0,0.0,0.0,0.0,0.0,-9.445126,0.802058,0.608127,-0.0874,-0.038371,0.008793
2026-08-19T15:42:22.853937+00:00,108230,Birendra,squat,good,squat_good,0.0,0.0,0.0,0.0,0.0,0.0,-9.404425,0.708684,0.617704,-0.069813,-0.029044,0.025047
2026-08-19T15:42:22.853937+00:00,108250,Birendra,squat,good,squat_good,0.0,0.0,0.0,0.0,0.0,0.0,-9.380483,0.723049,0.605733,-0.039436,-0.03091,0.045032
2026-08-19T15:42:22.853937+00:00,108270,Birendra,squat,good,squat_good,0.0,0.0,0.0,0.0,0.0,0.0,-9.473856,0.811634,0.562637,-0.027712,-0.033841,0.050628
2026-08-19T15:42:22.853937+00:00,108291,Birendra,squat,good,squat_good,0.0,0.0,0.0,0.0,0.0,0.0,-9.354146,0.739808,0.605733,-0.034907,-0.0429,0.051694
2026-08-19T15:42:22.853937+00:00,108310,Birendra,squat,good,squat_good,0.0,0.0,0.0,0.0,0.0,0.0,-9.378088,0.804452,0.588974,-0.033841,-0.029311,0.04823
2026-08-19T15:42:22.853937+00:00,108330,Birendra,squat,good,squat_good,0.0,0.0,0.0,0.0,0.0,0.0,-9.43076,0.833182,0.620098,-0.038371,-0.030377,0.045565
2026-08-19T15:42:22.853937+00:00,108350,Birendra,squat,good,squat_good,0.0,0.0,0.0,0.0,0.0,0.0,-9.471462,0.895431,0.603339,-0.04743,-0.036505,0.040769
2026-08-19T15:42:22.853937+00:00,108370,Birendra,squat,good,squat_good,0.0,0.0,0.0,0.0,0.0,0.0,-9.385271,0.799663,0.651223,-0.057289,-0.041835,0.040502
2026-08-19T15:42:22.853937+00:00,108391,Birendra,squat,good,squat_good,0.0,0.0,0.0,0.0,0.0,0.0,-9.478644,0.895431,0.639252,-0.061819,-0.038904,0.039703
2026-08-19T15:42:22.853937+00:00,108410,Birendra,squat,good,squat_good,0.0,0.0,0.0,0.0,0.0,0.0,-9.437943,0.828394,0.656011,-0.063951,-0.044233,0.044766
2026-08-19T15:42:22.853937+00:00,108430,Birendra,squat,good,squat_good,0.0,0.0,0.0,0.0,0.0,0.0,-9.392453,0.821211,0.579397,-0.050628,-0.042634,0.057822
2026-08-19T15:42:22.853937+00:00,108450,Birendra,squat,good,squat_good,0.0,0.0,0.0,0.0,0.0,0.0,-9.358934,0.85473,0.59855,-0.050628,-0.043167,0.059688
2026-08-19T15:42:22.853937+00:00,108470,Birendra,squat,good,squat_good,0.0,0.0,0.0,0.0,0.0,0.0,-9.330204,0.857124,0.622492,-0.055424,-0.046897,0.058888
2026-08-19T15:42:22.853937+00:00,108491,Birendra,squat,good,squat_good,0.0,0.0,0.0,0.0,0.0,0.0,-9.387665,0.933739,0.624887,-0.049828,-0.033308,0.045032
2026-08-19T15:42:22.853937+00:00,108511,Birendra,squat,good,squat_good,0.0,0.0,0.0,0.0,0.0,0.0,-9.3733,0.845153,0.665588,-0.060221,-0.044766,0.038637
2026-08-19T15:42:23.519803+00:00,108532,Birendra,squat,good,squat_good,0.0,0.0,0.0,0.0,0.0,0.0,-9.500193,0.950498,0.691924,-0.05276,-0.037571,0.03917
2026-08-19T15:42:23.519803+00:00,108550,Birendra,squat,good,squat_good,0.0,0.0,0.0,0.0,0.0,0.0,-9.552865,1.022324,0.670376,-0.070879,-0.050361,0.037038
2026-08-19T15:42:23.519803+00:00,108570,Birendra,squat,good,squat_good,0.0,0.0,0.0,0.0,0.0,0.0,-9.519346,0.979228,0.665588,-0.079139,-0.054625,0.041568
2026-08-19T15:42:23.519803+00:00,108591,Birendra,squat,good,squat_good,0.0,0.0,0.0,0.0,0.0,0.0,-9.416395,0.902614,0.620098,-0.079406,-0.054092,0.059155
2026-08-19T15:42:23.519803+00:00,108611,Birendra,squat,good,squat_good,0.0,0.0,0.0,0.0,0.0,0.0,-9.397242,0.907402,0.586579,-0.067149,-0.042368,0.071678
2026-08-19T15:42:23.519803+00:00,108630,Birendra,squat,good,squat_good,0.0,0.0,0.0,0.0,0.0,0.0,-9.28232,0.861913,0.591368,-0.066083,-0.045565,0.069014
2026-08-19T15:42:23.519803+00:00,108650,Birendra,squat,good,squat_good,0.0,0.0,0.0,0.0,0.0,0.0,-9.303867,0.878672,0.605733,-0.067681,-0.047164,0.052493
2026-08-19T15:42:23.519803+00:00,108670,Birendra,squat,good,squat_good,0.0,0.0,0.0,0.0,0.0,0.0,-9.26556,0.866701,0.694318,-0.059421,-0.038904,0.032775
2026-08-19T15:42:23.519803+00:00,108691,Birendra,squat,good,squat_good,0.0,0.0,0.0,0.0,0.0,0.0,-9.531317,0.998382,0.730232,-0.055957,-0.036772,0.018652
2026-08-19T15:42:23.519803+00:00,108711,Birendra,squat,good,squat_good,0.0,0.0,0.0,0.0,0.0,0.0,-9.545682,0.964863,0.814029,-0.055691,-0.042101,0.026646
2026-08-19T15:42:23.519803+00:00,108730,Birendra,squat,good,squat_good,0.0,0.0,0.0,0.0,0.0,0.0,-9.524135,1.007959,0.840365,-0.042634,-0.038371,0.049296
2026-08-19T15:42:23.519803+00:00,108750,Birendra,squat,good,squat_good,0.0,0.0,0.0,0.0,0.0,0.0,-9.497798,1.074997,0.782904,-0.038637,-0.038637,0.063685
2026-08-19T15:42:23.519803+00:00,108770,Birendra,squat,good,squat_good,0.0,0.0,0.0,0.0,0.0,0.0,-9.504981,1.058237,0.694318,-0.055158,-0.050361,0.061553
2026-08-19T15:42:23.519803+00:00,108790,Birendra,squat,good,squat_good,0.0,0.0,0.0,0.0,0.0,0.0,-9.40203,1.005565,0.718261,-0.053559,-0.046098,0.060753
2026-08-19T15:42:23.519803+00:00,108811,Birendra,squat,good,squat_good,0.0,0.0,0.0,0.0,0.0,0.0,-9.380483,1.031901,0.596156,-0.039703,-0.03464,0.068747
2026-08-19T15:42:23.519803+00:00,108830,Birendra,squat,good,squat_good,0.0,0.0,0.0,0.0,0.0,0.0,-9.267955,1.029507,0.603339,-0.047697,-0.037571,0.062086
2026-08-19T15:42:23.519803+00:00,108850,Birendra,squat,good,squat_good,0.0,0.0,0.0,0.0,0.0,0.0,-9.255983,1.074997,0.600945,-0.050628,-0.039703,0.059421
2026-08-19T15:42:23.519803+00:00,108870,Birendra,squat,good,squat_good,0.0,0.0,0.0,0.0,0.0,0.0,-9.346964,1.01993,0.624887,-0.05276,-0.034907,0.051694
2026-08-19T15:42:23.519803+00:00,108890,Birendra,squat,good,squat_good,0.0,0.0,0.0,0.0,0.0,0.0,-9.483433,0.995988,0.703895,-0.04743,-0.031443,0.046631
2026-08-19T15:42:23.519803+00:00,108912,Birendra,squat,good,squat_good,0.0,0.0,0.0,0.0,0.0,0.0,-9.5385,0.907402,0.76375,-0.020518,-0.033574,0.065283
2026-08-19T15:42:23.519803+00:00,108930,Birendra,squat,good,squat_good,0.0,0.0,0.0,0.0,0.0,0.0,-9.459491,1.031901,0.701501,-0.000799,-0.03011,0.08207
2026-08-19T15:42:23.519803+00:00,108950,Birendra,squat,good,squat_good,0.0,0.0,0.0,0.0,0.0,0.0,-9.382876,1.101333,0.687136,-0.005596,-0.036772,0.084735
2026-08-19T15:42:23.519803+00:00,108971,Birendra,squat,good,squat_good,0.0,0.0,0.0,0.0,0.0,0.0,-9.514558,0.995988,0.711078,-0.023982,-0.045565,0.06928
2026-08-19T15:42:23.519803+00:00,108990,Birendra,squat,good,squat_good,0.0,0.0,0.0,0.0,0.0,0.0,-9.631873,1.194707,0.761356,-0.085268,0.002398,0.055158
2026-08-19T15:42:23.519803+00:00,109011,Birendra,squat,good,squat_good,0.0,0.0,0.0,0.0,0.0,0.0,-9.306262,0.976834,0.677559,-0.094328,-0.046098,0.034374
2026-08-19T15:42:23.519803+00:00,109030,Birendra,squat,good,squat_good,0.0,0.0,0.0,0.0,0.0,0.0,-9.378088,1.11091,0.663194,-0.055957,-0.023982,0.050361
2026-08-19T15:42:23.519803+00:00,109050,Birendra,squat,good,squat_good,0.0,0.0,0.0,0.0,0.0,0.0,-9.291897,1.041478,0.588974,-0.102322,-0.051161,0.035173
2026-08-19T15:42:23.519803+00:00,109070,Birendra,squat,good,squat_good,0.0,0.0,0.0,0.0,0.0,0.0,-9.339781,0.972046,0.653617,-0.083936,-0.023449,0.050894
2026-08-19T15:42:23.519803+00:00,109090,Birendra,squat,good,squat_good,0.0,0.0,0.0,0.0,0.0,0.0,-9.284714,1.132457,0.59855,-0.044766,-0.09566,0.033574
2026-08-19T15:42:23.519803+00:00,109114,Birendra,squat,good,squat_good,0.0,0.0,0.0,0.0,0.0,0.0,-9.397242,0.933739,0.627281,-0.088466,-0.066083,0.053292
2026-08-19T15:42:23.519803+00:00,109131,Birendra,squat,good,squat_good,0.0,0.0,0.0,0.0,0.0,0.0,-9.531317,0.869095,0.756568,-0.068214,-0.041568,0.060487
2026-08-19T15:42:23.519803+00:00,109151,Birendra,squat,good,squat_good,0.0,0.0,0.0,0.0,0.0,0.0,-9.378088,1.072602,0.667982,-0.042368,-0.03091,0.049296
2026-08-19T15:42:23.519803+00:00,109170,Birendra,squat,good,squat_good,0.0,0.0,0.0,0.0,0.0,0.0,-9.394848,1.103727,0.665588,-0.073544,-0.031443,0.054092
2026-08-19T15:42:23.519803+00:00,109191,Birendra,squat,good,squat_good,0.0,0.0,0.0,0.0,0.0,0.0,-9.457097,1.156399,0.663194,-0.072744,-0.013323,0.045032
2026-08-19T15:42:23.519803+00:00,109211,Birendra,squat,good,squat_good,0.0,0.0,0.0,0.0,0.0,0.0,-9.399636,1.177947,0.679953,-0.080472,-0.012257,0.039436
2026-08-19T15:42:23.519803+00:00,109230,Birendra,squat,good,squat_good,0.0,0.0,0.0,0.0,0.0,0.0,-9.318233,1.108515,0.684742,-0.075142,-0.018386,0.038637
2026-08-19T15:42:23.519803+00:00,109250,Birendra,squat,good,squat_good,0.0,0.0,0.0,0.0,0.0,0.0,-9.3733,1.194707,0.612916,-0.062619,-0.010925,0.0437
2026-08-19T15:42:23.519803+00:00,109270,Birendra,squat,good,squat_good,0.0,0.0,0.0,0.0,0.0,0.0,-9.392453,1.122881,0.651223,-0.06475,-0.00453,0.04743
2026-08-19T15:42:23.519803+00:00,109290,Birendra,squat,good,squat_good,0.0,0.0,0.0,0.0,0.0,0.0,-9.44752,1.201889,0.677559,-0.053292,-0.002398,0.049296
2026-08-19T15:42:23.519803+00:00,109310,Birendra,squat,good,squat_good,0.0,0.0,0.0,0.0,0.0,0.0,-9.44752,1.177947,0.708684,-0.063685,-0.030643,0.05276
2026-08-19T15:42:23.519803+00:00,109331,Birendra,squat,good,squat_good,0.0,0.0,0.0,0.0,0.0,0.0,-9.313444,1.077391,0.708684,-0.024515,-0.026646,0.088466
2026-08-19T15:42:23.519803+00:00,109350,Birendra,squat,good,squat_good,0.0,0.0,0.0,0.0,0.0,0.0,-9.394848,1.175553,0.610521,-0.007727,-0.023449,0.106585
2026-08-19T15:42:23.519803+00:00,109370,Birendra,squat,good,squat_good,0.0,0.0,0.0,0.0,0.0,0.0,-9.299079,1.177947,0.54109,-0.002398,-0.015188,0.10472
2026-08-19T15:42:23.519803+00:00,109390,Birendra,squat,good,squat_good,0.0,0.0,0.0,0.0,0.0,0.0,-9.40203,1.288081,0.56982,-0.00373,0.0,0.072478
2026-08-19T15:42:23.519803+00:00,109411,Birendra,squat,good,squat_good,0.0,0.0,0.0,0.0,0.0,0.0,-9.351752,1.180341,0.588974,-0.029311,-0.007994,0.050894
2026-08-19T15:42:23.519803+00:00,109431,Birendra,squat,good,squat_good,0.0,0.0,0.0,0.0,0.0,0.0,-9.43076,1.067814,0.670376,-0.017054,-0.000799,0.079939
2026-08-19T15:42:23.519803+00:00,109450,Birendra,squat,good,squat_good,0.0,0.0,0.0,0.0,0.0,0.0,-9.445126,1.242591,0.622492,0.010392,0.000799,0.094328
2026-08-19T15:42:23.519803+00:00,109470,Birendra,squat,good,squat_good,0.0,0.0,0.0,0.0,0.0,0.0,-9.284714,1.292869,0.591368,0.005862,-0.011191,0.114046
2026-08-19T15:42:23.519803+00:00,109490,Birendra,squat,good,squat_good,0.0,0.0,0.0,0.0,0.0,0.0,-9.299079,1.309628,0.584185,0.002398,-0.015721,0.107384
2026-08-19T15:42:23.519803+00:00,109510,Birendra,squat,good,squat_good,0.0,0.0,0.0,0.0,0.0,0.0,-9.361329,1.357512,0.600945,-0.006662,-0.022916,0.095127
2026-08-19T15:42:24.324763+00:00,109531,Birendra,squat,good,squat_good,0.0,0.0,0.0,0.0,0.0,0.0,-9.306262,1.405396,0.550666,-0.01279,-0.027712,0.098058
2026-08-19T15:42:24.324763+00:00,109550,Birendra,squat,good,squat_good,0.0,0.0,0.0,0.0,0.0,0.0,-9.330204,1.465251,0.572214,-0.012524,-0.019985,0.093262
2026-08-19T15:42:24.324763+00:00,109570,Birendra,squat,good,squat_good,0.0,0.0,0.0,0.0,0.0,0.0,-9.263166,1.462857,0.574608,-0.029844,-0.023182,0.081271
2026-08-19T15:42:24.324763+00:00,109590,Birendra,squat,good,squat_good,0.0,0.0,0.0,0.0,0.0,0.0,-9.354146,1.398214,0.584185,-0.039703,-0.031975,0.075942
2026-08-19T15:42:24.324763+00:00,109610,Birendra,squat,good,squat_good,0.0,0.0,0.0,0.0,0.0,0.0,-9.339781,1.276109,0.588974,-0.031443,-0.039436,0.084202
2026-08-19T15:42:24.324763+00:00,109631,Birendra,squat,good,squat_good,0.0,0.0,0.0,0.0,0.0,0.0,-9.490616,1.335965,0.593762,-0.021583,-0.034107,0.086334
2026-08-19T15:42:24.324763+00:00,109650,Birendra,squat,good,squat_good,0.0,0.0,0.0,0.0,0.0,0.0,-9.452309,1.211466,0.672771,-0.00906,-0.040502,0.094861
2026-08-19T15:42:24.324763+00:00,109670,Birendra,squat,good,squat_good,0.0,0.0,0.0,0.0,0.0,0.0,-9.519346,1.328782,0.648829,0.006928,-0.037571,0.098858
2026-08-19T15:42:24.324763+00:00,109690,Birendra,squat,good,squat_good,0.0,0.0,0.0,0.0,0.0,0.0,-9.44752,1.292869,0.629675,0.001066,-0.053292,0.099657
2026-08-19T15:42:24.324763+00:00,109710,Birendra,squat,good,squat_good,0.0,0.0,0.0,0.0,0.0,0.0,-9.315839,1.271321,0.627281,0.018919,-0.051161,0.118576
2026-08-19T15:42:24.324763+00:00,109732,Birendra,squat,good,squat_good,0.0,0.0,0.0,0.0,0.0,0.0,-9.294291,1.47004,0.562637,0.014655,-0.046897,0.110582
2026-08-19T15:42:24.324763+00:00,109750,Birendra,squat,good,squat_good,0.0,0.0,0.0,0.0,0.0,0.0,-9.330204,1.630451,0.505177,-0.013323,-0.041302,0.080738
2026-08-19T15:42:24.324763+00:00,109773,Birendra,squat,good,squat_good,0.0,0.0,0.0,0.0,0.0,0.0,-9.25359,1.537078,0.545878,-0.041568,-0.040236,0.062086
2026-08-19T15:42:24.324763+00:00,109791,Birendra,squat,good,squat_good,0.0,0.0,0.0,0.0,0.0,0.0,-9.296685,1.611298,0.581791,-0.0429,-0.032775,0.052493
2026-08-19T15:42:24.324763+00:00,109811,Birendra,squat,good,squat_good,0.0,0.0,0.0,0.0,0.0,0.0,-9.380483,1.632846,0.591368,-0.062352,-0.043966,0.040236
2026-08-19T15:42:24.324763+00:00,109831,Birendra,squat,good,squat_good,0.0,0.0,0.0,0.0,0.0,0.0,-9.263166,1.493982,0.617704,-0.046897,-0.046897,0.058355
2026-08-19T15:42:24.324763+00:00,109850,Birendra,squat,good,squat_good,0.0,0.0,0.0,0.0,0.0,0.0,-9.332599,1.666364,0.591368,-0.039703,-0.036505,0.061553
2026-08-19T15:42:24.324763+00:00,109871,Birendra,squat,good,squat_good,0.0,0.0,0.0,0.0,0.0,0.0,-9.334992,1.647211,0.617704,-0.057023,-0.0429,0.053026
2026-08-19T15:42:24.324763+00:00,109890,Birendra,squat,good,squat_good,0.0,0.0,0.0,0.0,0.0,0.0,-9.272743,1.659182,0.588974,-0.063418,-0.043966,0.049296
2026-08-19T15:42:24.324763+00:00,109910,Birendra,squat,good,squat_good,0.0,0.0,0.0,0.0,0.0,0.0,-9.296685,1.656788,0.584185,-0.083136,-0.038637,0.036239
2026-08-19T15:42:24.324763+00:00,109931,Birendra,squat,good,squat_good,0.0,0.0,0.0,0.0,0.0,0.0,-9.351752,1.558625,0.59855,-0.097259,-0.049296,0.031443
2026-08-19T15:42:24.324763+00:00,109950,Birendra,squat,good,squat_good,0.0,0.0,0.0,0.0,0.0,0.0,-9.330204,1.479617,0.639252,-0.089531,-0.051694,0.037305
2026-08-19T15:42:24.324763+00:00,109970,Birendra,squat,good,squat_good,0.0,0.0,0.0,0.0,0.0,0.0,-9.421184,1.61848,0.600945,-0.090864,-0.053292,0.034374
2026-08-19T15:42:24.324763+00:00,109990,Birendra,squat,good,squat_good,0.0,0.0,0.0,0.0,0.0,0.0,-9.421184,1.565808,0.634463,-0.116178,-0.065283,0.025847
2026-08-19T15:42:24.324763+00:00,110010,Birendra,squat,good,squat_good,0.0,0.0,0.0,0.0,0.0,0.0,-9.301474,1.383849,0.624887,-0.116711,-0.069547,0.042101
2026-08-19T15:42:24.324763+00:00,110031,Birendra,squat,good,squat_good,0.0,0.0,0.0,0.0,0.0,0.0,-9.351752,1.505953,0.600945,-0.115112,-0.063152,0.041835
2026-08-19T15:42:24.324763+00:00,110050,Birendra,squat,good,squat_good,0.0,0.0,0.0,0.0,0.0,0.0,-9.303867,1.422156,0.61531,-0.12204,-0.07834,0.027179
2026-08-19T15:42:24.324763+00:00,110070,Birendra,squat,good,squat_good,0.0,0.0,0.0,0.0,0.0,0.0,-9.3733,1.429338,0.612916,-0.111115,-0.077008,0.018652
2026-08-19T15:42:24.324763+00:00,110090,Birendra,squat,good,squat_good,0.0,0.0,0.0,0.0,0.0,0.0,-9.414001,1.491588,0.603339,-0.090331,-0.063951,0.019718
2026-08-19T15:42:24.324763+00:00,110110,Birendra,squat,good,squat_good,0.0,0.0,0.0,0.0,0.0,0.0,-9.399636,1.532289,0.665588,-0.081005,-0.069813,0.029044
2026-08-19T15:42:24.324763+00:00,110130,Birendra,squat,good,squat_good,0.0,0.0,0.0,0.0,0.0,0.0,-9.337387,1.465251,0.641646,-0.082603,-0.081538,0.043167
2026-08-19T15:42:24.324763+00:00,110151,Birendra,squat,good,squat_good,0.0,0.0,0.0,0.0,0.0,0.0,-9.339781,1.534683,0.6608,-0.079939,-0.077274,0.043966
2026-08-19T15:42:24.324763+00:00,110170,Birendra,squat,good,squat_good,0.0,0.0,0.0,0.0,0.0,0.0,-9.351752,1.608904,0.612916,-0.097792,-0.083403,0.025047
2026-08-19T15:42:24.324763+00:00,110190,Birendra,squat,good,squat_good,0.0,0.0,0.0,0.0,0.0,0.0,-9.349358,1.584962,0.593762,-0.129234,-0.096992,0.011191
2026-08-19T15:42:24.324763+00:00,110210,Birendra,squat,good,squat_good,0.0,0.0,0.0,0.0,0.0,0.0,-9.220071,1.448492,0.59855,-0.129234,-0.089531,0.027979
2026-08-19T15:42:24.324763+00:00,110230,Birendra,squat,good,squat_good,0.0,0.0,0.0,0.0,0.0,0.0,-9.296685,1.496376,0.581791,-0.092729,-0.063951,0.0437
2026-08-19T15:42:24.324763+00:00,110251,Birendra,squat,good,squat_good,0.0,0.0,0.0,0.0,0.0,0.0,-9.244013,1.486799,0.663194,-0.075142,-0.063951,0.046098
2026-08-19T15:42:24.324763+00:00,110270,Birendra,squat,good,squat_good,0.0,0.0,0.0,0.0,0.0,0.0,-9.31105,1.592144,0.684742,-0.067415,-0.061553,0.040502
2026-08-19T15:42:24.324763+00:00,110290,Birendra,squat,good,squat_good,0.0,0.0,0.0,0.0,0.0,0.0,-9.217676,1.455675,0.739808,-0.052493,-0.053026,0.030643
2026-08-19T15:42:24.324763+00:00,110310,Birendra,squat,good,squat_good,0.0,0.0,0.0,0.0,0.0,0.0,-9.404425,1.599327,0.76375,-0.069813,-0.04823,0.007727
2026-08-19T15:42:24.324763+00:00,110331,Birendra,squat,good,squat_good,0.0,0.0,0.0,0.0,0.0,0.0,-9.416395,1.467646,0.888249,-0.072478,-0.050894,-0.006395
2026-08-19T15:42:24.324763+00:00,110351,Birendra,squat,good,squat_good,0.0,0.0,0.0,0.0,0.0,0.0,-9.500193,1.577779,0.881066,-0.066616,-0.05276,0.00453
2026-08-19T15:42:24.324763+00:00,110370,Birendra,squat,good,squat_good,0.0,0.0,0.0,0.0,0.0,0.0,-9.469068,1.551443,0.871489,-0.06102,-0.05196,0.018386
2026-08-19T15:42:24.324763+00:00,110390,Birendra,squat,good,squat_good,0.0,0.0,0.0,0.0,0.0,0.0,-9.421184,1.58975,0.842759,-0.051161,-0.047963,0.031709
2026-08-19T15:42:24.324763+00:00,110410,Birendra,squat,good,squat_good,0.0,0.0,0.0,0.0,0.0,0.0,-9.43076,1.683124,0.804452,-0.06555,-0.056224,0.026646
2026-08-19T15:42:24.324763+00:00,110431,Birendra,squat,good,squat_good,0.0,0.0,0.0,0.0,0.0,0.0,-9.275137,1.620875,0.744597,-0.063685,-0.055957,0.024515
2026-08-19T15:42:24.324763+00:00,110451,Birendra,squat,good,squat_good,0.0,0.0,0.0,0.0,0.0,0.0,-9.267955,1.668759,0.725443,-0.068481,-0.057556,0.023715
2026-08-19T15:42:24.324763+00:00,110470,Birendra,squat,good,squat_good,0.0,0.0,0.0,0.0,0.0,0.0,-9.155427,1.513135,0.720655,-0.053026,-0.047697,0.028245
2026-08-19T15:42:24.324763+00:00,110490,Birendra,squat,good,squat_good,0.0,0.0,0.0,0.0,0.0,0.0,-9.272743,1.604115,0.701501,-0.048496,-0.039969,0.023182
2026-08-19T15:42:24.324763+00:00,110510,Birendra,squat,good,squat_good,0.0,0.0,0.0,0.0,0.0,0.0,-9.3733,1.587356,0.656011,-0.066083,-0.04743,-0.002665
2026-08-19T15:42:25.333419+00:00,110532,Birendra,squat,good,squat_good,0.0,0.0,0.0,0.0,0.0,0.0,-9.263166,1.448492,0.646434,-0.0866,-0.053292,-0.005596
2026-08-19T15:42:25.333419+00:00,110552,Birendra,squat,good,squat_good,0.0,0.0,0.0,0.0,0.0,0.0,-9.306262,1.546654,0.586579,-0.105519,-0.050361,-0.013057
2026-08-19T15:42:25.333419+00:00,110573,Birendra,squat,good,squat_good,0.0,0.0,0.0,0.0,0.0,0.0,-9.26556,1.472434,0.629675,-0.123106,-0.038371,-0.017587
2026-08-19T15:42:25.333419+00:00,110591,Birendra,squat,good,squat_good,0.0,0.0,0.0,0.0,0.0,0.0,-9.334992,1.467646,0.574608,-0.13856,-0.046631,-0.031709
2026-08-19T15:42:25.333419+00:00,110611,Birendra,squat,good,squat_good,0.0,0.0,0.0,0.0,0.0,0.0,-9.26556,1.441309,0.667982,-0.13856,-0.036239,-0.046364
2026-08-19T15:42:25.333419+00:00,110630,Birendra,squat,good,squat_good,0.0,0.0,0.0,0.0,0.0,0.0,-9.387665,1.493982,0.782904,-0.144956,-0.042634,-0.059954
2026-08-19T15:42:25.333419+00:00,110651,Birendra,squat,good,squat_good,0.0,0.0,0.0,0.0,0.0,0.0,-9.476251,1.340753,0.897826,-0.108184,-0.032242,-0.040236
2026-08-19T15:42:25.333419+00:00,110671,Birendra,squat,good,squat_good,0.0,0.0,0.0,0.0,0.0,0.0,-9.634268,1.493982,0.878672,-0.070613,-0.03011,-0.014389
2026-08-19T15:42:25.333419+00:00,110690,Birendra,squat,good,squat_good,0.0,0.0,0.0,0.0,0.0,0.0,-9.411607,1.323994,0.948104,-0.053825,-0.035706,0.029577
2026-08-19T15:42:25.333419+00:00,110710,Birendra,squat,good,squat_good,0.0,0.0,0.0,0.0,0.0,0.0,-9.354146,1.472434,0.909797,0.003464,-0.002132,0.068481
2026-08-19T15:42:25.333419+00:00,110730,Birendra,squat,good,squat_good,0.0,0.0,0.0,0.0,0.0,0.0,-9.411607,1.527501,0.92895,0.000266,-0.011991,0.066083
2026-08-19T15:42:25.333419+00:00,110751,Birendra,squat,good,squat_good,0.0,0.0,0.0,0.0,0.0,0.0,-9.385271,1.601721,0.902614,0.023715,-0.009326,0.063951
2026-08-19T15:42:25.333419+00:00,110770,Birendra,squat,good,squat_good,0.0,0.0,0.0,0.0,0.0,0.0,-9.342175,1.575385,0.857124,0.013323,-0.019185,0.053026
2026-08-19T15:42:25.333419+00:00,110790,Birendra,squat,good,squat_good,0.0,0.0,0.0,0.0,0.0,0.0,-9.454702,1.668759,0.842759,0.005596,-0.018386,0.050361
2026-08-19T15:42:25.333419+00:00,110810,Birendra,squat,good,squat_good,0.0,0.0,0.0,0.0,0.0,0.0,-9.358934,1.503559,0.816423,-0.009326,-0.037571,0.051161
2026-08-19T15:42:25.333419+00:00,110830,Birendra,squat,good,squat_good,0.0,0.0,0.0,0.0,0.0,0.0,-9.313444,1.513135,0.770933,0.027446,-0.023715,0.079139
2026-08-19T15:42:25.333419+00:00,110851,Birendra,squat,good,squat_good,0.0,0.0,0.0,0.0,0.0,0.0,-9.382876,1.699883,0.656011,0.007194,-0.031975,0.077807
2026-08-19T15:42:25.333419+00:00,110870,Birendra,squat,good,squat_good,0.0,0.0,0.0,0.0,0.0,0.0,-9.25359,1.534683,0.675165,-0.001332,-0.03544,0.075942
2026-08-19T15:42:25.333419+00:00,110890,Birendra,squat,good,squat_good,0.0,0.0,0.0,0.0,0.0,0.0,-9.284714,1.577779,0.610521,-0.02558,-0.048496,0.067149
2026-08-19T15:42:25.333419+00:00,110910,Birendra,squat,good,squat_good,0.0,0.0,0.0,0.0,0.0,0.0,-9.176975,1.482011,0.59855,-0.03011,-0.054358,0.069813
2026-08-19T15:42:25.333419+00:00,110930,Birendra,squat,good,squat_good,0.0,0.0,0.0,0.0,0.0,0.0,-9.093178,1.558625,0.586579,-0.005329,-0.050361,0.074343
2026-08-19T15:42:25.333419+00:00,110951,Birendra,squat,good,squat_good,0.0,0.0,0.0,0.0,0.0,0.0,-9.136273,1.616086,0.610521,-0.019452,-0.07008,0.058089
2026-08-19T15:42:25.333419+00:00,110970,Birendra,squat,good,squat_good,0.0,0.0,0.0,0.0,0.0,0.0,-9.263166,1.640028,0.665588,-0.028245,-0.088998,0.0429
2026-08-19T15:42:25.333419+00:00,110990,Birendra,squat,good,squat_good,0.0,0.0,0.0,0.0,0.0,0.0,-9.387665,1.683124,0.694318,-0.020518,-0.089531,0.044766
2026-08-19T15:42:25.333419+00:00,111010,Birendra,squat,good,squat_good,0.0,0.0,0.0,0.0,0.0,0.0,-9.277532,1.549049,0.713472,-0.006395,-0.098325,0.051694
2026-08-19T15:42:25.333419+00:00,111030,Birendra,squat,good,squat_good,0.0,0.0,0.0,0.0,0.0,0.0,-9.198523,1.54426,0.792481,0.024515,-0.074876,0.07008
2026-08-19T15:42:25.333419+00:00,111051,Birendra,squat,good,squat_good,0.0,0.0,0.0,0.0,0.0,0.0,-9.303867,1.788469,0.804452,0.009593,-0.063685,0.053825
2026-08-19T15:42:25.333419+00:00,111071,Birendra,squat,good,squat_good,0.0,0.0,0.0,0.0,0.0,0.0,-9.43076,1.78368,0.938527,-0.024781,-0.067415,0.028511
2026-08-19T15:42:25.333419+00:00,111090,Birendra,squat,good,squat_good,0.0,0.0,0.0,0.0,0.0,0.0,-9.548077,1.692701,1.007959,-0.034107,-0.071412,0.01732
2026-08-19T15:42:25.333419+00:00,111110,Birendra,squat,good,squat_good,0.0,0.0,0.0,0.0,0.0,0.0,-9.574412,1.47004,1.036689,-0.022649,-0.063685,0.029577
2026-08-19T15:42:25.333419+00:00,111130,Birendra,squat,good,squat_good,0.0,0.0,0.0,0.0,0.0,0.0,-9.607931,1.436521,1.017536,0.004263,-0.055957,0.056757
2026-08-19T15:42:25.333419+00:00,111151,Birendra,squat,good,squat_good,0.0,0.0,0.0,0.0,0.0,0.0,-9.41879,1.465251,0.984017,0.045299,-0.040769,0.086867
2026-08-19T15:42:25.333419+00:00,111171,Birendra,squat,good,squat_good,0.0,0.0,0.0,0.0,0.0,0.0,-9.41879,1.704672,0.893037,0.02638,-0.038637,0.074077
2026-08-19T15:42:25.333419+00:00,111190,Birendra,squat,good,squat_good,0.0,0.0,0.0,0.0,0.0,0.0,-9.397242,1.855506,0.893037,-0.018919,-0.042634,0.032242
2026-08-19T15:42:25.333419+00:00,111210,Birendra,squat,good,squat_good,0.0,0.0,0.0,0.0,0.0,0.0,-9.294291,1.893813,0.878672,-0.066349,-0.033041,-0.00373
2026-08-19T15:42:25.333419+00:00,111230,Birendra,squat,good,squat_good,0.0,0.0,0.0,0.0,0.0,0.0,-9.361329,1.905785,0.837971,-0.116178,-0.031443,-0.016787
2026-08-19T15:42:25.333419+00:00,111251,Birendra,squat,good,squat_good,0.0,0.0,0.0,0.0,0.0,0.0,-9.258378,1.711854,0.859518,-0.12204,-0.034907,-0.008793
2026-08-19T15:42:25.333419+00:00,111271,Birendra,squat,good,squat_good,0.0,0.0,0.0,0.0,0.0,0.0,-9.208099,1.719037,0.799663,-0.099923,-0.039703,0.015721
2026-08-19T15:42:25.333419+00:00,111290,Birendra,squat,good,squat_good,0.0,0.0,0.0,0.0,0.0,0.0,-9.248801,1.819593,0.694318,-0.098058,-0.029044,0.018919
2026-08-19T15:42:25.333419+00:00,111310,Birendra,squat,good,squat_good,0.0,0.0,0.0,0.0,0.0,0.0,-9.078813,1.644817,0.691924,-0.083403,-0.020518,0.012524
2026-08-19T15:42:25.333419+00:00,111330,Birendra,squat,good,squat_good,0.0,0.0,0.0,0.0,0.0,0.0,-9.25359,1.793257,0.648829,-0.121773,-0.027979,-0.012524
2026-08-19T15:42:25.333419+00:00,111350,Birendra,squat,good,squat_good,0.0,0.0,0.0,0.0,0.0,0.0,-9.246407,1.685518,0.677559,-0.137761,-0.015188,-0.034374
2026-08-19T15:42:25.333419+00:00,111371,Birendra,squat,good,squat_good,0.0,0.0,0.0,0.0,0.0,0.0,-9.272743,1.565808,0.720655,-0.156946,-0.010925,-0.046897
2026-08-19T15:42:25.333419+00:00,111390,Birendra,squat,good,squat_good,0.0,0.0,0.0,0.0,0.0,0.0,-9.294291,1.496376,0.816423,-0.150551,-0.000533,-0.048763
2026-08-19T15:42:25.333419+00:00,111410,Birendra,squat,good,squat_good,0.0,0.0,0.0,0.0,0.0,0.0,-9.284714,1.637634,0.835576,-0.16574,0.016787,-0.073277
2026-08-19T15:42:25.333419+00:00,111430,Birendra,squat,good,squat_good,0.0,0.0,0.0,0.0,0.0,0.0,-9.3733,1.821988,0.905008,-0.227559,0.047697,-0.129501
2026-08-19T15:42:25.333419+00:00,111450,Birendra,squat,good,squat_good,0.0,0.0,0.0,0.0,0.0,0.0,-9.56723,1.953669,1.115698,-0.33894,0.044766,-0.216101
2026-08-19T15:42:25.333419+00:00,111471,Birendra,squat,good,squat_good,0.0,0.0,0.0,0.0,0.0,0.0,-9.756371,1.764527,1.261744,-0.430337,0.01279,-0.271259
2026-08-19T15:42:25.333419+00:00,111490,Birendra,squat,good,squat_good,0.0,0.0,0.0,0.0,0.0,0.0,-9.828198,1.462857,1.228225,-0.41275,-0.019718,-0.255271
2026-08-19T15:42:25.333419+00:00,111510,Birendra,squat,good,squat_good,0.0,0.0,0.0,0.0,0.0,0.0,-9.481039,1.218649,1.060631,-0.272325,-0.006662,-0.188922
2026-08-19T15:42:26.455843+00:00,111532,Birendra,squat,good,squat_good,0.0,0.0,0.0,0.0,0.0,0.0,-9.435549,1.513135,0.924162,-0.169737,0.031975,-0.128701
2026-08-19T15:42:26.455843+00:00,111550,Birendra,squat,good,squat_good,0.0,0.0,0.0,0.0,0.0,0.0,-9.533711,1.47004,0.933739,-0.121773,0.054358,-0.123106
2026-08-19T15:42:26.455843+00:00,111573,Birendra,squat,good,squat_good,0.0,0.0,0.0,0.0,0.0,0.0,-9.73243,1.367089,1.010353,-0.02638,0.072211,-0.129501
2026-08-19T15:42:26.455843+00:00,111591,Birendra,squat,good,squat_good,0.0,0.0,0.0,0.0,0.0,0.0,-9.682152,1.30484,1.00317,-0.00826,0.035706,-0.12204
2026-08-19T15:42:26.455843+00:00,111613,Birendra,squat,good,squat_good,0.0,0.0,0.0,0.0,0.0,0.0,-9.595961,1.163582,0.943315,0.022649,0.021583,-0.095394
2026-08-19T15:42:26.455843+00:00,111630,Birendra,squat,good,squat_good,0.0,0.0,0.0,0.0,0.0,0.0,-9.488221,1.158794,0.845153,0.022916,0.016787,-0.049029
2026-08-19T15:42:26.455843+00:00,111650,Birendra,squat,good,squat_good,0.0,0.0,0.0,0.0,0.0,0.0,-9.275137,1.051055,0.691924,0.011191,0.007194,0.001332
2026-08-19T15:42:26.455843+00:00,111672,Birendra,squat,good,squat_good,0.0,0.0,0.0,0.0,0.0,0.0,-9.155427,1.16837,0.445322,-0.031443,0.000533,0.010392
2026-08-19T15:42:26.455843+00:00,111690,Birendra,squat,good,squat_good,0.0,0.0,0.0,0.0,0.0,0.0,-9.155427,1.151611,0.301669,-0.111648,-0.008793,-0.018919
2026-08-19T15:42:26.455843+00:00,111710,Birendra,squat,good,squat_good,0.0,0.0,0.0,0.0,0.0,0.0,-8.973468,0.699107,0.328006,-0.142291,0.019718,-0.031443
2026-08-19T15:42:26.455843+00:00,111730,Birendra,squat,good,squat_good,0.0,0.0,0.0,0.0,0.0,0.0,-9.368511,1.034295,0.337582,-0.141758,0.046364,-0.059155
2026-08-19T15:42:26.455843+00:00,111750,Birendra,squat,good,squat_good,0.0,0.0,0.0,0.0,0.0,0.0,-9.380483,0.794875,0.536301,-0.140959,0.01359,-0.065283
2026-08-19T15:42:26.455843+00:00,111771,Birendra,squat,good,squat_good,0.0,0.0,0.0,0.0,0.0,0.0,-9.32781,0.756568,0.617704,-0.046098,0.028245,-0.007194
2026-08-19T15:42:26.455843+00:00,111790,Birendra,squat,good,squat_good,0.0,0.0,0.0,0.0,0.0,0.0,-9.342175,1.060631,0.531513,0.023182,0.029044,0.057822
2026-08-19T15:42:26.455843+00:00,111810,Birendra,squat,good,squat_good,0.0,0.0,0.0,0.0,0.0,0.0,-9.248801,1.323994,0.464475,0.04823,0.006129,0.085268
2026-08-19T15:42:26.455843+00:00,111830,Birendra,squat,good,squat_good,0.0,0.0,0.0,0.0,0.0,0.0,-9.248801,1.450886,0.565032,0.00453,-0.01359,0.086334
2026-08-19T15:42:26.455843+00:00,111850,Birendra,squat,good,squat_good,0.0,0.0,0.0,0.0,0.0,0.0,-9.196129,1.391031,0.620098,-0.032775,-0.054891,0.103654
2026-08-19T15:42:26.455843+00:00,111870,Birendra,squat,good,squat_good,0.0,0.0,0.0,0.0,0.0,0.0,-9.255983,1.316811,0.588974,-0.039703,-0.110848,0.128168
2026-08-19T15:42:26.455843+00:00,111891,Birendra,squat,good,squat_good,0.0,0.0,0.0,0.0,0.0,0.0,-9.210494,1.273715,0.557849,-0.007461,-0.16121,0.192652
2026-08-19T15:42:26.455843+00:00,111910,Birendra,squat,good,squat_good,0.0,0.0,0.0,0.0,0.0,0.0,-9.047688,1.278504,0.390255,0.034107,-0.190254,0.246744
2026-08-19T15:42:26.455843+00:00,111930,Birendra,squat,good,squat_good,0.0,0.0,0.0,0.0,0.0,0.0,-8.992621,1.247379,0.265756,0.051427,-0.17773,0.273923
2026-08-19T15:42:26.455843+00:00,111950,Birendra,squat,good,squat_good,0.0,0.0,0.0,0.0,0.0,0.0,-8.911219,1.335965,0.28491,0.063152,-0.153216,0.267262
2026-08-19T15:42:26.455843+00:00,111971,Birendra,squat,good,squat_good,0.0,0.0,0.0,0.0,0.0,0.0,-9.07163,1.549049,0.347159,0.005596,-0.131899,0.195317
2026-08-19T15:42:26.455843+00:00,111991,Birendra,squat,good,squat_good,0.0,0.0,0.0,0.0,0.0,0.0,-9.248801,1.606509,0.509965,-0.088998,-0.122839,0.110848
2026-08-19T15:42:26.455843+00:00,112010,Birendra,squat,good,squat_good,0.0,0.0,0.0,0.0,0.0,0.0,-9.52174,1.364695,0.78051,-0.137228,-0.140959,0.054625
2026-08-19T15:42:26.455843+00:00,112030,Birendra,squat,good,squat_good,0.0,0.0,0.0,0.0,0.0,0.0,-9.603143,1.134852,0.960075,-0.068214,-0.155081,0.090864
2026-08-19T15:42:26.455843+00:00,112050,Birendra,squat,good,squat_good,0.0,0.0,0.0,0.0,0.0,0.0,-9.603143,1.072602,1.043872,0.071945,-0.137761,0.193718
2026-08-19T15:42:26.455843+00:00,112070,Birendra,squat,good,squat_good,0.0,0.0,0.0,0.0,0.0,0.0,-9.514558,1.357512,0.943315,0.179063,-0.136695,0.282983
2026-08-19T15:42:26.455843+00:00,112091,Birendra,squat,good,squat_good,0.0,0.0,0.0,0.0,0.0,0.0,-9.299079,1.577779,0.821211,0.23502,-0.133764,0.325617
2026-08-19T15:42:26.455843+00:00,112110,Birendra,squat,good,squat_good,0.0,0.0,0.0,0.0,0.0,0.0,-9.102755,1.819593,0.696713,0.228358,-0.122306,0.318156
2026-08-19T15:42:26.455843+00:00,112130,Birendra,squat,good,squat_good,0.0,0.0,0.0,0.0,0.0,0.0,-9.198523,2.195483,0.68953,0.150551,-0.111648,0.23955
2026-08-19T15:42:26.455843+00:00,112150,Birendra,squat,good,squat_good,0.0,0.0,0.0,0.0,0.0,0.0,-9.272743,2.0231,0.835576,0.039436,-0.116711,0.140159
2026-08-19T15:42:26.455843+00:00,112170,Birendra,squat,good,squat_good,0.0,0.0,0.0,0.0,0.0,0.0,-9.435549,1.810017,1.005565,-0.011458,-0.105786,0.097792
2026-08-19T15:42:26.455843+00:00,112191,Birendra,squat,good,squat_good,0.0,0.0,0.0,0.0,0.0,0.0,-9.509769,1.434127,1.091756,0.037305,-0.096459,0.109516
2026-08-19T15:42:26.455843+00:00,112210,Birendra,squat,good,squat_good,0.0,0.0,0.0,0.0,0.0,0.0,-9.368511,1.525106,1.029507,0.158545,-0.037305,0.176132
2026-08-19T15:42:26.455843+00:00,112230,Birendra,squat,good,squat_good,0.0,0.0,0.0,0.0,0.0,0.0,-9.545682,1.963245,1.034295,0.23049,0.021317,0.17027
2026-08-19T15:42:26.455843+00:00,112250,Birendra,squat,good,squat_good,0.0,0.0,0.0,0.0,0.0,0.0,-9.485827,2.075773,1.177947,0.197449,0.051694,0.124704
2026-08-19T15:42:26.455843+00:00,112270,Birendra,squat,good,squat_good,0.0,0.0,0.0,0.0,0.0,0.0,-9.651027,2.401384,1.312023,0.13856,0.098325,0.063685
2026-08-19T15:42:26.455843+00:00,112291,Birendra,squat,good,squat_good,0.0,0.0,0.0,0.0,0.0,0.0,-9.617508,2.63841,1.39582,0.015455,0.109516,-0.00906
2026-08-19T15:42:26.455843+00:00,112310,Birendra,squat,good,squat_good,0.0,0.0,0.0,0.0,0.0,0.0,-9.674969,2.351106,1.410185,-0.093262,0.087933,-0.068214
2026-08-19T15:42:26.455843+00:00,112330,Birendra,squat,good,squat_good,0.0,0.0,0.0,0.0,0.0,0.0,-9.67018,2.221819,1.316811,-0.106052,0.059421,-0.053292
2026-08-19T15:42:26.455843+00:00,112350,Birendra,squat,good,squat_good,0.0,0.0,0.0,0.0,0.0,0.0,-9.509769,2.025495,1.175553,-0.08287,0.005063,-0.002132
2026-08-19T15:42:26.455843+00:00,112370,Birendra,squat,good,squat_good,0.0,0.0,0.0,0.0,0.0,0.0,-9.339781,1.889025,0.981623,-0.044499,-0.049828,0.051161
2026-08-19T15:42:26.455843+00:00,112391,Birendra,squat,good,squat_good,0.0,0.0,0.0,0.0,0.0,0.0,-9.260772,2.013524,0.691924,-0.011991,-0.078873,0.068747
2026-08-19T15:42:26.455843+00:00,112410,Birendra,squat,good,squat_good,0.0,0.0,0.0,0.0,0.0,0.0,-9.009381,1.891419,0.464475,0.002398,-0.078873,0.075409
2026-08-19T15:42:26.455843+00:00,112430,Birendra,squat,good,squat_good,0.0,0.0,0.0,0.0,0.0,0.0,-8.92319,1.898602,0.354342,-0.02638,-0.067415,0.063951
2026-08-19T15:42:26.455843+00:00,112450,Birendra,squat,good,squat_good,0.0,0.0,0.0,0.0,0.0,0.0,-8.944737,1.886631,0.335188,-0.066882,-0.044766,0.037038
2026-08-19T15:42:26.455843+00:00,112470,Birendra,squat,good,squat_good,0.0,0.0,0.0,0.0,0.0,0.0,-8.892065,1.678335,0.351948,-0.118309,-0.067149,0.033841
2026-08-19T15:42:26.455843+00:00,112491,Birendra,squat,good,squat_good,0.0,0.0,0.0,0.0,0.0,0.0,-9.074024,1.778892,0.35913,-0.159345,-0.074876,0.008793
2026-08-19T15:42:26.455843+00:00,112510,Birendra,squat,good,squat_good,0.0,0.0,0.0,0.0,0.0,0.0,-9.066842,1.54426,0.462081,-0.177198,-0.075942,-0.023982
2026-08-19T15:48:29.653701+00:00,283729,Birendra,squat,good,squat_good,-5.980716,-117.2393,16.54872,-0.750279,0.272442,0.0,-3.306392,8.164227,-3.081338,1.868968,-0.235553,-1.719482
2026-08-19T15:48:29.653701+00:00,283749,Birendra,squat,good,squat_good,-6.612785,-117.2393,16.54872,-0.750279,0.272442,0.0,-4.707001,9.770737,-4.266468,1.825534,-0.332279,-1.657663
2026-08-19T15:48:29.653701+00:00,283769,Birendra,squat,good,squat_good,-9.414001,-117.2393,16.54872,-0.750279,0.272442,0.0,-5.473145,9.222465,-3.835511,1.468741,-0.740233,-1.397596
2026-08-19T15:48:29.653701+00:00,283790,Birendra,squat,good,squat_good,10.11311,29.88443,-3.375824,0.0,0.0,0.0,-4.663905,7.594408,-3.371036,1.228659,-0.802585,-1.321121
2026-08-19T15:48:29.653701+00:00,283809,Birendra,squat,good,squat_good,-9.32781,-117.2393,16.54872,-0.750279,0.272442,0.0,-4.5418,6.488286,-3.270479,1.276888,-0.53559,-1.595577
2026-08-19T15:48:29.653701+00:00,283829,Birendra,squat,good,squat_good,-9.083601,-117.2393,16.54872,-0.750279,0.272442,0.0,-4.441244,6.782773,-3.950433,1.397329,-0.237152,-2.034974
2026-08-19T15:48:29.653701+00:00,283850,Birendra,squat,good,squat_good,-8.882488,-117.2393,16.54872,-0.750279,0.272442,0.0,-6.694188,6.43322,-3.641581,1.217201,-0.380775,-2.166074
2026-08-19T15:48:29.653701+00:00,283870,Birendra,squat,good,squat_good,-13.38838,-117.2393,16.54872,-0.750279,0.272442,0.0,-8.978256,5.947197,-3.397372,1.270493,-1.254772,-2.076276
2026-08-19T15:48:29.653701+00:00,283889,Birendra,squat,good,squat_good,-17.95651,-117.2393,16.54872,-0.750279,0.272442,0.0,-8.858546,5.135562,-3.924097,1.471672,-2.309697,-1.741066
2026-08-19T15:48:29.653701+00:00,283909,Birendra,squat,good,squat_good,-17.71709,-117.2393,16.54872,-0.750279,0.272442,0.0,-7.350199,4.577713,-4.237737,1.517504,-2.428006,-1.626221
2026-08-19T15:48:29.653701+00:00,283929,Birendra,squat,good,squat_good,-14.7004,-117.2393,16.54872,-0.750279,0.272442,0.0,-8.276755,3.821146,-4.802769,1.701363,-1.982214,-1.927856
2026-08-19T15:48:29.653701+00:00,283949,Birendra,squat,good,squat_good,-16.55351,-117.2393,16.54872,-0.750279,0.272442,0.0,-9.19134,5.427655,-5.528212,1.766913,-1.588649,-2.085868
2026-08-19T15:48:29.653701+00:00,283969,Birendra,squat,good,squat_good,-18.38268,-117.2393,16.54872,-0.750279,0.272442,0.0,-9.452309,5.705383,-6.066907,1.49219,-0.977118,-2.049363
2026-08-19T15:48:29.653701+00:00,283989,Birendra,squat,good,squat_good,-18.90462,-117.2393,16.54872,-0.750279,0.272442,0.0,-10.1179,5.928043,-5.614403,0.966726,-0.362123,-2.026447
2026-08-19T15:48:29.653701+00:00,284009,Birendra,squat,good,squat_good,-20.23579,-117.2393,16.54872,-0.750279,0.272442,0.0,-10.74039,5.523423,-4.086902,0.22143,-0.095394,-1.931587
2026-08-19T15:48:29.653701+00:00,284029,Birendra,squat,good,squat_good,-21.48078,-117.2393,16.54872,-0.750279,0.272442,0.0,-11.39161,4.599261,-3.031059,-0.315225,-0.104986,-1.464211
2026-08-19T15:48:29.653701+00:00,284049,Birendra,squat,good,squat_good,-22.78322,-117.2393,16.54872,-0.750279,0.272442,0.0,-9.864111,3.861847,-3.371036,-0.346135,-0.098058,-0.657096
2026-08-19T15:48:29.653701+00:00,284070,Birendra,squat,good,squat_good,-19.72822,-117.2393,16.54872,-0.750279,0.272442,0.0,-8.810662,4.096479,-3.818752,-0.062885,0.281118,0.059688
2026-08-19T15:48:29.653701+00:00,284089,Birendra,squat,good,squat_good,-17.62132,-117.2393,16.54872,-0.750279,0.272442,0.0,-8.89446,5.700594,-4.165911,0.063685,0.506545,0.531593
2026-08-19T15:48:29.653701+00:00,284109,Birendra,squat,good,squat_good,-17.78892,-117.2393,16.54872,-0.750279,0.272442,0.0,-8.425196,5.480328,-3.881001,0.08287,0.420744,0.927289
2026-08-19T15:48:29.653701+00:00,284129,Birendra,squat,good,squat_good,-16.85039,-117.2393,16.54872,-0.750279,0.272442,0.0,-8.164227,5.525817,-3.847482,0.196916,0.352263,1.197216
2026-08-19T15:48:29.653701+00:00,284149,Birendra,squat,good,squat_good,-16.32845,-117.2393,16.54872,-0.750279,0.272442,0.0,-8.185776,6.761226,-3.691859,0.094328,0.053559,1.426906
2026-08-19T15:48:29.653701+00:00,284170,Birendra,squat,good,squat_good,-16.37155,-117.2393,16.54872,-0.750279,0.272442,0.0,-7.041347,6.021417,-3.653552,-0.023982,-0.081005,1.677648
2026-08-19T15:48:29.653701+00:00,284189,Birendra,squat,good,squat_good,0.0,-117.2393,16.54872,-0.750279,0.272442,0.0,-6.835446,6.009446,-3.770868,0.043433,0.109516,1.692037
2026-08-19T15:48:29.653701+00:00,284209,Birendra,squat,good,squat_good,-13.67089,-117.2393,16.54872,-0.750279,0.272442,0.0,-7.467515,7.266402,-4.022259,-0.085534,0.263798,1.681911
2026-08-19T15:48:29.653701+00:00,284229,Birendra,squat,good,squat_good,-14.93503,-117.2393,16.54872,-0.750279,0.272442,0.0,-7.309498,7.714118,-4.692636,-0.433534,0.251008,1.753323
2026-08-19T15:48:29.653701+00:00,284249,Birendra,squat,good,squat_good,-14.619,-117.2393,16.54872,-0.750279,0.272442,0.0,-7.462727,7.479486,-4.647145,-0.737035,0.529994,1.654199
2026-08-19T15:48:29.653701+00:00,284269,Birendra,squat,good,squat_good,-14.92545,-117.2393,16.54872,-0.750279,0.272442,0.0,-7.841011,7.924808,-4.67827,-1.073577,0.515871,1.602505
2026-08-19T15:48:29.653701+00:00,284289,Birendra,squat,good,squat_good,-15.68202,-117.2393,16.54872,-0.750279,0.272442,0.0,-7.256825,6.859388,-4.74052,-1.263299,0.629651,1.761317
2026-08-19T15:48:29.653701+00:00,284309,Birendra,squat,good,squat_good,-14.51365,-117.2393,16.54872,-0.750279,0.272442,0.0,-7.182605,6.955156,-4.819528,-1.160711,0.85721,1.868968
2026-08-19T15:48:29.653701+00:00,284329,Birendra,squat,good,squat_good,-14.36521,-117.2393,16.54872,-0.750279,0.272442,0.0,-7.608773,7.690176,-4.999093,-1.133531,0.960864,2.082404
2026-08-19T15:48:29.653701+00:00,284349,Birendra,squat,good,squat_good,-15.21755,-117.2393,16.54872,-0.750279,0.272442,0.0,-7.742848,7.888895,-5.140351,-1.205743,0.908371,2.312894
2026-08-19T15:48:29.653701+00:00,284369,Birendra,squat,good,squat_good,-15.4857,-117.2393,16.54872,-0.750279,0.272442,0.0,-7.546524,9.16261,-5.073313,-1.420778,0.759951,2.402159
2026-08-19T15:48:29.653701+00:00,284389,Birendra,squat,good,squat_good,-15.09305,-117.2393,16.54872,-0.750279,0.272442,0.0,-6.323087,8.094796,-4.771644,-1.717084,0.709057,2.631583
2026-08-19T15:48:29.653701+00:00,284409,Birendra,squat,good,squat_good,-12.64617,-117.2393,16.54872,-0.750279,0.272442,0.0,-5.750873,7.807492,-4.546589,-1.61343,0.908371,2.616662
2026-08-19T15:48:29.653701+00:00,284429,Birendra,squat,good,squat_good,-11.50175,-117.2393,16.54872,-0.750279,0.272442,0.0,-5.700594,8.00621,-4.053383,-1.556141,1.059188,2.75309
2026-08-19T15:48:29.653701+00:00,284449,Birendra,squat,good,squat_good,-11.40119,-117.2393,16.54872,-0.750279,0.272442,0.0,-5.094861,8.322245,-3.926491,-1.504447,1.106619,2.829299
2026-08-19T15:48:29.653701+00:00,284469,Birendra,squat,good,squat_good,-10.18972,-117.2393,16.54872,-0.750279,0.272442,0.0,-4.537012,8.899248,-3.689465,-1.658463,1.129534,2.787464
2026-08-19T15:48:29.653701+00:00,284491,Birendra,squat,good,squat_good,-9.074024,-117.2393,16.54872,-0.750279,0.272442,0.0,-4.371812,9.832987,-3.684676,-1.86124,1.122873,2.721914
2026-08-19T15:48:29.653701+00:00,287509,Birendra,squat,good,squat_good,-8.743625,65.4048,16.54872,-0.750279,-15.25673,0.0,-3.251326,6.73489,-3.29921,1.528429,-0.476968,-1.0877
2026-08-19T15:48:29.653701+00:00,287513,Birendra,squat,good,squat_good,-6.502652,-117.2393,16.54872,-0.750279,0.0,0.0,-3.406949,6.907272,-3.366248,1.568931,-0.446058,-1.15698
2026-08-19T15:48:29.653701+00:00,287516,Birendra,squat,good,squat_good,-6.813898,-117.2393,16.54872,-0.750279,0.0,0.0,-3.61285,7.347805,-3.519476,1.598508,-0.418346,-1.256104
2026-08-19T15:48:29.653701+00:00,287520,Birendra,squat,good,squat_good,-7.225701,-117.2393,16.54872,-0.750279,0.0,0.0,-3.770868,7.714118,-3.574543,1.602239,-0.40449,-1.323253
2026-08-19T15:48:29.653701+00:00,287523,Birendra,squat,good,squat_good,-7.541735,-117.2393,16.54872,-0.750279,0.0,0.0,-3.981557,8.267179,-3.632004,1.579589,-0.39996,-1.410652
2026-08-19T15:48:29.653701+00:00,287527,Birendra,squat,good,squat_good,-7.963115,-117.2393,16.54872,-0.750279,0.0,0.0,-4.146757,8.59279,-3.600879,1.543617,-0.407421,-1.46208
2026-08-19T15:48:29.653701+00:00,287530,Birendra,squat,good,squat_good,-8.293514,-117.2393,16.54872,-0.750279,0.0,0.0,-4.268862,8.884883,-3.543418,1.478334,-0.434867,-1.525498
2026-08-19T15:48:29.653701+00:00,287533,Birendra,squat,good,squat_good,-8.537724,-117.2393,16.54872,-0.750279,0.0,0.0,-4.292804,8.990228,-3.576937,1.420511,-0.464711,-1.55774
2026-08-19T15:48:29.653701+00:00,287537,Birendra,squat,good,squat_good,-8.585608,-117.2393,16.54872,-0.750279,0.0,0.0,-4.27365,8.939949,-3.600879,1.365354,-0.496153,-1.577191
2026-08-19T15:48:29.653701+00:00,287540,Birendra,squat,good,squat_good,-8.5473,-117.2393,16.54872,-0.750279,0.0,0.0,-4.216189,8.762778,-3.756502,1.297672,-0.545982,-1.596643
2026-08-19T15:48:29.653701+00:00,287543,Birendra,squat,good,squat_good,-8.432379,-117.2393,16.54872,-0.750279,0.0,0.0,-4.175488,8.537724,-3.758897,1.256637,-0.582221,-1.60517
2026-08-19T15:48:29.858404+00:00,288099,Birendra,squat,good,squat_good,-8.128315,3.335123,4.675876,0.002132,-0.072744,-0.082603,-7.536947,5.679047,-4.333505,-0.244879,0.18306,1.180962
2026-08-19T15:48:29.858404+00:00,288104,Birendra,squat,good,squat_good,-8.109161,3.356671,4.675876,-0.000533,-0.074077,-0.08207,-7.548918,5.693412,-4.34787,-0.273923,0.183859,1.223329
2026-08-19T15:48:29.858404+00:00,288110,Birendra,squat,good,squat_good,-8.109161,3.363853,4.683059,-0.002665,-0.073544,-0.081005,-7.534553,5.695806,-4.34787,-0.298971,0.184658,1.250242
2026-08-19T15:48:29.858404+00:00,288115,Birendra,squat,good,squat_good,-8.101978,3.361459,4.661511,-0.005862,-0.072744,-0.07834,-7.503428,5.710171,-4.371812,-0.327749,0.180662,1.273424
2026-08-19T15:48:29.858404+00:00,288121,Birendra,squat,good,squat_good,-8.104373,3.351882,4.651934,-0.009326,-0.071412,-0.076475,-7.496245,5.736507,-4.378995,-0.359191,0.180662,1.29634
2026-08-19T15:48:29.858404+00:00,288127,Birendra,squat,good,squat_good,-8.111555,3.375824,4.651934,-0.014655,-0.070613,-0.07381,-7.517793,5.758055,-4.388572,-0.385305,0.180395,1.317391
2026-08-19T15:48:29.858404+00:00,288132,Birendra,squat,good,squat_good,-8.121132,3.375824,4.627992,-0.018386,-0.071945,-0.069813,-7.45315,5.801151,-4.481946,-0.416481,0.180395,1.338708
2026-08-19T15:48:29.858404+00:00,288138,Birendra,squat,good,squat_good,-8.14268,3.359065,4.616021,-0.02558,-0.07381,-0.065816,-7.307104,5.858612,-4.577713,-0.44819,0.196916,1.363489
2026-08-19T15:48:29.858404+00:00,288143,Birendra,squat,good,squat_good,-8.130709,3.351882,4.618415,-0.029044,-0.076741,-0.062885,-7.182605,5.920861,-4.654328,-0.503881,0.23875,1.398662
2026-08-19T15:48:29.858404+00:00,288149,Birendra,squat,good,squat_good,-8.140285,3.354277,4.620809,-0.033574,-0.080738,-0.058089,-7.12275,5.904101,-4.683059,-0.554508,0.27792,1.429571
2026-08-19T15:48:29.858404+00:00,288154,Birendra,squat,good,squat_good,-8.137892,3.368642,4.611232,-0.036505,-0.083403,-0.055158,-7.038953,5.808333,-4.74052,-0.596609,0.326683,1.457283
2026-08-19T15:48:29.858404+00:00,288160,Birendra,squat,good,squat_good,-8.137892,3.368642,4.592079,-0.041302,-0.085268,-0.049828,-7.015011,5.767632,-4.764462,-0.620858,0.367718,1.459948
2026-08-19T15:48:29.858404+00:00,288166,Birendra,squat,good,squat_good,-8.130709,3.354277,4.589684,-0.045565,-0.0874,-0.045565,-7.015011,5.880159,-4.742914,-0.649902,0.418879,1.438631
2026-08-19T15:48:29.858404+00:00,288174,Birendra,squat,good,squat_good,-8.104373,3.339911,4.601655,-0.050628,-0.086867,-0.040502,-7.072472,6.078878,-4.69503,-0.674417,0.446325,1.421577
2026-08-19T15:48:29.858404+00:00,288180,Birendra,squat,good,squat_good,-8.104373,3.347094,4.618415,-0.055158,-0.085801,-0.03544,-7.165846,6.289568,-4.639963,-0.742364,0.480698,1.455951
2026-08-19T15:48:29.858404+00:00,288186,Birendra,squat,good,squat_good,-8.104373,3.32794,4.635174,-0.058622,-0.083403,-0.032775,-7.192182,6.203377,-4.625597,-0.783666,0.491623,1.492723
2026-08-19T15:48:29.858404+00:00,288192,Birendra,squat,good,squat_good,-8.099585,3.330335,4.627992,-0.062086,-0.080205,-0.030377,-7.096414,6.07409,-4.627992,-0.804717,0.503614,1.519103
2026-08-19T15:48:29.858404+00:00,288198,Birendra,squat,good,squat_good,-8.085219,3.315969,4.637568,-0.06475,-0.076208,-0.028245,-6.976704,5.968745,-4.639963,-0.822836,0.518003,1.537222
2026-08-19T15:48:29.858404+00:00,287626,Birendra,squat,good,squat_good,-8.145074,3.289633,4.60405,-0.07008,-0.021051,-0.017853,-5.810728,7.189788,-3.694253,1.413051,-1.053593,-1.389868
2026-08-19T15:48:29.858404+00:00,287631,Birendra,squat,good,squat_good,-8.14268,3.29921,4.594473,-0.069014,-0.022916,-0.018119,-5.657499,7.232883,-3.835511,1.342704,-1.057323,-1.449822
2026-08-19T15:48:29.858404+00:00,287637,Birendra,squat,good,squat_good,-8.130709,3.301604,4.608838,-0.067948,-0.025314,-0.018919,-5.408502,7.156269,-4.012682,1.277155,-1.053326,-1.503381
2026-08-19T15:48:29.858404+00:00,287642,Birendra,squat,good,squat_good,-8.123527,3.303998,4.625597,-0.067415,-0.025847,-0.019985,-5.137957,6.979098,-4.266468,1.209207,-1.021884,-1.590515
2026-08-19T15:48:29.858404+00:00,287648,Birendra,squat,good,squat_good,-8.118738,3.323152,4.606444,-0.066882,-0.025047,-0.020251,-5.020641,6.91206,-4.436456,1.158845,-0.981381,-1.672319
2026-08-19T15:48:29.858404+00:00,287654,Birendra,squat,good,squat_good,-8.121132,3.335123,4.618415,-0.067415,-0.024515,-0.020518,-5.015852,6.885724,-4.556166,1.11328,-0.924092,-1.753057
2026-08-19T15:48:29.858404+00:00,287661,Birendra,squat,good,squat_good,-8.101978,3.339911,4.620809,-0.068481,-0.024248,-0.020784,-5.324705,6.821081,-4.546589,1.075443,-0.861473,-1.811146
2026-08-19T15:48:29.858404+00:00,287666,Birendra,squat,good,squat_good,-8.082825,3.354277,4.649539,-0.06928,-0.023982,-0.021317,-5.770026,6.742072,-4.405331,1.046398,-0.832429,-1.815675
2026-08-19T15:48:29.858404+00:00,287672,Birendra,squat,good,squat_good,-8.06846,3.3447,4.637568,-0.072211,-0.022916,-0.020784,-6.224925,6.509834,-4.285621,1.027746,-0.825501,-1.781302
2026-08-19T15:48:29.858404+00:00,287678,Birendra,squat,good,squat_good,-8.070854,3.342306,4.639963,-0.074876,-0.022916,-0.019985,-6.550536,6.282385,-4.237737,1.029611,-0.8271,-1.740266
2026-08-19T15:48:29.858404+00:00,287683,Birendra,squat,good,squat_good,-8.058883,3.325546,4.654328,-0.078606,-0.022383,-0.018652,-6.897695,6.026206,-4.134786,1.041335,-0.837225,-1.714153
2026-08-19T15:48:29.858404+00:00,287689,Birendra,squat,good,squat_good,-8.054094,3.320758,4.644751,-0.081804,-0.020518,-0.018919,-7.127539,5.932832,-4.149151,1.053593,-0.844686,-1.703761
2026-08-19T15:48:29.858404+00:00,287694,Birendra,squat,good,squat_good,-8.063671,3.330335,4.618415,-0.084202,-0.019718,-0.018386,-7.366959,5.896919,-4.101267,1.062386,-0.847884,-1.690704
2026-08-19T15:48:29.858404+00:00,287700,Birendra,squat,good,squat_good,-8.075643,3.315969,4.642357,-0.086867,-0.021317,-0.018652,-7.558495,5.90889,-4.106056,1.062119,-0.858542,-1.681378
2026-08-19T15:48:29.858404+00:00,287705,Birendra,squat,good,squat_good,-8.094796,3.318364,4.625597,-0.087666,-0.021317,-0.019452,-7.678205,5.980716,-4.182671,1.04773,-0.872398,-1.666989
2026-08-19T15:48:29.858404+00:00,287711,Birendra,squat,good,squat_good,-8.092402,3.323152,4.625597,-0.089531,-0.020784,-0.018919,-7.687782,6.059724,-4.240131,1.025348,-0.881991,-1.659528
2026-08-19T15:48:29.858404+00:00,287716,Birendra,squat,good,squat_good,-8.090008,3.332729,4.639963,-0.09193,-0.022649,-0.019185,-7.656657,6.186617,-4.280833,0.987776,-0.880126,-1.659795
2026-08-19T15:48:29.858404+00:00,287722,Birendra,squat,good,squat_good,-8.078036,3.342306,4.635174,-0.093262,-0.024781,-0.019185,-7.594408,6.256049,-4.34787,0.945942,-0.864671,-1.665923
2026-08-19T15:48:29.858404+00:00,287727,Birendra,squat,good,squat_good,-8.082825,3.363853,4.647145,-0.095127,-0.02558,-0.018919,-7.577648,6.301539,-4.424485,0.892116,-0.833761,-1.667522
2026-08-19T15:48:29.858404+00:00,287733,Birendra,squat,good,squat_good,-8.092402,3.356671,4.647145,-0.098058,-0.024248,-0.020784,-7.61835,6.277597,-4.458004,0.834561,-0.805782,-1.679247
2026-08-19T15:48:29.858404+00:00,287739,Birendra,squat,good,squat_good,-8.099585,3.318364,4.644751,-0.099124,-0.023982,-0.020518,-7.759608,6.210559,-4.453215,0.788995,-0.804184,-1.699231
2026-08-19T15:48:29.858404+00:00,287744,Birendra,squat,good,squat_good,-8.099585,3.32794,4.63278,-0.100723,-0.020518,-0.021583,-7.778761,6.279991,-4.527435,0.743697,-0.80445,-1.71815
2026-08-19T15:48:29.858404+00:00,287750,Birendra,squat,good,squat_good,-8.11395,3.325546,4.616021,-0.10392,-0.019185,-0.022916,-7.905654,6.356606,-4.517859,0.680012,-0.819639,-1.740533
2026-08-19T15:48:29.858404+00:00,287756,Birendra,squat,good,squat_good,-8.104373,3.311181,4.630386,-0.106319,-0.018652,-0.022916,-7.891289,6.373365,-4.58729,0.599807,-0.862806,-1.75732
2026-08-19T15:48:29.858404+00:00,287763,Birendra,squat,good,squat_good,-8.109161,3.284845,4.630386,-0.10925,-0.018919,-0.023449,-7.630321,6.279991,-4.625597,0.524398,-0.871599,-1.758386
2026-08-19T15:48:29.858404+00:00,287772,Birendra,squat,good,squat_good,-8.101978,3.277662,4.649539,-0.111115,-0.017587,-0.022383,-7.230489,6.033388,-4.479551,0.371715,-0.794058,-1.777038
2026-08-19T15:48:29.858404+00:00,287777,Birendra,squat,good,squat_good,-8.109161,3.280056,4.635174,-0.112181,-0.014922,-0.020251,-7.177817,5.719748,-4.328717,0.253406,-0.703461,-1.818606
2026-08-19T15:48:29.858404+00:00,287783,Birendra,squat,good,squat_good,-8.128315,3.306392,4.635174,-0.112447,-0.014655,-0.019185,-7.256825,5.602432,-4.369418,0.171868,-0.621923,-1.860441
2026-08-19T15:48:29.858404+00:00,287789,Birendra,squat,good,squat_good,-8.121132,3.301604,4.656722,-0.114312,-0.016254,-0.018919,-7.065289,5.509058,-4.5418,0.148153,-0.497752,-1.854312
2026-08-19T15:48:29.858404+00:00,287794,Birendra,squat,good,squat_good,-8.123527,3.320758,4.639963,-0.116711,-0.018119,-0.018919,-7.496245,5.547365,-4.180276,0.087666,-0.343737,-1.90574
2026-08-19T15:48:29.858404+00:00,287800,Birendra,squat,good,squat_good,-8.09719,3.308787,4.637568,-0.117776,-0.021317,-0.019718,-8.046912,5.793968,-4.039018,0.024515,-0.28245,-1.916132
2026-08-19T15:48:29.858404+00:00,287805,Birendra,squat,good,squat_good,-8.092402,3.315969,4.649539,-0.118043,-0.022116,-0.021051,-8.633492,5.820304,-3.974375,-0.023182,-0.264064,-1.855112
2026-08-19T15:48:30.031266+00:00,287811,Birendra,squat,good,squat_good,-8.073248,3.325546,4.635174,-0.120175,-0.022383,-0.020518,-8.913613,5.736507,-4.024653,-0.058888,-0.27792,-1.762116
2026-08-19T15:48:30.031266+00:00,287816,Birendra,squat,good,squat_good,-8.058883,3.318364,4.608838,-0.122306,-0.021583,-0.020251,-8.961497,5.602432,-4.077325,-0.083669,-0.291776,-1.66539
2026-08-19T15:48:30.031266+00:00,287822,Birendra,squat,good,squat_good,-8.063671,3.332729,4.616021,-0.124704,-0.020518,-0.021051,-8.868123,5.358223,-4.084508,-0.107651,-0.302168,-1.54868
2026-08-19T15:48:30.031266+00:00,287828,Birendra,squat,good,squat_good,-8.078036,3.332729,4.616021,-0.126303,-0.019718,-0.021583,-8.724471,5.166687,-4.122815,-0.116178,-0.293642,-1.449023
2026-08-19T15:48:30.031266+00:00,287834,Birendra,squat,good,squat_good,-8.082825,3.320758,4.608838,-0.127902,-0.019985,-0.022649,-8.432379,4.994305,-4.132392,-0.113247,-0.251008,-1.335243
2026-08-19T15:48:30.031266+00:00,287839,Birendra,squat,good,squat_good,-8.094796,3.318364,4.613626,-0.129767,-0.020784,-0.023982,-8.214506,4.84347,-4.067749,-0.10472,-0.181461,-1.227859
2026-08-19T15:48:30.031266+00:00,287845,Birendra,squat,good,squat_good,-8.09719,3.311181,4.613626,-0.130567,-0.02185,-0.023449,-8.116343,4.771644,-3.998317,-0.092196,-0.119642,-1.141259
2026-08-19T15:48:30.031266+00:00,287850,Birendra,squat,good,squat_good,-8.087613,3.303998,4.613626,-0.131366,-0.020518,-0.023182,-8.056489,4.697424,-3.912126,-0.074609,-0.055691,-1.045066
2026-08-19T15:48:30.031266+00:00,287857,Birendra,squat,good,squat_good,-8.087613,3.320758,4.625597,-0.1311,-0.018652,-0.022649,-8.037335,4.671088,-3.842694,-0.05196,-0.013856,-0.961397
2026-08-19T15:48:30.031266+00:00,287862,Birendra,squat,good,squat_good,-8.09719,3.313575,4.63278,-0.130833,-0.01732,-0.02185,-8.027759,4.570531,-3.74932,-0.016521,0.026646,-0.84815
2026-08-19T15:48:30.031266+00:00,287869,Birendra,squat,good,squat_good,-8.111555,3.303998,4.58729,-0.130034,-0.014389,-0.021583,-8.027759,4.448427,-3.653552,0.011458,0.051427,-0.766346
2026-08-19T15:48:30.031266+00:00,287874,Birendra,squat,good,squat_good,-8.137892,3.332729,4.620809,-0.128435,-0.01279,-0.020251,-8.039729,4.338294,-3.61285,0.038371,0.062619,-0.701862
2026-08-19T15:48:30.031266+00:00,287880,Birendra,squat,good,squat_good,-8.137892,3.337517,4.625597,-0.126037,-0.009859,-0.019452,-8.051701,4.288015,-3.593697,0.069813,0.07381,-0.642441
2026-08-19T15:48:30.031266+00:00,287885,Birendra,squat,good,squat_good,-8.133103,3.356671,4.625597,-0.123106,-0.006662,-0.018386,-8.09719,4.304775,-3.620033,0.110315,0.076741,-0.575559
2026-08-19T15:48:30.031266+00:00,287891,Birendra,squat,good,squat_good,-8.12592,3.347094,4.627992,-0.119109,-0.003997,-0.016521,-8.11395,4.424485,-3.648763,0.14309,0.077274,-0.515871
2026-08-19T15:48:30.031266+00:00,287896,Birendra,squat,good,squat_good,-8.118738,3.349488,4.642357,-0.116444,-0.002665,-0.016254,-8.183381,4.651934,-3.699042,0.162542,0.072211,-0.444992
2026-08-19T15:48:30.031266+00:00,287902,Birendra,squat,good,squat_good,-8.123527,3.347094,4.654328,-0.114579,-0.000533,-0.014922,-8.250419,4.886566,-3.708618,0.163342,0.052227,-0.364521
2026-08-19T15:48:30.031266+00:00,287908,Birendra,squat,good,squat_good,-8.121132,3.3447,4.637568,-0.114312,0.000799,-0.014389,-8.279149,5.013458,-3.730166,0.155614,0.025847,-0.290711
2026-08-19T15:48:30.031266+00:00,287913,Birendra,squat,good,squat_good,-8.121132,3.332729,4.656722,-0.114579,0.002132,-0.01359,-8.257602,5.066131,-3.761291,0.140959,-0.01732,-0.204643
2026-08-19T15:48:30.031266+00:00,287919,Birendra,squat,good,squat_good,-8.116343,3.313575,4.654328,-0.115378,0.003198,-0.014123,-8.171411,5.00867,-3.746926,0.128701,-0.057822,-0.139093
2026-08-19T15:48:30.031266+00:00,287924,Birendra,squat,good,squat_good,-8.135497,3.296816,4.649539,-0.116977,0.002931,-0.014389,-7.989451,4.955997,-3.739743,0.112714,-0.097792,-0.069813
2026-08-19T15:48:30.031266+00:00,287930,Birendra,squat,good,squat_good,-8.145074,3.280056,4.644751,-0.116444,0.0,-0.014389,-7.809886,4.896142,-3.754108,0.102055,-0.119109,-0.018652
2026-08-19T15:48:30.031266+00:00,287935,Birendra,squat,good,squat_good,-8.154651,3.270479,4.627992,-0.116178,-0.000799,-0.014655,-7.580042,4.829105,-3.766079,0.09193,-0.119908,0.033574
2026-08-19T15:48:30.031266+00:00,287941,Birendra,squat,good,squat_good,-8.161834,3.251326,4.63278,-0.114046,-0.005596,-0.016254,-7.469909,4.771644,-3.780444,0.092462,-0.101522,0.071945
2026-08-19T15:48:30.031266+00:00,287946,Birendra,squat,good,squat_good,-8.157045,3.220201,4.630386,-0.110848,-0.010392,-0.017853,-7.422025,4.742914,-3.737349,0.10019,-0.069014,0.112181
2026-08-19T15:48:30.031266+00:00,287952,Birendra,squat,good,squat_good,-8.140285,3.193865,4.613626,-0.105519,-0.016254,-0.020518,-7.467515,4.697424,-3.6751,0.108983,-0.0429,0.144689
2026-08-19T15:48:30.031266+00:00,287958,Birendra,squat,good,squat_good,-8.135497,3.1795,4.611232,-0.099124,-0.021317,-0.023982,-7.553706,4.620809,-3.608062,0.122573,-0.019452,0.183326
2026-08-19T15:48:30.031266+00:00,287964,Birendra,squat,good,squat_good,-8.118738,3.157952,4.592079,-0.090331,-0.025847,-0.028245,-7.627927,4.620809,-3.596091,0.138294,-0.001066,0.221697
2026-08-19T15:48:30.031266+00:00,287973,Birendra,squat,good,squat_good,-8.128315,3.153164,4.606444,-0.08287,-0.027179,-0.033041,-7.678205,4.726154,-3.643975,0.16041,0.019985,0.292842
2026-08-19T15:48:30.031266+00:00,287979,Birendra,squat,good,squat_good,-8.130709,3.153164,4.618415,-0.069813,-0.026646,-0.03917,-7.627927,4.845864,-3.699042,0.166006,0.034107,0.343204
2026-08-19T15:48:30.031266+00:00,287985,Birendra,squat,good,squat_good,-8.121132,3.150769,4.627992,-0.059421,-0.026646,-0.044233,-7.563283,4.99191,-3.770868,0.160144,0.050361,0.387703
2026-08-19T15:48:30.031266+00:00,287990,Birendra,squat,good,squat_good,-8.121132,3.153164,4.656722,-0.054092,-0.02638,-0.04743,-7.491457,5.140351,-3.792415,0.139893,0.067681,0.429005
2026-08-19T15:48:30.031266+00:00,287996,Birendra,squat,good,squat_good,-8.09719,3.191471,4.671088,-0.048496,-0.027179,-0.051161,-7.462727,5.216966,-3.804387,0.115645,0.084202,0.461779
2026-08-19T15:48:30.031266+00:00,288001,Birendra,squat,good,squat_good,-8.09719,3.198653,4.668694,-0.044499,-0.03011,-0.053559,-7.431602,5.226542,-3.806781,0.088732,0.103654,0.498551
2026-08-19T15:48:30.031266+00:00,288007,Birendra,squat,good,squat_good,-8.101978,3.217807,4.668694,-0.041035,-0.032242,-0.056224,-7.450756,5.171476,-3.804387,0.065017,0.122573,0.53479
2026-08-19T15:48:30.031266+00:00,288013,Birendra,squat,good,squat_good,-8.092402,3.236961,4.690241,-0.037305,-0.034107,-0.056757,-7.45315,5.121197,-3.782839,0.050628,0.138294,0.566766
2026-08-19T15:48:30.031266+00:00,288018,Birendra,squat,good,squat_good,-8.085219,3.239355,4.671088,-0.034907,-0.035706,-0.058888,-7.48188,5.097255,-3.756502,0.033841,0.157213,0.606202
2026-08-19T15:48:30.031266+00:00,288024,Birendra,squat,good,squat_good,-8.06846,3.251326,4.673482,-0.032242,-0.038904,-0.059954,-7.505822,5.0374,-3.790021,0.025847,0.171868,0.644306
2026-08-19T15:48:30.031266+00:00,288029,Birendra,squat,good,squat_good,-8.042124,3.289633,4.687847,-0.029311,-0.041302,-0.060753,-7.534553,4.996699,-3.871424,0.027179,0.194784,0.697066
2026-08-19T15:48:30.031266+00:00,288036,Birendra,squat,good,squat_good,-8.063671,3.303998,4.690241,-0.026646,-0.043966,-0.063152,-7.565677,5.046977,-3.907337,0.033841,0.212637,0.743697
2026-08-19T15:48:30.031266+00:00,288041,Birendra,squat,good,squat_good,-8.058883,3.284845,4.702212,-0.022383,-0.046631,-0.065017,-7.57286,5.226542,-3.998317,0.031176,0.220631,0.790061
2026-08-19T15:48:30.031266+00:00,288047,Birendra,squat,good,squat_good,-8.066066,3.308787,4.704607,-0.018919,-0.050095,-0.067149,-7.611167,5.389348,-4.039018,0.009859,0.226493,0.839623
2026-08-19T15:48:30.031266+00:00,288053,Birendra,squat,good,squat_good,-8.075643,3.301604,4.69503,-0.013856,-0.052493,-0.070613,-7.651869,5.473145,-4.07972,-0.022116,0.220897,0.883856
2026-08-19T15:48:30.031266+00:00,288058,Birendra,squat,good,squat_good,-8.094796,3.275268,4.690241,-0.010658,-0.053559,-0.073011,-7.659051,5.461174,-4.103662,-0.058622,0.207308,0.942211
2026-08-19T15:48:30.031266+00:00,288064,Birendra,squat,good,squat_good,-8.109161,3.268085,4.685453,-0.006928,-0.056757,-0.076475,-7.608773,5.355829,-4.113238,-0.088732,0.190787,0.988309
2026-08-19T15:48:30.031266+00:00,288071,Birendra,squat,good,squat_good,-8.121132,3.268085,4.683059,-0.00373,-0.059688,-0.080205,-7.496245,5.286397,-4.156334,-0.112181,0.186524,1.026946
2026-08-19T15:48:30.031266+00:00,288077,Birendra,squat,good,squat_good,-8.14268,3.280056,4.699818,-0.000533,-0.061286,-0.081005,-7.477092,5.331887,-4.180276,-0.132432,0.187323,1.051727
2026-08-19T15:48:30.031266+00:00,288082,Birendra,squat,good,squat_good,-8.135497,3.263297,4.680665,0.000266,-0.063418,-0.083136,-7.467515,5.401319,-4.232949,-0.159078,0.184658,1.080772
2026-08-19T15:48:30.031266+00:00,288088,Birendra,squat,good,squat_good,-8.130709,3.284845,4.673482,0.001332,-0.066083,-0.08287,-7.491457,5.494693,-4.266468,-0.183593,0.184658,1.108484
2026-08-19T15:48:30.031266+00:00,288093,Birendra,squat,good,squat_good,-8.123527,3.296816,4.685453,0.002132,-0.069813,-0.083136,-7.529764,5.626374,-4.295198,-0.2169,0.182793,1.14419
2026-08-19T15:48:30.157896+00:00,288099,Birendra,squat,good,squat_good,-8.128315,3.335123,4.675876,0.002132,-0.072744,-0.082603,-7.536947,5.679047,-4.333505,-0.244879,0.18306,1.180962
2026-08-19T15:48:30.157896+00:00,288104,Birendra,squat,good,squat_good,-8.109161,3.356671,4.675876,-0.000533,-0.074077,-0.08207,-7.548918,5.693412,-4.34787,-0.273923,0.183859,1.223329
2026-08-19T15:48:30.157896+00:00,288110,Birendra,squat,good,squat_good,-8.109161,3.363853,4.683059,-0.002665,-0.073544,-0.081005,-7.534553,5.695806,-4.34787,-0.298971,0.184658,1.250242
2026-08-19T15:48:30.157896+00:00,288115,Birendra,squat,good,squat_good,-8.101978,3.361459,4.661511,-0.005862,-0.072744,-0.07834,-7.503428,5.710171,-4.371812,-0.327749,0.180662,1.273424
2026-08-19T15:48:30.157896+00:00,288121,Birendra,squat,good,squat_good,-8.104373,3.351882,4.651934,-0.009326,-0.071412,-0.076475,-7.496245,5.736507,-4.378995,-0.359191,0.180662,1.29634
2026-08-19T15:48:30.157896+00:00,288127,Birendra,squat,good,squat_good,-8.111555,3.375824,4.651934,-0.014655,-0.070613,-0.07381,-7.517793,5.758055,-4.388572,-0.385305,0.180395,1.317391
2026-08-19T15:48:30.157896+00:00,288132,Birendra,squat,good,squat_good,-8.121132,3.375824,4.627992,-0.018386,-0.071945,-0.069813,-7.45315,5.801151,-4.481946,-0.416481,0.180395,1.338708
2026-08-19T15:48:30.157896+00:00,288138,Birendra,squat,good,squat_good,-8.14268,3.359065,4.616021,-0.02558,-0.07381,-0.065816,-7.307104,5.858612,-4.577713,-0.44819,0.196916,1.363489
2026-08-19T15:48:30.157896+00:00,288143,Birendra,squat,good,squat_good,-8.130709,3.351882,4.618415,-0.029044,-0.076741,-0.062885,-7.182605,5.920861,-4.654328,-0.503881,0.23875,1.398662
2026-08-19T15:48:30.157896+00:00,288149,Birendra,squat,good,squat_good,-8.140285,3.354277,4.620809,-0.033574,-0.080738,-0.058089,-7.12275,5.904101,-4.683059,-0.554508,0.27792,1.429571
2026-08-19T15:48:30.157896+00:00,288154,Birendra,squat,good,squat_good,-8.137892,3.368642,4.611232,-0.036505,-0.083403,-0.055158,-7.038953,5.808333,-4.74052,-0.596609,0.326683,1.457283
2026-08-19T15:48:30.157896+00:00,288160,Birendra,squat,good,squat_good,-8.137892,3.368642,4.592079,-0.041302,-0.085268,-0.049828,-7.015011,5.767632,-4.764462,-0.620858,0.367718,1.459948
2026-08-19T15:48:30.157896+00:00,288166,Birendra,squat,good,squat_good,-8.130709,3.354277,4.589684,-0.045565,-0.0874,-0.045565,-7.015011,5.880159,-4.742914,-0.649902,0.418879,1.438631
2026-08-19T15:48:30.157896+00:00,288174,Birendra,squat,good,squat_good,-8.104373,3.339911,4.601655,-0.050628,-0.086867,-0.040502,-7.072472,6.078878,-4.69503,-0.674417,0.446325,1.421577
2026-08-19T15:48:30.157896+00:00,288180,Birendra,squat,good,squat_good,-8.104373,3.347094,4.618415,-0.055158,-0.085801,-0.03544,-7.165846,6.289568,-4.639963,-0.742364,0.480698,1.455951
2026-08-19T15:48:30.157896+00:00,288186,Birendra,squat,good,squat_good,-8.104373,3.32794,4.635174,-0.058622,-0.083403,-0.032775,-7.192182,6.203377,-4.625597,-0.783666,0.491623,1.492723
2026-08-19T15:48:30.157896+00:00,288192,Birendra,squat,good,squat_good,-8.099585,3.330335,4.627992,-0.062086,-0.080205,-0.030377,-7.096414,6.07409,-4.627992,-0.804717,0.503614,1.519103
2026-08-19T15:48:30.157896+00:00,288198,Birendra,squat,good,squat_good,-8.085219,3.315969,4.637568,-0.06475,-0.076208,-0.028245,-6.976704,5.968745,-4.639963,-0.822836,0.518003,1.537222
2026-08-19T15:48:30.157896+00:00,288204,Birendra,squat,good,squat_good,-8.094796,3.318364,4.642357,-0.068214,-0.071145,-0.026646,-6.868965,5.987898,-4.637568,-0.832962,0.529727,1.537755
2026-08-19T15:48:30.157896+00:00,288211,Birendra,squat,good,squat_good,-8.087613,3.332729,4.637568,-0.069813,-0.066882,-0.025047,-6.619968,6.062119,-4.778827,-0.854545,0.53026,1.550012
2026-08-19T15:48:30.157896+00:00,288218,Birendra,squat,good,squat_good,-8.078036,3.315969,4.656722,-0.071945,-0.061286,-0.022383,-6.318298,6.088455,-4.924873,-0.880925,0.53559,1.55321
2026-08-19T15:48:30.157896+00:00,288223,Birendra,squat,good,squat_good,-8.082825,3.308787,4.651934,-0.073544,-0.057556,-0.021317,-6.023811,6.093243,-5.042189,-0.915832,0.551044,1.537489
2026-08-19T15:48:30.157896+00:00,288231,Birendra,squat,good,squat_good,-8.101978,3.294421,4.656722,-0.075142,-0.057023,-0.019718,-5.846641,6.205771,-5.090073,-0.960331,0.584619,1.496986
2026-08-19T15:48:30.157896+00:00,288237,Birendra,squat,good,squat_good,-8.121132,3.28245,4.656722,-0.076208,-0.056757,-0.018386,-5.858612,6.447585,-5.102044,-1.027213,0.628851,1.429571
2026-08-19T15:48:30.157896+00:00,288244,Birendra,squat,good,squat_good,-8.118738,3.287239,4.637568,-0.077807,-0.055957,-0.017853,-6.042965,6.76362,-5.05416,-1.080239,0.651234,1.381341
2026-08-19T15:48:30.157896+00:00,288250,Birendra,squat,good,squat_good,-8.128315,3.265691,4.620809,-0.079672,-0.055424,-0.017853,-6.356606,7.161057,-5.027823,-1.149253,0.66136,1.341639
2026-08-19T15:48:30.157896+00:00,288258,Birendra,squat,good,squat_good,-8.123527,3.258508,4.616021,-0.080205,-0.052227,-0.018919,-6.828263,7.623138,-4.936844,-1.245712,0.64777,1.335243
2026-08-19T15:48:30.157896+00:00,288265,Birendra,squat,good,squat_good,-8.133103,3.241749,4.625597,-0.080738,-0.048496,-0.018386,-7.163452,7.862558,-4.819528,-1.312328,0.61313,1.356294
2026-08-19T15:48:30.157896+00:00,288271,Birendra,squat,good,squat_good,-8.123527,3.234566,4.618415,-0.081005,-0.046897,-0.018919,-7.383718,7.936779,-4.714183,-1.387737,0.558505,1.414383
2026-08-19T15:48:30.157896+00:00,288279,Birendra,squat,good,squat_good,-8.111555,3.236961,4.594473,-0.081005,-0.043966,-0.018919,-7.412448,7.852982,-4.491522,-1.449556,0.510009,1.484729
2026-08-19T15:48:30.157896+00:00,288285,Birendra,squat,good,squat_good,-8.111555,3.234566,4.584896,-0.08207,-0.042101,-0.017853,-7.247249,7.52737,-4.367024,-1.482864,0.485495,1.575593
2026-08-19T15:48:30.157896+00:00,288290,Birendra,squat,good,squat_good,-8.11395,3.227384,4.58729,-0.082603,-0.040236,-0.016521,-7.015011,7.21373,-4.29041,-1.477801,0.494554,1.640876
2026-08-19T15:48:30.157896+00:00,288296,Birendra,squat,good,squat_good,-8.121132,3.232172,4.620809,-0.084202,-0.037038,-0.015721,-6.801927,7.03177,-4.201824,-1.461547,0.524398,1.692037
2026-08-19T15:48:30.157896+00:00,288301,Birendra,squat,good,squat_good,-8.118738,3.251326,4.618415,-0.085534,-0.036239,-0.015455,-6.564901,6.835446,-4.091691,-1.431969,0.573161,1.748793
2026-08-19T15:48:30.157896+00:00,288307,Birendra,squat,good,squat_good,-8.106767,3.25372,4.618415,-0.0866,-0.034907,-0.015188,-6.332664,6.694188,-4.022259,-1.396263,0.61313,1.785032
2026-08-19T15:48:30.157896+00:00,288312,Birendra,squat,good,squat_good,-8.121132,3.258508,4.608838,-0.089798,-0.035173,-0.014922,-6.01184,6.53617,-4.07972,-1.336043,0.667489,1.838858
2026-08-19T15:48:30.157896+00:00,288318,Birendra,squat,good,squat_good,-8.128315,3.265691,4.620809,-0.09193,-0.03464,-0.014389,-5.683835,6.457162,-4.163517,-1.255571,0.729574,1.877761
2026-08-19T15:48:30.157896+00:00,288323,Birendra,squat,good,squat_good,-8.123527,3.280056,4.606444,-0.094861,-0.034374,-0.013323,-5.420473,6.514623,-4.252102,-1.180429,0.786864,1.89215
2026-08-19T15:48:30.157896+00:00,288330,Birendra,squat,good,squat_good,-8.116343,3.284845,4.613626,-0.097259,-0.033574,-0.012524,-5.214571,6.821081,-4.357447,-1.096493,0.864937,1.884689
2026-08-19T15:48:30.157896+00:00,288335,Birendra,squat,good,squat_good,-8.116343,3.272874,4.625597,-0.10019,-0.030643,-0.011191,-5.2026,7.422025,-4.36463,-1.046398,0.937149,1.860708
2026-08-19T15:48:30.157896+00:00,288341,Birendra,squat,good,squat_good,-8.11395,3.268085,4.630386,-0.101789,-0.028245,-0.009326,-5.33907,7.936779,-4.412514,-1.036806,0.976319,1.853779
2026-08-19T15:48:30.157896+00:00,288346,Birendra,squat,good,squat_good,-8.118738,3.280056,4.620809,-0.105253,-0.02558,-0.00826,-5.573701,8.492233,-4.48434,-1.051461,0.986444,1.862573
2026-08-19T15:48:30.157896+00:00,288352,Birendra,squat,good,squat_good,-8.135497,3.270479,4.608838,-0.107917,-0.024515,-0.006928,-5.781997,8.975863,-4.422091,-1.110616,0.951271,1.873231
2026-08-19T15:48:30.157896+00:00,288358,Birendra,squat,good,squat_good,-8.135497,3.277662,4.601655,-0.108717,-0.022116,-0.006928,-5.887342,9.255983,-4.321534,-1.184959,0.897712,1.890285
2026-08-19T15:48:30.157896+00:00,288363,Birendra,squat,good,squat_good,-8.135497,3.25372,4.601655,-0.109516,-0.019718,-0.006662,-5.944803,9.3733,-4.161122,-1.280619,0.809779,1.931587
2026-08-19T15:48:30.157896+00:00,288369,Birendra,squat,good,squat_good,-8.137892,3.248932,4.611232,-0.110582,-0.018386,-0.006129,-5.851429,9.26556,-4.084508,-1.355228,0.730374,1.974487
2026-08-19T15:48:30.157896+00:00,288378,Birendra,squat,good,squat_good,-8.149862,3.256114,4.611232,-0.110582,-0.018919,-0.006662,-5.525817,8.949526,-4.015076,-1.423975,0.656297,2.019786
2026-08-19T15:48:30.157896+00:00,288384,Birendra,squat,good,squat_good,-8.154651,3.256114,4.620809,-0.110315,-0.020518,-0.007194,-4.891354,8.374918,-3.811569,-1.491657,0.641375,2.067749
2026-08-19T15:48:30.157896+00:00,288390,Birendra,squat,good,squat_good,-8.145074,3.210624,4.60405,-0.109783,-0.022916,-0.007194,-4.647145,8.118738,-3.660734,-1.498052,0.662692,2.081605
2026-08-19T15:48:30.157896+00:00,288396,Birendra,squat,good,squat_good,-8.166622,3.222595,4.606444,-0.10925,-0.024248,-0.007727,-4.441244,7.912837,-3.531447,-1.482597,0.693335,2.090931
2026-08-19T15:48:30.366530+00:00,288403,Birendra,squat,good,squat_good,-8.166622,3.222595,4.589684,-0.108983,-0.025047,-0.007994,-4.314352,7.929596,-3.383007,-1.447424,0.717317,2.08347
2026-08-19T15:48:30.366530+00:00,288409,Birendra,squat,good,squat_good,-8.161834,3.229778,4.592079,-0.109783,-0.027179,-0.007727,-4.206613,8.197746,-3.227384,-1.407721,0.732505,2.078674
2026-08-19T15:48:30.366530+00:00,288417,Birendra,squat,good,squat_good,-8.176199,3.241749,4.58729,-0.108983,-0.029577,-0.007994,-4.110844,8.463503,-3.191471,-1.383207,0.721047,2.107185
2026-08-19T15:48:30.366530+00:00,288423,Birendra,squat,good,squat_good,-8.169016,3.241749,4.594473,-0.109516,-0.032775,-0.008527,-3.790021,8.516175,-3.205836,-1.361623,0.693602,2.187657
2026-08-19T15:48:30.366530+00:00,288431,Birendra,squat,good,squat_good,-8.183381,3.236961,4.608838,-0.110049,-0.038104,-0.009859,-3.289633,8.348581,-3.234566,-1.344836,0.685874,2.214836
2026-08-19T15:48:30.366530+00:00,288437,Birendra,squat,good,squat_good,-8.190564,3.258508,4.616021,-0.112714,-0.046364,-0.010126,-2.961627,8.327033,-3.215413,-1.32272,0.717317,2.208174
2026-08-19T15:48:30.366530+00:00,288443,Birendra,squat,good,squat_good,-8.195353,3.272874,4.613626,-0.114579,-0.053559,-0.010126,-2.906561,8.485051,-3.153164,-1.301669,0.761283,2.181795
2026-08-19T15:48:30.366530+00:00,288449,Birendra,squat,good,squat_good,-8.176199,3.28245,4.620809,-0.115911,-0.060487,-0.009326,-3.023877,8.793902,-3.057395,-1.298205,0.791394,2.15275
2026-08-19T15:48:30.366530+00:00,288455,Birendra,squat,good,squat_good,-8.173804,3.287239,4.606444,-0.117243,-0.063152,-0.008793,-3.196259,9.246407,-2.971204,-1.320855,0.797256,2.127703
2026-08-19T15:48:30.366530+00:00,288462,Birendra,squat,good,squat_good,-8.157045,3.272874,4.613626,-0.116977,-0.063685,-0.007461,-3.280056,9.701305,-2.863465,-1.411185,0.759152,2.103455
2026-08-19T15:48:30.366530+00:00,288468,Birendra,squat,good,squat_good,-8.12592,3.260903,4.60405,-0.116711,-0.062086,-0.004796,-3.227384,9.813833,-2.767697,-1.489525,0.722113,2.095194
2026-08-19T15:48:30.366530+00:00,288474,Birendra,squat,good,squat_good,-8.09719,3.248932,4.577713,-0.117243,-0.057822,-0.004263,-3.028665,9.763555,-2.760514,-1.586251,0.66962,2.093596
2026-08-19T15:48:30.366530+00:00,288480,Birendra,squat,good,squat_good,-8.094796,3.239355,4.572925,-0.117243,-0.054625,-0.002398,-2.877831,9.710882,-2.784456,-1.644606,0.641109,2.092263
2026-08-19T15:48:30.366530+00:00,288486,Birendra,squat,good,squat_good,-8.09719,3.239355,4.613626,-0.116711,-0.050361,-0.001599,-2.614468,9.698911,-2.813187,-1.6963,0.6086,2.081338
2026-08-19T15:48:30.366530+00:00,288492,Birendra,squat,good,squat_good,-8.111555,3.220201,4.620809,-0.11751,-0.04743,-0.001332,-2.396596,9.665392,-2.72939,-1.770643,0.593412,2.056557
2026-08-19T15:48:30.366530+00:00,288499,Birendra,squat,good,squat_good,-8.11395,3.232172,4.623203,-0.118309,-0.045565,-0.000533,-2.267309,9.581595,-2.590526,-1.844187,0.585685,2.027246
2026-08-19T15:48:30.366530+00:00,288504,Birendra,squat,good,squat_good,-8.130709,3.236961,4.618415,-0.120175,-0.0437,-0.000266,-2.178724,9.428367,-2.456451,-1.900144,0.577424,2.012058
2026-08-19T15:48:30.366530+00:00,288510,Birendra,squat,good,squat_good,-8.130709,3.251326,4.599261,-0.119908,-0.0437,0.000533,-2.087744,9.31105,-2.336741,-1.94491,0.562502,2.008328
2026-08-19T15:48:30.366530+00:00,288516,Birendra,squat,good,squat_good,-8.137892,3.229778,4.611232,-0.120708,-0.042368,0.001865,-1.960851,9.208099,-2.138022,-1.979816,0.54838,2.0006
2026-08-19T15:48:30.366530+00:00,288523,Birendra,squat,good,squat_good,-8.133103,3.234566,4.625597,-0.120175,-0.0437,0.001599,-1.793257,9.035717,-1.893813,-2.013391,0.532925,1.984879
2026-08-19T15:48:30.366530+00:00,288529,Birendra,squat,good,squat_good,-8.118738,3.222595,4.596867,-0.118842,-0.045299,0.001599,-1.563414,8.781932,-1.685518,-2.032043,0.520135,1.9577
2026-08-19T15:48:30.366530+00:00,288535,Birendra,squat,good,squat_good,-8.118738,3.234566,4.618415,-0.116711,-0.045565,0.001865,-1.398214,8.616732,-1.486799,-2.036839,0.515871,1.927323
2026-08-19T15:48:30.366530+00:00,288540,Birendra,squat,good,squat_good,-8.111555,3.234566,4.639963,-0.114579,-0.045832,0.001066,-1.182736,8.504205,-1.338359,-2.027513,0.519335,1.895881
2026-08-19T15:48:30.366530+00:00,288546,Birendra,squat,good,squat_good,-8.130709,3.244143,4.67827,-0.112714,-0.045565,0.001332,-1.017536,8.449138,-1.249773,-2.016588,0.529727,1.865237
2026-08-19T15:48:30.366530+00:00,288553,Birendra,squat,good,squat_good,-8.12592,3.239355,4.673482,-0.109516,-0.046364,0.001865,-0.857124,8.42759,-1.154005,-2.003798,0.550245,1.821271
2026-08-19T15:48:30.366530+00:00,288558,Birendra,squat,good,squat_good,-8.137892,3.265691,4.661511,-0.107384,-0.046631,0.001332,-0.770933,8.475474,-1.180341,-1.973954,0.565966,1.790095
2026-08-19T15:48:30.366530+00:00,288565,Birendra,squat,good,squat_good,-8.135497,3.28245,4.671088,-0.10472,-0.045565,0.001066,-0.691924,8.65025,-1.242591,-1.938781,0.57476,1.783167
2026-08-19T15:48:30.366530+00:00,288571,Birendra,squat,good,squat_good,-8.116343,3.277662,4.690241,-0.103121,-0.043966,0.000533,-0.634463,8.851364,-1.189918,-1.922527,0.577424,1.78823
2026-08-19T15:48:30.366530+00:00,288579,Birendra,squat,good,squat_good,-8.087613,3.29921,4.690241,-0.103654,-0.042101,0.000799,-0.435745,8.829816,-0.950498,-1.919329,0.588616,1.841522
2026-08-19T15:48:30.366530+00:00,288586,Birendra,squat,good,squat_good,-8.075643,3.28245,4.709395,-0.105253,-0.038904,0.002665,-0.294487,8.63828,-0.797269,-1.898545,0.603271,1.884956
2026-08-19T15:48:30.366530+00:00,288594,Birendra,squat,good,squat_good,-8.09719,3.294421,4.67827,-0.108184,-0.034907,0.006129,-0.141258,8.39886,-0.679953,-1.846319,0.628319,1.930521
2026-08-19T15:48:30.366530+00:00,288601,Birendra,squat,good,squat_good,-8.109161,3.294421,4.661511,-0.114312,-0.034107,0.009326,-0.057461,8.236053,-0.332794,-1.756254,0.656031,1.972888
2026-08-19T15:48:30.366530+00:00,288607,Birendra,squat,good,squat_good,-8.106767,3.275268,4.649539,-0.119375,-0.034374,0.011991,0.146046,8.090008,-0.071826,-1.700031,0.673084,2.024848
2026-08-19T15:48:30.366530+00:00,288614,Birendra,squat,good,squat_good,-8.109161,3.294421,4.618415,-0.123372,-0.036239,0.015188,0.373495,7.991845,0.026336,-1.627553,0.694934,2.058156
2026-08-19T15:48:30.366530+00:00,288621,Birendra,squat,good,squat_good,-8.106767,3.294421,4.613626,-0.122573,-0.038104,0.016521,0.562637,8.056489,0.047884,-1.530294,0.727709,2.075476
2026-08-19T15:48:30.366530+00:00,288627,Birendra,squat,good,squat_good,-8.099585,3.289633,4.599261,-0.122306,-0.040502,0.016787,0.641646,8.336611,0.059855,-1.462879,0.754355,2.085335
2026-08-19T15:48:30.366530+00:00,288634,Birendra,squat,good,squat_good,-8.066066,3.268085,4.611232,-0.119642,-0.041835,0.015455,0.653617,8.671799,0.169988,-1.425308,0.77434,2.108784
2026-08-19T15:48:30.366530+00:00,288641,Birendra,squat,good,squat_good,-8.063671,3.256114,4.627992,-0.118576,-0.041302,0.014389,0.790087,8.868123,0.282516,-1.415982,0.784465,2.12717
2026-08-19T15:48:30.366530+00:00,288647,Birendra,squat,good,squat_good,-8.090008,3.263297,4.635174,-0.116178,-0.038371,0.014922,0.897826,8.8777,0.407014,-1.433035,0.791127,2.12717
2026-08-19T15:48:30.366530+00:00,288652,Birendra,squat,good,squat_good,-8.101978,3.25372,4.663905,-0.114579,-0.035706,0.015988,1.017536,8.736442,0.486023,-1.449023,0.795124,2.116511
2026-08-19T15:48:30.366530+00:00,288658,Birendra,squat,good,squat_good,-8.118738,3.251326,4.654328,-0.113779,-0.032508,0.01732,1.132457,8.710106,0.457293,-1.440496,0.792193,2.095994
2026-08-19T15:48:30.366530+00:00,288664,Birendra,squat,good,squat_good,-8.133103,3.251326,4.637568,-0.11298,-0.028778,0.018919,1.216254,8.848969,0.426168,-1.429305,0.785265,2.076542
2026-08-19T15:48:30.366530+00:00,288670,Birendra,squat,good,squat_good,-8.116343,3.265691,4.668694,-0.112447,-0.027446,0.022649,1.355118,9.069236,0.476446,-1.44476,0.77887,2.055492
2026-08-19T15:48:30.366530+00:00,288675,Birendra,squat,good,squat_good,-8.121132,3.270479,4.680665,-0.112447,-0.027712,0.024515,1.539472,9.138668,0.560243,-1.481531,0.775672,2.033908
2026-08-19T15:48:30.366530+00:00,288681,Birendra,squat,good,squat_good,-8.128315,3.289633,4.666299,-0.111914,-0.029044,0.025314,1.699883,9.078813,0.593762,-1.506312,0.778337,2.022717
2026-08-19T15:48:30.366530+00:00,288687,Birendra,squat,good,squat_good,-8.111555,3.280056,4.671088,-0.111648,-0.030643,0.02558,1.886631,8.927979,0.656011,-1.522034,0.785798,2.006462
2026-08-19T15:48:30.366530+00:00,288692,Birendra,squat,good,squat_good,-8.09719,3.284845,4.651934,-0.111115,-0.032242,0.025314,2.049437,8.781932,0.744597,-1.532426,0.79539,1.982481
2026-08-19T15:48:30.366530+00:00,288698,Birendra,squat,good,squat_good,-8.082825,3.284845,4.651934,-0.110049,-0.031709,0.024248,2.197877,8.674192,0.876278,-1.539354,0.807115,1.96143
2026-08-19T15:48:30.366530+00:00,288704,Birendra,squat,good,squat_good,-8.09719,3.284845,4.639963,-0.109516,-0.03091,0.02185,2.391808,8.544906,1.029507,-1.543884,0.826567,1.938515
2026-08-19T15:48:30.366530+00:00,288711,Birendra,squat,good,squat_good,-8.094796,3.260903,4.656722,-0.10845,-0.027712,0.018119,2.717419,8.37013,1.055843,-1.540953,0.87373,1.910269
2026-08-19T15:48:31.277067+00:00,288732,Birendra,squat,good,squat_good,-8.121132,3.246537,4.656722,-0.107384,-0.021317,0.011458,3.246537,8.451532,1.103727,-1.482864,1.093296,1.74453
2026-08-19T15:48:31.277067+00:00,288752,Birendra,squat,good,squat_good,-8.128315,3.239355,4.625597,-0.103121,-0.02185,0.00826,3.100491,8.176199,1.766921,-1.577991,1.204943,1.664058
2026-08-19T15:48:31.277067+00:00,288772,Birendra,squat,good,squat_good,-8.149862,3.20823,4.635174,-0.093262,-0.028511,0.002665,3.363853,8.169016,2.157176,-1.593179,1.323253,1.506046
2026-08-19T15:48:31.277067+00:00,288792,Birendra,squat,good,squat_good,-8.133103,3.248932,4.644751,-0.085002,-0.031176,-0.002398,3.598485,7.721301,2.372654,-1.622223,1.507112,1.430104
2026-08-19T15:48:31.277067+00:00,288811,Birendra,squat,good,squat_good,-8.121132,3.260903,4.637568,-0.083403,-0.028511,-0.00373,3.234566,7.845799,3.038242,-1.61343,1.401326,1.435433
2026-08-19T15:48:31.277067+00:00,288832,Birendra,squat,good,squat_good,-8.12592,3.303998,4.644751,-0.083669,-0.033041,-0.002665,3.557784,7.354988,3.572149,-1.51324,1.377877,1.348034
2026-08-19T15:48:31.277067+00:00,288852,Birendra,squat,good,squat_good,-8.118738,3.29921,4.637568,-0.086067,-0.039436,-0.005596,2.463634,8.432379,3.682282,-1.352564,0.877461,1.571329
2026-08-19T15:48:31.277067+00:00,288871,Birendra,squat,good,squat_good,-8.111555,3.311181,4.656722,-0.087933,-0.038104,-0.008527,4.247314,8.061277,3.517082,-1.528429,0.530793,1.819939
2026-08-19T15:48:31.277067+00:00,288894,Birendra,squat,good,squat_good,-8.118738,3.258508,4.627992,-0.09193,-0.039703,-0.006662,4.546589,7.187394,3.955221,-1.415182,0.711721,1.891351
2026-08-19T15:48:31.277067+00:00,288911,Birendra,squat,good,squat_good,-8.099585,3.289633,4.625597,-0.096193,-0.043167,-0.004796,4.642357,6.414066,4.508282,-1.244113,0.788196,2.042701
2026-08-19T15:48:31.277067+00:00,288932,Birendra,squat,good,squat_good,-8.159439,3.311181,4.616021,-0.10392,-0.045032,-0.004796,5.331887,4.977545,5.477933,-0.970723,0.94834,2.183127
2026-08-19T15:48:31.277067+00:00,288951,Birendra,squat,good,squat_good,-8.152257,3.313575,4.618415,-0.110049,-0.046897,-0.00373,4.967968,4.089296,6.344635,-0.618459,1.181228,2.151418
2026-08-19T15:48:31.277067+00:00,288971,Birendra,squat,good,squat_good,-8.152257,3.280056,4.630386,-0.109783,-0.049828,-0.002931,4.295198,3.811569,7.13951,-0.43007,1.123406,1.936916
2026-08-19T15:48:31.277067+00:00,288993,Birendra,squat,good,squat_good,-8.130709,3.268085,4.625597,-0.116444,-0.049296,-0.008527,3.821146,3.46441,7.43639,-0.447923,0.783933,1.499917
2026-08-19T15:48:31.277067+00:00,289011,Birendra,squat,good,squat_good,-8.063671,3.229778,4.625597,-0.108983,-0.046631,-0.008793,4.367024,2.779668,7.477092,-0.455917,0.347734,0.901443
2026-08-19T15:48:31.277067+00:00,289031,Birendra,squat,good,squat_good,-8.056489,3.213019,4.589684,-0.097792,-0.03917,-0.005862,4.218584,2.791639,7.386112,-0.487893,0.065283,0.229424
2026-08-19T15:48:31.277067+00:00,289051,Birendra,squat,good,squat_good,-8.090008,3.22499,4.601655,-0.090597,-0.037838,-0.007461,4.692636,1.462857,7.477092,-0.287779,-0.332012,-0.239017
2026-08-19T15:48:31.277067+00:00,289071,Birendra,squat,good,squat_good,-8.094796,3.25372,4.630386,-0.084735,-0.035706,-0.011724,5.135562,2.288857,6.991069,0.112714,-0.390368,-0.629651
2026-08-19T15:48:31.277067+00:00,289092,Birendra,squat,good,squat_good,-8.082825,3.270479,4.630386,-0.082337,-0.033308,-0.015455,4.67827,4.254497,5.74369,0.40902,-0.489225,-0.902242
2026-08-19T15:48:31.277067+00:00,289111,Birendra,squat,good,squat_good,-8.06846,3.287239,4.675876,-0.081005,-0.024248,-0.018652,4.912902,5.418078,5.509058,0.377311,-0.625387,-1.072511
2026-08-19T15:48:31.277067+00:00,289131,Birendra,squat,good,squat_good,-8.063671,3.325546,4.649539,-0.085002,-0.018119,-0.015721,4.642357,5.12838,5.949591,0.483896,-0.663492,-1.238251
2026-08-19T15:48:31.277067+00:00,289151,Birendra,squat,good,squat_good,-8.054094,3.359065,4.668694,-0.092729,-0.015188,-0.010392,4.618415,5.166687,5.83467,0.680279,-0.745562,-1.291011
2026-08-19T15:48:31.277067+00:00,289171,Birendra,squat,good,squat_good,-8.070854,3.371036,4.663905,-0.100456,-0.006129,-0.006129,4.635174,5.916072,5.432444,0.784199,-0.784465,-1.3483
2026-08-19T15:48:31.277067+00:00,289191,Birendra,squat,good,squat_good,-8.12592,3.335123,4.661511,-0.10845,-0.00453,-0.003997,4.508282,5.820304,5.29358,0.828698,-0.848417,-1.474603
2026-08-19T15:48:31.277067+00:00,289212,Birendra,squat,good,squat_good,-8.121132,3.287239,4.627992,-0.110848,-0.004796,-0.005596,4.328717,6.210559,5.123591,0.881458,-0.949939,-1.609167
2026-08-19T15:48:31.277067+00:00,289231,Birendra,squat,good,squat_good,-8.133103,3.277662,4.608838,-0.110848,-0.010126,-0.006395,4.376601,5.841852,5.17387,0.925691,-1.034407,-1.781302
2026-08-19T15:48:31.277067+00:00,289251,Birendra,squat,good,squat_good,-8.104373,3.275268,4.690241,-0.10392,-0.013856,-0.007194,4.216189,6.145916,4.955997,1.072511,-1.076242,-1.890285
2026-08-19T15:48:31.277067+00:00,289271,Birendra,squat,good,squat_good,-8.094796,3.29921,4.72376,-0.099923,-0.011458,-0.009859,4.110844,6.363788,4.407725,1.249709,-1.048796,-1.967293
2026-08-19T15:48:31.277067+00:00,289292,Birendra,squat,good,squat_good,-8.11395,3.284845,4.702212,-0.104986,-0.016787,-0.00826,3.634398,7.16824,3.86903,1.345902,-1.024548,-1.97875
2026-08-19T15:48:31.277067+00:00,289312,Birendra,squat,good,squat_good,-8.094796,3.215413,4.666299,-0.10019,-0.023982,-0.010658,2.944868,8.169016,3.49314,1.411452,-0.996836,-1.969424
2026-08-19T15:48:31.277067+00:00,289331,Birendra,squat,good,squat_good,-8.082825,3.215413,4.673482,-0.088732,-0.023182,-0.018919,2.942474,7.967903,3.46441,1.397596,-1.079972,-1.892683
2026-08-19T15:48:31.277067+00:00,289351,Birendra,squat,good,squat_good,-8.101978,3.246537,4.666299,-0.078873,-0.02185,-0.022649,3.260903,7.838616,3.126827,1.50951,-1.016288,-1.947308
2026-08-19T15:48:31.277067+00:00,289371,Birendra,squat,good,squat_good,-8.118738,3.287239,4.673482,-0.073011,-0.027179,-0.020251,2.856283,8.204929,2.312799,1.642208,-0.945942,-1.981948
2026-08-19T15:48:31.277067+00:00,289392,Birendra,squat,good,squat_good,-8.116343,3.323152,4.666299,-0.069014,-0.03464,-0.020251,2.53546,8.853758,1.745373,1.6097,-0.93928,-2.043767
2026-08-19T15:48:31.277067+00:00,289412,Birendra,squat,good,squat_good,-8.073248,3.303998,4.675876,-0.063951,-0.034107,-0.021051,1.905785,9.440337,1.283292,1.53589,-0.946208,-2.105587
2026-08-19T15:48:31.277067+00:00,289431,Birendra,squat,good,squat_good,-8.101978,3.284845,4.668694,-0.059688,-0.031709,-0.023182,1.623269,8.702923,1.30484,1.464478,-0.959531,-2.045366
2026-08-19T15:48:31.277067+00:00,289451,Birendra,squat,good,squat_good,-8.11395,3.29921,4.656722,-0.058888,-0.038637,-0.026913,0.902614,9.188946,0.56982,1.619825,-0.829764,-1.973421
2026-08-19T15:48:31.277067+00:00,289471,Birendra,squat,good,squat_good,-8.082825,3.318364,4.663905,-0.059954,-0.039969,-0.026646,0.184354,9.303867,0.258574,1.646738,-0.810046,-1.810613
2026-08-19T15:48:31.277067+00:00,289491,Birendra,squat,good,squat_good,-8.099585,3.356671,4.644751,-0.063685,-0.050894,-0.02185,0.035913,9.698911,-0.337582,1.686441,-0.831629,-1.668855
2026-08-19T15:48:31.277067+00:00,289512,Birendra,squat,good,squat_good,-8.090008,3.392584,4.67827,-0.074343,-0.054625,-0.018652,1.144428,9.409213,-1.537078,1.779969,-0.707458,-1.633149
2026-08-19T15:48:31.277067+00:00,289531,Birendra,squat,good,squat_good,-8.087613,3.383007,4.666299,-0.088199,-0.057289,-0.012524,-1.132457,10.97742,-1.582567,1.591048,-0.606202,-1.554542
2026-08-19T15:48:31.277067+00:00,289551,Birendra,squat,good,squat_good,-8.121132,3.303998,4.635174,-0.09939,-0.056757,-0.010126,-0.610521,9.923966,-1.429338,1.350965,-0.842021,-1.445292
2026-08-19T15:48:31.277067+00:00,289571,Birendra,squat,good,squat_good,-8.116343,3.275268,4.623203,-0.102322,-0.057822,-0.011191,-0.919373,8.635885,-1.149217,1.464478,-0.547047,-1.472472
2026-08-19T15:48:31.277067+00:00,289591,Birendra,squat,good,squat_good,-8.101978,3.315969,4.647145,-0.103387,-0.054358,-0.01279,-1.465251,9.490616,-2.11408,1.672319,-0.501482,-1.417847
2026-08-19T15:48:31.277067+00:00,289612,Birendra,squat,good,squat_good,-8.092402,3.296816,4.616021,-0.104986,-0.051694,-0.010126,-1.225831,10.63744,-3.215413,1.402392,-0.544649,-1.496187
2026-08-19T15:48:31.277067+00:00,289631,Birendra,squat,good,squat_good,-8.11395,3.270479,4.596867,-0.108717,-0.052227,-0.009859,-2.300828,10.69011,-2.8491,0.989908,-0.623522,-1.542285
2026-08-19T15:48:31.277067+00:00,289651,Birendra,squat,good,squat_good,-8.099585,3.289633,4.616021,-0.106851,-0.051427,-0.010126,-2.145205,8.985439,-2.516306,0.914233,-0.661626,-1.430637
2026-08-19T15:48:31.277067+00:00,289672,Birendra,squat,good,squat_good,-8.111555,3.296816,4.654328,-0.105253,-0.04823,-0.008793,-1.996764,8.532935,-2.37026,1.058656,-0.551044,-1.429305
2026-08-19T15:48:31.277067+00:00,289691,Birendra,squat,good,squat_good,-8.145074,3.335123,4.639963,-0.109783,-0.050361,-0.010658,-2.293645,8.765172,-2.966416,1.17883,-0.411152,-1.454352
2026-08-19T15:48:31.277067+00:00,289712,Birendra,squat,good,squat_good,-8.121132,3.303998,4.635174,-0.113247,-0.056224,-0.010658,-2.861071,9.569624,-3.438074,1.100224,-0.458582,-1.513773
2026-08-19T15:48:32.335057+00:00,289732,Birendra,squat,good,squat_good,-8.118738,3.287239,4.618415,-0.113779,-0.057289,-0.013856,-3.699042,9.11712,-3.153164,0.878793,-0.491623,-1.427173
2026-08-19T15:48:32.335057+00:00,289753,Birendra,squat,good,squat_good,-8.118738,3.256114,4.616021,-0.110049,-0.055691,-0.016254,-3.744531,8.092402,-2.882619,0.936882,-0.525464,-1.318456
2026-08-19T15:48:32.335057+00:00,289773,Birendra,squat,good,squat_good,-8.101978,3.270479,4.608838,-0.104187,-0.054625,-0.017587,-3.600879,7.963115,-2.99754,1.029611,-0.464444,-1.225727
2026-08-19T15:48:32.335057+00:00,289792,Birendra,squat,good,squat_good,-8.104373,3.29921,4.608838,-0.101256,-0.05276,-0.019185,-3.991134,8.221688,-3.734955,1.171103,-0.659495,-1.080772
2026-08-19T15:48:32.335057+00:00,289812,Birendra,squat,good,squat_good,-8.109161,3.318364,4.639963,-0.099923,-0.046631,-0.019718,-4.824317,8.525752,-3.787627,1.032542,-0.772475,-0.968325
2026-08-19T15:48:32.335057+00:00,289832,Birendra,squat,good,squat_good,-8.070854,3.311181,4.620809,-0.102322,-0.033841,-0.016254,-4.929661,7.800309,-3.653552,1.01762,-0.929421,-0.873464
2026-08-19T15:48:32.335057+00:00,289851,Birendra,squat,good,squat_good,-8.094796,3.313575,4.623203,-0.10392,-0.028245,-0.013856,-4.881777,7.73806,-3.323152,0.953936,-0.846818,-0.950472
2026-08-19T15:48:32.335057+00:00,289871,Birendra,squat,good,squat_good,-8.09719,3.306392,4.651934,-0.107118,-0.027179,-0.011991,-4.163517,6.852205,-3.857059,0.94381,-0.813776,-1.038671
2026-08-19T15:48:32.335057+00:00,289892,Birendra,squat,good,squat_good,-8.104373,3.313575,4.63278,-0.104187,-0.022649,-0.009859,-4.656722,7.970297,-4.10845,0.871066,-0.681345,-1.403191
2026-08-19T15:48:32.335057+00:00,289912,Birendra,squat,good,squat_good,-8.092402,3.280056,4.618415,-0.098858,-0.010925,-0.010392,-6.356606,7.034164,-3.414132,0.623789,-0.840956,-1.374413
2026-08-19T15:48:32.335057+00:00,289931,Birendra,squat,good,squat_good,-8.128315,3.296816,4.654328,-0.097525,-0.019985,-0.011991,-5.767632,5.856217,-3.296816,0.825501,-1.03574,-1.099158
2026-08-19T15:48:32.335057+00:00,289951,Birendra,squat,good,squat_good,-8.106767,3.32794,4.637568,-0.095127,-0.032242,-0.016787,-5.506664,5.906496,-3.74932,1.035207,-0.840956,-1.035207
2026-08-19T15:48:32.335057+00:00,289971,Birendra,squat,good,squat_good,-8.094796,3.292027,4.647145,-0.101789,-0.029044,-0.01359,-6.548141,6.337452,-3.787627,1.065317,-0.702928,-1.089832
2026-08-19T15:48:32.335057+00:00,289991,Birendra,squat,good,squat_good,-8.106767,3.294421,4.613626,-0.107118,-0.028778,-0.007194,-6.916849,6.265626,-3.744531,0.986178,-0.769277,-1.108484
2026-08-19T15:48:32.335057+00:00,290012,Birendra,squat,good,squat_good,-8.14268,3.272874,4.611232,-0.10392,-0.022916,-0.005596,-6.888118,5.944803,-3.804387,0.885988,-0.809247,-1.23159
2026-08-19T15:48:32.335057+00:00,290032,Birendra,squat,good,squat_good,-8.152257,3.268085,4.616021,-0.09939,-0.016787,-0.00826,-7.568071,5.571307,-3.713407,0.776205,-0.861207,-1.306998
2026-08-19T15:48:32.335057+00:00,290051,Birendra,squat,good,squat_good,-8.140285,3.260903,4.620809,-0.102322,-0.018119,-0.007461,-7.64708,5.125986,-3.955221,0.771409,-0.956867,-1.297939
2026-08-19T15:48:32.335057+00:00,290071,Birendra,squat,good,squat_good,-8.070854,3.265691,4.647145,-0.102588,-0.015721,-0.007194,-7.809886,5.432444,-4.005499,0.712521,-0.962729,-1.308597
2026-08-19T15:48:32.335057+00:00,290091,Birendra,squat,good,squat_good,-8.080431,3.284845,4.644751,-0.099657,-0.013057,-0.007727,-7.682993,5.386954,-4.443638,0.562236,-0.935283,-1.227326
2026-08-19T15:48:32.335057+00:00,290110,Birendra,squat,good,squat_good,-7.682993,-58.61963,8.274361,-0.187856,0.068214,0.0,-7.714118,5.379771,-4.29041,0.40076,-0.771942,-1.135397
2026-08-19T15:48:32.335057+00:00,290132,Birendra,squat,good,squat_good,-8.078036,3.32794,4.656722,-0.110049,0.005862,-0.007461,-7.929596,5.729325,-4.407725,0.268594,-0.733571,-0.805782
2026-08-19T15:48:32.335057+00:00,290151,Birendra,squat,good,squat_good,-8.094796,3.308787,4.627992,-0.120441,0.006928,-0.001066,-7.16824,4.970363,-4.371812,0.24328,-0.536123,-0.263798
2026-08-19T15:48:32.335057+00:00,290171,Birendra,squat,good,squat_good,-8.099585,3.313575,4.637568,-0.127902,0.008793,0.003997,-7.149086,5.432444,-4.065354,0.2177,-0.19132,0.01732
2026-08-19T15:48:32.335057+00:00,290191,Birendra,squat,good,squat_good,-8.109161,3.301604,4.611232,-0.132432,0.009859,0.009326,-7.632715,5.525817,-3.801992,0.075409,0.035972,0.138827
2026-08-19T15:48:32.335057+00:00,290212,Birendra,squat,good,squat_good,-8.135497,3.284845,4.635174,-0.12657,0.005862,0.00906,-7.098808,5.485116,-3.813963,-0.103387,0.084202,0.158012
2026-08-19T15:48:32.335057+00:00,290232,Birendra,squat,good,squat_good,-8.154651,3.234566,4.649539,-0.10845,0.00373,-0.001599,-7.024588,4.728549,-3.928885,-0.166006,0.173467,0.124438
2026-08-19T15:48:32.335057+00:00,290251,Birendra,squat,good,squat_good,-8.140285,3.213019,4.630386,-0.0874,0.006129,-0.01359,-7.275979,4.220978,-3.921702,-0.021051,0.16574,0.436732
2026-08-19T15:48:32.335057+00:00,290271,Birendra,squat,good,squat_good,-8.190564,3.196259,4.601655,-0.071678,-0.009859,-0.022916,-7.180211,4.522647,-4.182671,0.261666,0.282717,0.890251
2026-08-19T15:48:32.335057+00:00,290291,Birendra,squat,good,squat_good,-8.161834,3.258508,4.618415,-0.065283,-0.035972,-0.029577,-7.400477,5.528212,-4.285621,0.428205,0.422077,1.307798
2026-08-19T15:48:32.335057+00:00,290311,Birendra,squat,good,squat_good,-8.159439,3.287239,4.639963,-0.06555,-0.054358,-0.03011,-7.25922,7.354988,-4.972757,0.272325,0.588616,1.494588
2026-08-19T15:48:32.335057+00:00,290331,Birendra,squat,good,squat_good,-8.171411,3.313575,4.651934,-0.292662,-0.301176,-0.112808,-6.801927,8.195353,-5.346252,-0.300037,0.801253,1.522567
2026-08-19T15:48:32.335057+00:00,290351,Birendra,squat,good,squat_good,-8.137892,3.268085,4.627992,-0.074609,-0.079406,-0.029044,-7.156269,7.426814,-5.379771,-0.742098,1.051461,1.454885
2026-08-19T15:48:32.335057+00:00,290371,Birendra,squat,good,squat_good,-8.166622,3.196259,4.611232,-0.063685,-0.082337,-0.033041,-7.872135,7.374141,-5.523423,-0.964328,1.11781,1.574527
2026-08-19T15:48:32.335057+00:00,290391,Birendra,squat,good,squat_good,-8.173804,3.191471,4.635174,-0.057289,-0.077541,-0.03544,-7.522582,7.338228,-5.552154,-1.119942,1.102355,1.790628
2026-08-19T15:48:32.335057+00:00,290411,Birendra,squat,good,squat_good,-8.11395,3.229778,4.63278,-0.053559,-0.075142,-0.035706,-7.33344,7.553706,-5.674258,-1.147654,1.16151,1.884689
2026-08-19T15:48:32.335057+00:00,290432,Birendra,squat,good,squat_good,-8.073248,3.303998,4.687847,-0.054625,-0.065017,-0.031443,-7.261614,8.26239,-5.95438,-1.261966,1.129534,2.028845
2026-08-19T15:48:32.335057+00:00,290451,Birendra,squat,good,squat_good,-8.049306,3.375824,4.683059,-0.068481,-0.054092,-0.025314,-6.622362,8.731653,-5.798757,-1.461547,1.068515,2.137029
2026-08-19T15:48:32.335057+00:00,290471,Birendra,squat,good,squat_good,-8.032547,3.385401,4.67827,-0.092462,-0.036239,-0.015988,-6.136339,8.678981,-5.930438,-1.62249,1.172968,2.208974
2026-08-19T15:48:32.335057+00:00,290491,Birendra,squat,good,squat_good,-8.087613,3.32794,4.683059,-0.111648,-0.029311,-0.009326,-6.296751,9.105149,-5.93762,-1.80102,1.244913,2.303835
2026-08-19T15:48:32.335057+00:00,290511,Birendra,squat,good,squat_good,-8.145074,3.28245,4.606444,-0.120708,-0.033041,-0.007727,-5.916072,8.722076,-5.580884,-1.919329,1.261966,2.420812
2026-08-19T15:48:32.335057+00:00,290532,Birendra,squat,good,squat_good,-8.147469,3.256114,4.606444,-0.124172,-0.039969,-0.007727,-5.331887,9.14585,-5.133168,-2.000067,1.245446,2.451988
2026-08-19T15:48:32.335057+00:00,290551,Birendra,squat,good,squat_good,-8.140285,3.236961,4.596867,-0.123372,-0.035972,-0.009593,-4.29041,8.544906,-4.311957,-2.034175,1.24358,2.612931
2026-08-19T15:48:32.335057+00:00,290571,Birendra,squat,good,squat_good,-8.106767,3.236961,4.616021,-0.12124,-0.029844,-0.009593,-3.387795,8.597578,-4.149151,-1.852447,1.324319,2.700597
2026-08-19T15:48:32.335057+00:00,290591,Birendra,squat,good,squat_good,-8.106767,3.239355,4.620809,-0.118309,-0.020518,-0.00906,-3.112462,8.652645,-3.217807,-1.831397,1.360557,2.88339
2026-08-19T15:48:32.335057+00:00,290611,Birendra,squat,good,squat_good,-8.090008,3.239355,4.608838,-0.115112,-0.007727,-0.009326,-1.936909,8.956709,-3.129222,-1.681112,1.439963,2.891651
2026-08-19T15:48:32.335057+00:00,290632,Birendra,squat,good,squat_good,-8.118738,3.234566,4.613626,-0.107917,-0.005596,-0.00906,-1.941698,9.639056,-2.571373,-1.864704,1.552144,2.758153
2026-08-19T15:48:32.335057+00:00,290651,Birendra,squat,good,squat_good,-8.111555,3.256114,4.616021,-0.101522,-0.007194,-0.009593,-1.970428,9.78989,-2.248155,-2.112248,1.428239,2.52713
2026-08-19T15:48:32.335057+00:00,290671,Birendra,squat,good,squat_good,-8.140285,3.292027,4.618415,-0.09939,0.000799,-0.007727,-1.137246,9.598354,-1.654393,-2.465044,1.198815,2.433602
2026-08-19T15:48:32.335057+00:00,290691,Birendra,squat,good,squat_good,-8.147469,3.275268,4.575319,-0.106052,0.006662,-0.001599,-0.215478,7.876924,-0.950498,-2.542851,1.084236,2.406956
2026-08-19T15:48:32.335057+00:00,290711,Birendra,squat,good,squat_good,-8.171411,3.251326,4.520253,-0.096459,0.006129,0.000533,0.837971,7.49864,-0.533907,-2.326217,1.075709,2.479433
2026-08-19T15:48:33.237953+00:00,290732,Birendra,squat,good,squat_good,-8.173804,3.210624,4.556166,-0.08207,0.005596,-0.006129,1.616086,7.25922,-0.038307,-2.063752,1.261167,2.513274
2026-08-19T15:48:33.237953+00:00,290751,Birendra,squat,good,squat_good,-8.171411,3.215413,4.544195,-0.077541,0.006395,-0.011458,1.833959,7.522582,0.351948,-1.83193,1.42744,2.476769
2026-08-19T15:48:33.237953+00:00,290773,Birendra,squat,good,squat_good,-8.116343,3.265691,4.563348,-0.074077,0.000799,-0.01359,2.288857,7.714118,0.629675,-1.795957,1.454619,2.358726
2026-08-19T15:48:33.237953+00:00,290792,Birendra,squat,good,squat_good,-8.12592,3.277662,4.592079,-0.070613,-0.00453,-0.013856,2.889802,8.331821,1.055843,-1.921994,1.477801,2.07974
2026-08-19T15:48:33.237953+00:00,290811,Birendra,squat,good,squat_good,-8.14268,3.292027,4.592079,-0.071412,-0.011458,-0.011458,3.201048,7.661446,1.661576,-2.126637,1.501783,1.816208
2026-08-19T15:48:33.237953+00:00,290832,Birendra,squat,good,squat_good,-8.157045,3.292027,4.577713,-0.070879,-0.010392,-0.006129,3.517082,7.319075,1.927332,-2.132499,1.480466,1.623289
2026-08-19T15:48:33.237953+00:00,290853,Birendra,squat,good,squat_good,-8.176199,3.272874,4.55856,-0.066349,-0.011191,-0.00373,4.256891,7.180211,2.248155,-2.149553,1.630217,1.46954
2026-08-19T15:48:33.237953+00:00,290872,Birendra,squat,good,squat_good,-8.171411,3.260903,4.537012,-0.059954,-0.01732,-0.00826,4.242526,6.062119,3.114856,-2.143424,1.890818,1.360291
2026-08-19T15:48:33.237953+00:00,290892,Birendra,squat,good,squat_good,-8.192958,3.220201,4.55856,-0.05196,-0.022116,-0.010126,3.981557,6.351817,3.718195,-1.972622,1.933185,1.274224
2026-08-19T15:48:33.237953+00:00,290914,Birendra,squat,good,squat_good,-8.147469,3.275268,4.52983,-0.045032,-0.03464,-0.011191,3.517082,6.040571,4.525041,-1.829265,1.978217,1.000567
2026-08-19T15:48:33.237953+00:00,290932,Birendra,squat,good,squat_good,-8.145074,3.284845,4.551377,-0.04743,-0.041835,-0.016521,1.776498,7.386112,4.908113,-1.690438,0.888652,1.399994
2026-08-19T15:48:33.237953+00:00,290952,Birendra,squat,good,squat_good,-8.111555,3.335123,4.548983,-0.053026,-0.041035,-0.021583,5.274426,6.43322,4.800375,-1.893482,0.494021,1.520968
2026-08-19T15:48:33.237953+00:00,290972,Birendra,squat,good,squat_good,-8.137892,3.265691,4.546589,-0.051694,-0.038904,-0.020251,4.548983,5.166687,5.216966,-1.800487,0.666423,1.336043
2026-08-19T15:48:33.237953+00:00,290991,Birendra,squat,good,squat_good,-8.128315,3.325546,4.544195,-0.050894,-0.037571,-0.020518,4.965574,5.473145,5.319916,-1.621424,0.532925,1.366153
2026-08-19T15:48:33.237953+00:00,291011,Birendra,squat,good,squat_good,-8.106767,3.325546,4.565742,-0.053559,-0.041035,-0.022916,5.554548,5.324705,5.348647,-1.490058,0.682677,1.372548
2026-08-19T15:48:33.237953+00:00,291032,Birendra,squat,good,squat_good,-8.128315,3.292027,4.568137,-0.055158,-0.040502,-0.02185,6.229713,4.788404,5.477933,-1.319256,1.112214,1.391467
2026-08-19T15:48:33.237953+00:00,291052,Birendra,squat,good,squat_good,-8.164227,3.292027,4.539406,-0.054358,-0.041568,-0.021317,4.690241,5.353435,6.335058,-1.249443,1.516704,1.302469
2026-08-19T15:48:33.237953+00:00,291071,Birendra,squat,good,squat_good,-8.157045,3.330335,4.517859,-0.058089,-0.045299,-0.019985,2.750938,4.855441,7.501034,-1.460214,0.456983,1.888153
2026-08-19T15:48:33.237953+00:00,291091,Birendra,squat,good,squat_good,-8.145074,3.361459,4.515464,-0.068214,-0.046364,-0.018119,6.859388,3.624821,6.890512,-1.269161,0.576092,1.632083
2026-08-19T15:48:33.237953+00:00,291111,Birendra,squat,good,squat_good,-8.159439,3.32794,4.508282,-0.071945,-0.047164,-0.016787,3.950433,3.13401,8.109161,-1.339507,0.691204,1.407455
2026-08-19T15:48:33.237953+00:00,291131,Birendra,squat,good,squat_good,-8.130709,3.318364,4.491522,-0.07381,-0.043167,-0.018119,4.886566,0.938527,8.956709,-1.165773,0.225161,1.298738
2026-08-19T15:48:33.237953+00:00,291152,Birendra,squat,good,squat_good,-8.140285,3.29921,4.527435,-0.077008,-0.043167,-0.019718,5.446809,-0.052672,9.088389,-0.703461,0.288845,0.962995
2026-08-19T15:48:33.237953+00:00,291171,Birendra,squat,good,squat_good,-8.14268,3.272874,4.522647,-0.071678,-0.049296,-0.019985,4.548983,0.670376,9.289502,-0.350398,0.20491,0.481498
2026-08-19T15:48:33.237953+00:00,291191,Birendra,squat,good,squat_good,-8.14268,3.284845,4.537012,-0.065017,-0.050628,-0.020784,4.570531,0.687136,9.083601,-0.166273,-0.156147,0.051694
2026-08-19T15:48:33.237953+00:00,291211,Birendra,squat,good,squat_good,-8.121132,3.292027,4.556166,-0.063685,-0.054358,-0.017853,4.915296,1.024718,8.659827,0.070613,-0.371715,-0.358925
2026-08-19T15:48:33.237953+00:00,291231,Birendra,squat,good,squat_good,-8.133103,3.332729,4.560954,-0.063418,-0.057023,-0.018919,4.999093,1.956063,7.922413,0.3051,-0.472971,-0.657096
2026-08-19T15:48:33.237953+00:00,291252,Birendra,squat,good,squat_good,-8.135497,3.349488,4.560954,-0.067149,-0.050628,-0.020784,5.401319,3.028665,7.28795,0.456717,-0.502282,-0.841755
2026-08-19T15:48:33.237953+00:00,291271,Birendra,squat,good,squat_good,-8.087613,3.385401,4.556166,-0.076475,-0.046631,-0.017054,5.396531,3.086126,7.699753,0.532658,-0.50468,-0.931553
2026-08-19T15:48:33.237953+00:00,291291,Birendra,squat,good,squat_good,-8.09719,3.409343,4.544195,-0.09193,-0.042368,-0.013057,5.475539,2.877831,8.025364,0.73144,-0.49642,-1.075975
2026-08-19T15:48:33.237953+00:00,291311,Birendra,squat,good,squat_good,-8.111555,3.406949,4.525041,-0.105786,-0.038637,-0.006662,5.415684,2.935291,7.94875,0.883323,-0.57396,-1.281152
2026-08-19T15:48:33.237953+00:00,291331,Birendra,squat,good,squat_good,-8.145074,3.368642,4.508282,-0.114845,-0.034374,-0.002398,5.197812,2.813187,7.690176,0.94008,-0.687473,-1.503914
2026-08-19T15:48:33.237953+00:00,291352,Birendra,squat,good,squat_good,-8.190564,3.318364,4.532224,-0.113247,-0.03544,-0.00453,4.893748,3.08852,7.184999,1.041335,-0.753023,-1.668321
2026-08-19T15:48:33.237953+00:00,291371,Birendra,squat,good,squat_good,-8.176199,3.315969,4.575319,-0.106585,-0.0437,-0.011458,4.359841,3.040636,7.230489,1.223063,-0.824435,-1.798089
2026-08-19T15:48:33.237953+00:00,291391,Birendra,squat,good,squat_good,-8.135497,3.289633,4.570531,-0.109783,-0.0437,-0.014655,4.503493,3.234566,6.931214,1.44849,-0.867335,-1.973688
2026-08-19T15:48:33.237953+00:00,291411,Birendra,squat,good,squat_good,-8.106767,3.268085,4.508282,-0.108184,-0.044499,-0.008793,3.742137,4.283227,6.447585,1.718949,-0.838824,-2.163675
2026-08-19T15:48:33.237953+00:00,291431,Birendra,squat,good,squat_good,-8.149862,3.287239,4.46758,-0.100989,-0.053825,0.000266,3.689465,5.501875,5.774815,1.799688,-1.056524,-2.254539
2026-08-19T15:48:33.237953+00:00,291452,Birendra,squat,good,squat_good,-8.14268,3.332729,4.522647,-0.095127,-0.057023,0.003198,3.859453,5.415684,5.288792,1.798355,-1.087433,-2.363789
2026-08-19T15:48:33.237953+00:00,291471,Birendra,squat,good,squat_good,-8.161834,3.3447,4.55856,-0.100989,-0.048763,0.001332,3.308787,6.038177,4.750096,1.890285,-1.078107,-2.478101
2026-08-19T15:48:33.237953+00:00,291491,Birendra,squat,good,squat_good,-8.169016,3.315969,4.556166,-0.102588,-0.047963,0.0,3.174711,6.16507,4.367024,1.963828,-1.093562,-2.591081
2026-08-19T15:48:33.237953+00:00,291511,Birendra,squat,good,squat_good,-8.128315,3.303998,4.522647,-0.091663,-0.047164,-0.005329,2.973598,6.847417,3.399766,2.09173,-1.032009,-2.801587
2026-08-19T15:48:33.237953+00:00,291531,Birendra,squat,good,squat_good,-8.12592,3.301604,4.584896,-0.079939,-0.051694,-0.007727,2.042254,8.413225,2.492364,2.056557,-1.050129,-2.997703
2026-08-19T15:48:33.237953+00:00,291552,Birendra,squat,good,squat_good,-8.11395,3.351882,4.589684,-0.081804,-0.056224,-0.006928,1.472434,9.342175,1.881842,1.871632,-1.14872,-3.028346
2026-08-19T15:48:33.237953+00:00,291571,Birendra,squat,good,squat_good,-8.073248,3.394978,4.568137,-0.094861,-0.057556,-0.006129,1.146823,9.131485,1.316811,1.834861,-1.081038,-2.820772
2026-08-19T15:48:33.237953+00:00,291591,Birendra,squat,good,squat_good,-8.058883,3.435679,4.572925,-0.107651,-0.043966,-0.004796,0.955287,9.837775,0.114922,1.952637,-0.854812,-2.552444
2026-08-19T15:48:33.237953+00:00,291611,Birendra,squat,good,squat_good,-8.073248,3.41892,4.52983,-0.12204,-0.034907,0.002931,-0.050278,10.74518,-0.409408,1.924392,-0.671485,-2.267329
2026-08-19T15:48:33.237953+00:00,291631,Birendra,squat,good,squat_good,-8.109161,3.385401,4.532224,-0.138827,-0.024781,0.011458,-0.076614,10.80982,-0.517148,1.864438,-0.629384,-2.01872
2026-08-19T15:48:33.237953+00:00,291652,Birendra,squat,good,squat_good,-8.133103,3.380613,4.539406,-0.155348,-0.024248,0.013856,-0.136469,10.57758,0.079009,1.751191,-0.577158,-1.851381
2026-08-19T15:48:33.237953+00:00,291671,Birendra,squat,good,squat_good,-8.178593,3.371036,4.551377,-0.166539,-0.032775,0.014655,0.07422,9.715671,0.131681,1.787963,-0.490025,-1.799954
2026-08-19T15:48:33.237953+00:00,291691,Birendra,squat,good,squat_good,-8.190564,3.342306,4.563348,-0.173734,-0.049296,0.01359,-0.553061,9.957485,-0.232238,1.717084,-0.484962,-1.836193
2026-08-19T15:48:33.237953+00:00,291711,Birendra,squat,good,squat_good,-8.164227,3.220201,4.544195,-0.160144,-0.040502,0.006129,-0.656011,9.718064,-0.986411,1.583853,-0.58675,-1.96143
2026-08-19T15:48:34.241814+00:00,291735,Birendra,squat,good,squat_good,-8.101978,3.217807,4.515464,-0.146554,-0.031709,-0.006662,-1.493982,9.892841,-1.170765,1.487926,-0.32162,-2.028579
2026-08-19T15:48:34.241814+00:00,291752,Birendra,squat,good,squat_good,-8.09719,3.205836,4.568137,-0.131366,-0.03091,-0.013323,-2.688689,8.839393,-0.351948,1.407455,-0.574493,-1.699231
2026-08-19T15:48:34.241814+00:00,291772,Birendra,squat,good,squat_good,-8.111555,3.229778,4.572925,-0.120441,-0.039703,-0.019452,-0.3304,7.8865,-1.312023,1.61343,-0.426873,-1.720815
2026-08-19T15:48:34.241814+00:00,291792,Birendra,squat,good,squat_good,-8.106767,3.311181,4.575319,-0.111914,-0.044233,-0.022916,-1.654393,9.366117,-2.169147,1.668055,-0.037305,-2.017654
2026-08-19T15:48:34.241814+00:00,291811,Birendra,squat,good,squat_good,-8.106767,3.318364,4.58729,-0.10845,-0.037571,-0.019718,-4.050989,9.718064,-2.355895,1.399194,-0.113513,-2.027513
2026-08-19T15:48:34.241814+00:00,291831,Birendra,squat,good,squat_good,-8.104373,3.320758,4.623203,-0.102322,-0.025847,-0.017853,-4.240131,8.777143,-2.133234,1.355228,-0.35706,-1.807149
2026-08-19T15:48:34.241814+00:00,291852,Birendra,squat,good,squat_good,-8.123527,3.330335,4.63278,-0.101522,-0.023449,-0.019452,-4.041412,8.367735,-1.963245,1.420245,-0.456983,-1.477268
2026-08-19T15:48:34.241814+00:00,291872,Birendra,squat,good,squat_good,-8.118738,3.332729,4.637568,-0.102055,-0.024515,-0.021051,-2.669535,8.192958,-3.315969,1.494588,-0.401026,-1.613697
2026-08-19T15:48:34.241814+00:00,291891,Birendra,squat,good,squat_good,-8.09719,3.313575,4.618415,-0.102322,-0.025847,-0.019185,-4.307169,8.896853,-3.454833,1.317923,-0.2177,-1.899078
2026-08-19T15:48:34.241814+00:00,291911,Birendra,squat,good,squat_good,-8.085219,3.306392,4.596867,-0.100989,-0.022116,-0.018652,-5.434838,8.061277,-3.20823,1.217467,-0.381041,-1.673384
2026-08-19T15:48:34.241814+00:00,291931,Birendra,squat,good,squat_good,-8.101978,3.32794,4.601655,-0.105253,-0.014655,-0.014389,-5.738902,7.271191,-2.901772,1.358426,-0.496953,-1.376279
2026-08-19T15:48:34.241814+00:00,291952,Birendra,squat,good,squat_good,-8.128315,3.351882,4.627992,-0.116178,-0.018919,-0.011724,-5.638345,7.383718,-3.514688,1.579323,-0.688273,-1.197216
2026-08-19T15:48:34.241814+00:00,291972,Birendra,squat,good,squat_good,-8.109161,3.359065,4.635174,-0.130833,-0.036239,-0.012257,-6.842628,8.147469,-3.466804,1.528695,-0.969923,-1.212937
2026-08-19T15:48:34.241814+00:00,291991,Birendra,squat,good,squat_good,-8.109161,3.292027,4.661511,-0.140692,-0.0437,-0.009859,-7.180211,7.455544,-3.531447,1.490857,-1.548414,-0.936882
2026-08-19T15:48:34.241814+00:00,292011,Birendra,squat,good,squat_good,-8.147469,3.258508,4.599261,-0.141758,-0.045565,-0.007194,-5.489904,6.596025,-3.505111,1.586251,-1.793293,-0.73517
2026-08-19T15:48:34.241814+00:00,292031,Birendra,squat,good,squat_good,-8.154651,3.25372,4.606444,-0.135363,-0.061286,-0.010925,-4.699818,5.995081,-4.010288,1.695234,-1.362156,-0.908104
2026-08-19T15:48:34.241814+00:00,292051,Birendra,squat,good,squat_good,-8.133103,3.227384,4.601655,-0.12577,-0.072211,-0.019718,-6.76362,6.959944,-3.507505,1.670453,-0.840956,-1.292876
2026-08-19T15:48:34.241814+00:00,292072,Birendra,squat,good,squat_good,-8.14268,3.25372,4.663905,-0.11298,-0.092462,-0.033574,-7.592013,6.823475,-3.541024,1.49672,-0.929421,-1.303002
2026-08-19T15:48:34.241814+00:00,292091,Birendra,squat,good,squat_good,-8.116343,3.275268,4.642357,-0.11751,-0.111381,-0.041035,-7.12275,6.191406,-3.543418,1.414116,-1.030677,-1.392799
2026-08-19T15:48:34.241814+00:00,292111,Birendra,squat,good,squat_good,-8.12592,3.241749,4.639963,-0.122839,-0.118309,-0.047697,-7.565677,5.693412,-3.701436,1.410119,-1.016288,-1.568132
2026-08-19T15:48:34.241814+00:00,292131,Birendra,squat,good,squat_good,-8.137892,3.244143,4.654328,-0.102855,-0.110848,-0.053292,-8.59279,5.966351,-4.24492,1.387737,-1.143657,-1.715219
2026-08-19T15:48:34.241814+00:00,292151,Birendra,squat,good,squat_good,-8.118738,3.227384,4.663905,-0.097792,-0.074077,-0.043433,-9.186552,6.196194,-4.517859,1.194018,-1.38747,-1.588116
2026-08-19T15:48:34.241814+00:00,292172,Birendra,squat,good,squat_good,-8.116343,3.236961,4.642357,-0.093528,-0.050628,-0.039436,-8.825027,6.1938,-4.726154,1.015489,-1.601439,-1.32645
2026-08-19T15:48:34.241814+00:00,292191,Birendra,squat,good,squat_good,-8.051701,3.236961,4.635174,-0.093528,-0.053825,-0.038904,-7.762002,6.976704,-5.032612,0.711988,-1.264897,-1.028279
2026-08-19T15:48:34.241814+00:00,292211,Birendra,squat,good,squat_good,-8.037335,3.241749,4.680665,-0.096193,-0.059155,-0.033308,-7.742848,6.873753,-4.879383,0.220631,-0.836959,-0.735969
2026-08-19T15:48:34.241814+00:00,292232,Birendra,squat,good,squat_good,-8.056489,3.265691,4.718972,-0.109516,-0.064484,-0.030377,-6.495469,5.839458,-4.754885,0.136162,-0.125237,-0.180395
2026-08-19T15:48:34.241814+00:00,292251,Birendra,squat,good,squat_good,-8.00621,3.308787,4.754885,-0.115645,-0.044499,-0.025314,-7.852982,6.390124,-4.027047,0.20038,0.729041,0.06555
2026-08-19T15:48:34.241814+00:00,292272,Birendra,squat,good,squat_good,-7.975086,3.347094,4.795586,-0.119109,-0.021051,-0.014655,-8.753201,7.326257,-3.881001,-0.007994,0.716784,0.253672
2026-08-19T15:48:34.241814+00:00,292291,Birendra,squat,good,squat_good,-7.982268,3.236961,4.788404,-0.10925,0.008527,-0.009326,-7.898471,6.009446,-3.787627,-0.133764,0.504946,0.464711
2026-08-19T15:48:34.241814+00:00,292311,Birendra,squat,good,squat_good,-8.058883,3.160346,4.762067,-0.092462,0.024515,-0.009326,-7.747637,6.033388,-3.62961,-0.03917,0.426606,0.64857
2026-08-19T15:48:34.241814+00:00,292331,Birendra,squat,good,squat_good,-8.099585,3.122039,4.721366,-0.070613,0.022649,-0.014123,-7.862558,6.263232,-3.876213,0.003464,0.277387,0.985378
2026-08-19T15:48:34.241814+00:00,292351,Birendra,squat,good,squat_good,-8.145074,3.047819,4.668694,-0.045032,0.011458,-0.022116,-7.414843,6.421249,-4.331111,0.020784,0.30883,1.34457
2026-08-19T15:48:34.241814+00:00,292372,Birendra,squat,good,squat_good,-8.178593,3.090914,4.651934,-0.021317,0.006395,-0.030377,-7.64708,7.393295,-4.666299,-0.062352,0.533458,1.534824
2026-08-19T15:48:34.241814+00:00,292391,Birendra,squat,good,squat_good,-8.188169,3.196259,4.649539,-0.007194,-0.004263,-0.030643,-7.852982,8.219295,-5.011064,-0.455384,0.592879,1.682178
2026-08-19T15:48:34.241814+00:00,292411,Birendra,squat,good,squat_good,-8.209718,3.272874,4.637568,-0.005063,-0.020518,-0.022116,-7.417237,7.410054,-5.329493,-0.87,0.657629,1.769577
2026-08-19T15:48:34.241814+00:00,292431,Birendra,squat,good,squat_good,-8.190564,3.284845,4.656722,-0.010392,-0.025847,-0.016254,-7.704541,7.132327,-5.544971,-1.005363,0.879859,1.85751
2026-08-19T15:48:34.241814+00:00,292451,Birendra,squat,good,squat_good,-8.176199,3.277662,4.661511,-0.015988,-0.029044,-0.014655,-7.920019,7.553706,-5.894525,-1.047997,0.933418,2.145289
2026-08-19T15:48:34.241814+00:00,292474,Birendra,squat,good,squat_good,-8.128315,3.270479,4.649539,-0.022383,-0.032242,-0.015988,-7.513005,7.781156,-6.181829,-1.079972,1.029611,2.465577
2026-08-19T15:48:34.241814+00:00,292491,Birendra,squat,good,squat_good,-8.073248,3.265691,4.656722,-0.032775,-0.032508,-0.014389,-7.347805,8.51857,-6.217742,-1.151651,1.142858,2.67102
2026-08-19T15:48:34.241814+00:00,292511,Birendra,squat,good,squat_good,-8.061277,3.287239,4.673482,-0.046897,-0.026913,-0.015188,-6.603208,8.722076,-6.418855,-1.244646,1.299005,2.883124
2026-08-19T15:48:34.241814+00:00,292532,Birendra,squat,good,squat_good,-8.044518,3.332729,4.644751,-0.066616,-0.017587,-0.010392,-6.181829,8.992621,-6.301539,-1.33551,1.519636,3.034741
2026-08-19T15:48:34.241814+00:00,292551,Birendra,squat,good,squat_good,-8.030152,3.318364,4.611232,-0.089531,-0.007461,-0.002132,-5.451597,8.839393,-6.186617,-1.35736,1.645672,3.244447
2026-08-19T15:48:34.241814+00:00,292572,Birendra,squat,good,squat_good,-8.118738,3.315969,4.620809,-0.105786,0.000533,0.001066,-4.831499,9.306262,-5.676652,-1.391201,1.793559,3.277755
2026-08-19T15:48:34.241814+00:00,292592,Birendra,squat,good,squat_good,-8.149862,3.275268,4.60405,-0.111381,0.008793,0.000533,-4.469975,9.457097,-5.090073,-1.578257,1.851648,3.272426
2026-08-19T15:48:34.241814+00:00,292611,Birendra,squat,good,squat_good,-8.133103,3.220201,4.553771,-0.112181,0.01279,0.000533,-3.423708,8.528147,-4.927267,-1.571862,1.847384,3.491191
2026-08-19T15:48:34.241814+00:00,292631,Birendra,squat,good,squat_good,-8.149862,3.215413,4.534618,-0.107917,0.011458,-0.002398,-2.53546,9.0429,-4.951209,-1.372015,2.01419,3.534358
2026-08-19T15:48:34.241814+00:00,292651,Birendra,squat,good,squat_good,-8.173804,3.229778,4.52983,-0.10392,0.006928,-0.007727,-2.008735,10.0341,-5.142745,-1.56147,2.210573,3.454153
2026-08-19T15:48:34.241814+00:00,292672,Birendra,squat,good,squat_good,-8.164227,3.280056,4.522647,-0.108983,0.005329,-0.00906,-1.678335,10.4483,-4.307169,-1.961697,2.245479,3.247911
2026-08-19T15:48:34.241814+00:00,292692,Birendra,squat,good,squat_good,-8.166622,3.318364,4.544195,-0.118043,0.007461,-0.006928,-0.718261,9.526528,-3.150769,-2.327283,2.220432,3.056858
2026-08-19T15:48:34.241814+00:00,292711,Birendra,squat,good,squat_good,-8.154651,3.349488,4.568137,-0.126836,0.010658,-0.003464,0.052672,8.568848,-2.166753,-2.474637,2.246812,2.845553
2026-08-19T15:48:35.422320+00:00,292732,Birendra,squat,good,squat_good,-8.197746,3.313575,4.527435,-0.135896,0.016254,0.000799,0.97444,7.85777,-1.934515,-2.430138,2.196184,2.774674
2026-08-19T15:48:35.422320+00:00,292752,Birendra,squat,good,squat_good,-8.166622,3.232172,4.515464,-0.140426,0.018119,0.00373,1.881842,7.374141,-1.01993,-2.402159,2.270793,2.732573
2026-08-19T15:48:35.422320+00:00,292772,Birendra,squat,good,squat_good,-8.238448,3.20823,4.491522,-0.138294,0.011191,0.000799,2.123657,7.424419,-0.31364,-2.303568,2.341672,2.593213
2026-08-19T15:48:35.422320+00:00,292792,Birendra,squat,good,squat_good,-8.192958,3.220201,4.493917,-0.121507,0.005063,-0.00826,2.475605,7.299921,0.227449,-2.314493,2.294508,2.430404
2026-08-19T15:48:35.422320+00:00,292812,Birendra,squat,good,squat_good,-8.188169,3.205836,4.510676,-0.111648,0.006662,-0.014123,2.614468,6.720524,0.986411,-2.373648,2.242548,2.227626
2026-08-19T15:48:35.422320+00:00,292831,Birendra,squat,good,squat_good,-8.195353,3.22499,4.532224,-0.107651,0.00373,-0.015455,3.232172,6.624756,1.56102,-2.411219,2.141825,1.960364
2026-08-19T15:48:35.422320+00:00,292852,Birendra,squat,good,squat_good,-8.178593,3.25372,4.505888,-0.096459,-0.001599,-0.018652,4.197036,6.007052,2.066196,-2.497286,2.196983,1.69257
2026-08-19T15:48:35.422320+00:00,292871,Birendra,squat,good,squat_good,-8.209718,3.241749,4.489128,-0.084735,-0.000799,-0.019718,4.625597,5.255273,2.403779,-2.432802,2.421611,1.378677
2026-08-19T15:48:35.422320+00:00,292892,Birendra,squat,good,squat_good,-8.240842,3.215413,4.479551,-0.072211,-0.006129,-0.019452,5.41329,5.212177,2.726996,-2.36592,2.843954,1.128469
2026-08-19T15:48:35.422320+00:00,292911,Birendra,squat,good,squat_good,-8.209718,3.246537,4.486734,-0.057822,-0.022916,-0.020784,4.979939,5.216966,3.615245,-2.337409,3.206343,0.902775
2026-08-19T15:48:35.422320+00:00,292931,Birendra,squat,good,squat_good,-8.219295,3.275268,4.522647,-0.043167,-0.034107,-0.023715,2.8491,4.924873,4.946421,-2.112514,3.068316,0.708257
2026-08-19T15:48:35.422320+00:00,292952,Birendra,squat,good,squat_good,-8.23366,3.236961,4.532224,-0.03544,-0.034107,-0.020784,1.582567,5.33907,5.951985,-1.779969,1.828998,1.001632
2026-08-19T15:48:35.422320+00:00,292971,Birendra,squat,good,squat_good,-8.166622,3.270479,4.527435,-0.027179,-0.037305,-0.020784,3.852271,6.442797,5.475539,-1.787164,0.875862,1.287014
2026-08-19T15:48:35.422320+00:00,292992,Birendra,squat,good,squat_good,-8.140285,3.318364,4.486734,-0.028511,-0.038637,-0.023449,4.869806,5.090073,5.537788,-1.97875,0.820172,1.256637
2026-08-19T15:48:35.422320+00:00,293011,Birendra,squat,good,squat_good,-8.183381,3.32794,4.515464,-0.044233,-0.043167,-0.027446,4.790798,4.240131,6.191406,-1.789029,0.794058,1.2609
2026-08-19T15:48:35.422320+00:00,293031,Birendra,squat,good,squat_good,-8.161834,3.354277,4.496311,-0.05649,-0.045032,-0.027979,5.250484,3.818752,6.59842,-1.510576,0.83909,1.223862
2026-08-19T15:48:35.422320+00:00,293051,Birendra,squat,good,squat_good,-8.176199,3.354277,4.51307,-0.065816,-0.038104,-0.021583,5.135562,3.931279,6.464345,-1.235054,0.962196,1.097026
2026-08-19T15:48:35.422320+00:00,293071,Birendra,squat,good,squat_good,-8.188169,3.301604,4.522647,-0.072478,-0.036505,-0.011724,5.449203,5.77242,5.968745,-1.339773,1.166839,0.998701
2026-08-19T15:48:35.422320+00:00,293092,Birendra,squat,good,squat_good,-8.200141,3.256114,4.527435,-0.083136,-0.043433,-0.005862,3.330335,3.696647,7.601591,-1.666456,0.505479,1.48766
2026-08-19T15:48:35.422320+00:00,293111,Birendra,squat,good,squat_good,-8.209718,3.256114,4.551377,-0.089531,-0.05649,-0.006662,6.849811,3.730166,6.665458,-1.414649,0.745562,1.469008
2026-08-19T15:48:35.422320+00:00,293131,Birendra,squat,good,squat_good,-8.185776,3.311181,4.544195,-0.094594,-0.06102,-0.010658,4.34787,3.916914,7.290344,-1.399994,1.025614,1.544417
2026-08-19T15:48:35.422320+00:00,293151,Birendra,squat,good,squat_good,-8.14268,3.342306,4.532224,-0.106052,-0.050628,-0.00906,3.921702,3.46441,8.674192,-1.493256,0.653899,1.568398
2026-08-19T15:48:35.422320+00:00,293171,Birendra,squat,good,squat_good,-8.149862,3.32794,4.527435,-0.118309,-0.04823,-0.001066,3.383007,1.426944,9.911995,-1.648603,0.425274,1.281685
2026-08-19T15:48:35.422320+00:00,293192,Birendra,squat,good,squat_good,-8.173804,3.251326,4.498705,-0.115911,-0.043167,0.0,3.16274,-1.383849,10.99657,-1.440763,0.017587,0.768478
2026-08-19T15:48:35.422320+00:00,293211,Birendra,squat,good,squat_good,-8.188169,3.1795,4.469975,-0.105786,-0.038904,-0.002132,4.082114,-2.928109,10.85531,-1.063718,-0.410352,0.353596
2026-08-19T15:48:35.422320+00:00,293231,Birendra,squat,good,squat_good,-8.180987,3.145981,4.453215,-0.089265,-0.033574,-0.009326,5.274426,-3.564966,10.25676,-0.478567,-0.444193,-0.111381
2026-08-19T15:48:35.422320+00:00,293251,Birendra,squat,good,squat_good,-8.212111,3.126827,4.501099,-0.073277,-0.033841,-0.020784,4.74052,-1.984793,9.809045,0.126836,-0.469773,-0.450588
2026-08-19T15:48:35.422320+00:00,293271,Birendra,squat,good,squat_good,-8.183381,3.181894,4.539406,-0.057289,-0.042634,-0.03011,4.735731,0.56982,8.470686,0.559305,-0.504147,-0.686141
2026-08-19T15:48:35.422320+00:00,293291,Birendra,squat,good,squat_good,-8.147469,3.263297,4.580108,-0.058089,-0.049029,-0.029311,4.881777,3.141193,7.78355,0.598475,-0.53559,-0.775406
2026-08-19T15:48:35.422320+00:00,293312,Birendra,squat,good,squat_good,-8.140285,3.371036,4.546589,-0.07834,-0.05276,-0.021317,5.252879,2.698265,8.219295,0.499351,-0.518802,-0.762083
2026-08-19T15:48:35.422320+00:00,293331,Birendra,squat,good,squat_good,-8.106767,3.435679,4.474763,-0.105786,-0.05276,-0.00826,5.020641,1.958457,8.796297,0.634714,-0.485228,-0.8271
2026-08-19T15:48:35.422320+00:00,293351,Birendra,squat,good,squat_good,-8.147469,3.445256,4.422091,-0.1303,-0.043966,0.007727,4.534618,1.319205,9.181764,0.793259,-0.637112,-0.978717
2026-08-19T15:48:35.422320+00:00,293371,Birendra,squat,good,squat_good,-8.207323,3.37343,4.434062,-0.139093,-0.033308,0.016521,4.43885,0.294487,9.344569,1.06958,-0.848949,-1.206276
2026-08-19T15:48:35.422320+00:00,293392,Birendra,squat,good,squat_good,-8.24563,3.313575,4.390966,-0.139093,-0.025847,0.014123,3.98874,0.605733,9.138668,1.398129,-1.031743,-1.507645
2026-08-19T15:48:35.422320+00:00,293411,Birendra,squat,good,squat_good,-8.214506,3.220201,4.448427,-0.131899,-0.023982,0.006129,3.533842,1.292869,8.880095,1.512441,-1.416781,-1.700564
2026-08-19T15:48:35.422320+00:00,293431,Birendra,squat,good,squat_good,-8.133103,3.201048,4.486734,-0.12204,-0.018919,-0.000266,4.489128,1.462857,8.264784,1.735204,-1.622223,-1.974753
2026-08-19T15:48:35.422320+00:00,293451,Birendra,squat,good,squat_good,-8.12592,3.16274,4.474763,-0.114046,-0.013856,0.001599,4.007894,2.600103,7.515399,1.888952,-1.793825,-2.240683
2026-08-19T15:48:35.422320+00:00,293471,Birendra,squat,good,squat_good,-8.152257,3.165135,4.479551,-0.101789,-0.012524,0.002665,4.110844,3.284845,6.871359,1.93132,-1.962496,-2.507945
2026-08-19T15:48:35.422320+00:00,293492,Birendra,squat,good,squat_good,-8.176199,3.1795,4.498705,-0.076475,-0.014123,-0.007727,4.259285,3.600879,6.208165,2.068015,-2.015789,-2.714453
2026-08-19T15:48:35.422320+00:00,293512,Birendra,squat,good,squat_good,-8.214506,3.196259,4.556166,-0.050095,-0.004263,-0.023182,4.501099,4.398149,5.379771,2.254539,-1.98781,-2.819173
2026-08-19T15:48:35.422320+00:00,293531,Birendra,squat,good,squat_good,-8.238448,3.181894,4.481946,-0.043433,-0.001332,-0.030643,4.031836,5.726931,4.429273,2.362456,-1.880426,-2.955602
2026-08-19T15:48:35.422320+00:00,293551,Birendra,squat,good,squat_good,-8.23366,3.177106,4.450821,-0.032775,-0.01359,-0.033574,3.557784,6.947973,3.117251,2.375779,-1.830064,-3.059788
2026-08-19T15:48:35.422320+00:00,293571,Birendra,squat,good,squat_good,-8.236053,3.191471,4.458004,-0.01732,-0.027712,-0.039969,3.165135,8.628703,1.927332,2.291577,-1.768512,-3.007828
2026-08-19T15:48:35.422320+00:00,293591,Birendra,squat,good,squat_good,-8.238448,3.263297,4.486734,-0.011991,-0.032242,-0.045032,2.37026,8.611943,2.226608,2.09253,-1.748793,-2.798123
2026-08-19T15:48:35.422320+00:00,293612,Birendra,squat,good,squat_good,-8.238448,3.375824,4.493917,-0.026913,-0.050361,-0.042634,2.516306,8.018182,1.66397,2.213504,-1.601706,-2.644373
2026-08-19T15:48:35.422320+00:00,293631,Birendra,squat,good,squat_good,-8.224083,3.466804,4.477157,-0.051427,-0.071678,-0.036239,2.918532,8.916007,-0.177171,2.354462,-1.38294,-2.530328
2026-08-19T15:48:35.422320+00:00,293651,Birendra,squat,good,squat_good,-8.214506,3.473987,4.520253,-0.078606,-0.098858,-0.029577,1.462857,10.41238,-0.835576,2.199648,-1.22626,-2.472239
2026-08-19T15:48:35.422320+00:00,293671,Birendra,squat,good,squat_good,-8.195353,3.435679,4.477157,-0.104986,-0.105786,-0.019985,0.169988,9.344569,0.076614,2.004064,-1.399194,-2.269994
2026-08-19T15:48:35.422320+00:00,293691,Birendra,squat,good,squat_good,-8.236053,3.416526,4.479551,-0.135896,-0.131366,-0.013057,0.979228,8.942344,-0.287304,2.102123,-1.410119,-2.2183
2026-08-19T15:48:35.422320+00:00,293712,Birendra,squat,good,squat_good,-8.178593,3.375824,4.469975,-0.146288,-0.133231,-0.008527,1.467646,10.38126,-2.559402,2.135697,-1.081838,-2.333945
2026-08-19T15:48:36.331956+00:00,293732,Birendra,squat,good,squat_good,-8.094796,3.359065,4.501099,-0.145222,-0.106319,-0.003464,-0.873884,10.67814,-2.267309,1.738934,-1.15245,-2.194851
2026-08-19T15:48:36.331956+00:00,293751,Birendra,squat,good,squat_good,-8.116343,3.325546,4.525041,-0.154548,-0.094594,0.005329,-0.311246,9.260772,-2.035071,1.752257,-1.120741,-1.99607
2026-08-19T15:48:36.331956+00:00,293771,Birendra,squat,good,squat_good,-8.161834,3.296816,4.548983,-0.160144,-0.092196,0.00826,-0.502782,9.167398,-2.138022,1.878294,-0.999501,-1.971556
2026-08-19T15:48:36.331956+00:00,293792,Birendra,squat,good,squat_good,-8.137892,3.313575,4.575319,-0.162542,-0.089798,0.005063,-0.533907,10.89601,-2.837129,1.773308,-0.692003,-2.174334
2026-08-19T15:48:36.331956+00:00,293812,Birendra,squat,good,squat_good,-8.116343,3.29921,4.572925,-0.163342,-0.083136,0.00906,-1.776498,10.17296,-3.361459,1.467675,-0.880659,-2.051761
2026-08-19T15:48:36.331956+00:00,293831,Birendra,squat,good,squat_good,-8.14268,3.20823,4.537012,-0.159611,-0.065816,0.010392,-2.540248,10.72124,-3.277662,1.233988,-0.867868,-2.006729
2026-08-19T15:48:36.331956+00:00,293851,Birendra,squat,good,squat_good,-8.130709,3.222595,4.503493,-0.15215,-0.057023,0.008527,-2.585738,9.155427,-2.810793,1.11328,-0.86174,-1.873498
2026-08-19T15:48:36.331956+00:00,293871,Birendra,squat,good,squat_good,-8.145074,3.265691,4.491522,-0.149219,-0.059421,0.00453,-1.606509,8.63828,-2.724602,1.308331,-0.680279,-1.819406
2026-08-19T15:48:36.331956+00:00,293891,Birendra,squat,good,squat_good,-8.171411,3.260903,4.508282,-0.146021,-0.067415,-0.000799,-1.87466,9.205706,-3.86903,1.386404,-0.516671,-1.795691
2026-08-19T15:48:36.331956+00:00,293916,Birendra,squat,good,squat_good,-8.149862,3.229778,4.525041,-0.133498,-0.056224,-0.005862,-4.383783,9.478644,-3.0143,1.113813,-0.714386,-1.742132
2026-08-19T15:48:36.331956+00:00,293932,Birendra,squat,good,squat_good,-8.11395,3.210624,4.544195,-0.125237,-0.042368,-0.006662,-3.627216,8.106767,-2.796427,1.03947,-0.851081,-1.672585
2026-08-19T15:48:36.331956+00:00,293952,Birendra,squat,good,squat_good,-8.109161,3.229778,4.520253,-0.121507,-0.032775,-0.00826,-3.660734,7.13951,-3.181894,1.217467,-0.758619,-1.602239
2026-08-19T15:48:36.331956+00:00,293974,Birendra,squat,good,squat_good,-8.085219,3.251326,4.527435,-0.11751,-0.02185,-0.009326,-4.182671,7.101202,-3.933673,1.443161,-0.567299,-1.639544
2026-08-19T15:48:36.331956+00:00,293991,Birendra,squat,good,squat_good,-8.082825,3.284845,4.556166,-0.116178,-0.019185,-0.00906,-5.221754,8.082825,-4.149151,1.425041,-0.585152,-1.755988
2026-08-19T15:48:36.331956+00:00,294012,Birendra,squat,good,squat_good,-8.123527,3.330335,4.58729,-0.118043,-0.022383,-0.010925,-5.77242,7.726089,-3.818752,1.20441,-0.855611,-1.787697
2026-08-19T15:48:36.331956+00:00,294032,Birendra,squat,good,squat_good,-8.123527,3.375824,4.613626,-0.125504,-0.016787,-0.010126,-6.545747,6.215348,-3.624821,1.220398,-1.231856,-1.5231
2026-08-19T15:48:36.331956+00:00,294051,Birendra,squat,good,squat_good,-8.118738,3.330335,4.560954,-0.135629,-0.007461,-0.00453,-6.890512,5.382165,-3.70383,1.585452,-1.732006,-1.140726
2026-08-19T15:48:36.331956+00:00,294071,Birendra,squat,good,squat_good,-8.11395,3.292027,4.551377,-0.140692,0.001332,0.003997,-6.73489,6.01184,-4.663905,1.883623,-2.08427,-0.911035
2026-08-19T15:48:36.331956+00:00,294091,Birendra,squat,good,squat_good,-8.123527,3.246537,4.565742,-0.136429,0.000799,0.006129,-6.658275,6.131551,-4.74052,1.885755,-2.181262,-0.907571
2026-08-19T15:48:36.331956+00:00,294112,Birendra,squat,good,squat_good,-8.164227,3.220201,4.592079,-0.131366,-0.001599,0.00453,-6.600814,5.98311,-4.948815,1.745329,-2.002732,-1.101289
2026-08-19T15:48:36.331956+00:00,294131,Birendra,squat,good,squat_good,-8.173804,3.229778,4.572925,-0.130567,-0.006395,-0.001865,-6.454768,6.311116,-5.123591,1.520168,-1.669387,-1.352564
2026-08-19T15:48:36.331956+00:00,294151,Birendra,squat,good,squat_good,-8.135497,3.270479,4.570531,-0.128168,-0.011458,-0.007727,-7.204153,6.406884,-4.924873,1.197482,-1.268361,-1.529761
2026-08-19T15:48:36.331956+00:00,294171,Birendra,squat,good,squat_good,-8.157045,3.272874,4.58729,-0.121773,-0.015988,-0.011458,-7.819463,5.631162,-4.972757,1.073577,-1.058922,-1.251308
2026-08-19T15:48:36.331956+00:00,294191,Birendra,squat,good,squat_good,-8.121132,3.32794,4.659117,-0.119908,-0.018652,-0.013057,-7.706935,6.258443,-5.102044,1.179896,-0.846818,-0.708524
2026-08-19T15:48:36.331956+00:00,294212,Birendra,squat,good,squat_good,-8.037335,3.323152,4.685453,-0.123905,-0.010126,-0.00906,-6.64391,6.291962,-5.236119,1.292077,-0.516671,-0.077807
2026-08-19T15:48:36.331956+00:00,294231,Birendra,squat,good,squat_good,-8.082825,3.301604,4.711789,-0.138028,-0.002931,-0.001865,-6.806715,8.446744,-5.465962,1.207342,-0.039436,-0.012524
2026-08-19T15:48:36.331956+00:00,294251,Birendra,squat,good,squat_good,-8.166622,3.205836,4.668694,-0.14389,-0.011191,0.003198,-6.897695,9.26556,-4.929661,0.541452,0.090597,-0.118309
2026-08-19T15:48:36.331956+00:00,294271,Birendra,squat,good,squat_good,-8.228871,3.011906,4.663905,-0.127636,-0.026113,-0.001599,-6.361394,7.551312,-4.857835,0.038904,0.26593,-0.294175
2026-08-19T15:48:36.331956+00:00,294291,Birendra,squat,good,squat_good,-8.281544,2.899378,4.599261,-0.080205,-0.044766,-0.021317,-6.981492,6.811504,-3.948039,-0.134031,0.61766,-0.352263
2026-08-19T15:48:36.331956+00:00,294311,Birendra,squat,good,squat_good,-8.310274,2.892196,4.601655,-0.022649,-0.056757,-0.047963,-7.443573,6.291962,-4.177882,-0.114579,0.411951,-0.170802
2026-08-19T15:48:36.331956+00:00,294332,Birendra,squat,good,squat_good,-8.212111,3.055001,4.60405,0.003198,-0.074077,-0.066349,-7.57286,5.377377,-3.955221,-0.027446,0.319755,0.156946
2026-08-19T15:48:36.331956+00:00,294351,Birendra,squat,good,squat_good,-8.116343,3.1795,4.627992,0.013856,-0.084735,-0.065816,-7.524976,6.066907,-4.077325,0.004796,0.056224,0.341338
2026-08-19T15:48:36.331956+00:00,294371,Birendra,squat,good,squat_good,-8.082825,3.320758,4.627992,0.01279,-0.075942,-0.050628,-6.950367,5.300763,-4.149151,-0.081005,0.035706,0.423142
2026-08-19T15:48:36.331956+00:00,294391,Birendra,squat,good,squat_good,-8.087613,3.378219,4.618415,0.001599,-0.063152,-0.037838,-7.07726,5.638345,-4.462792,-0.178796,0.068747,0.449789
2026-08-19T15:48:36.331956+00:00,294412,Birendra,squat,good,squat_good,-8.075643,3.397372,4.644751,-0.013323,-0.053292,-0.028778,-6.916849,5.075707,-4.539406,-0.32162,0.06928,0.603538
2026-08-19T15:48:36.331956+00:00,294432,Birendra,squat,good,squat_good,-8.078036,3.363853,4.616021,-0.027979,-0.046098,-0.022116,-6.871359,5.046977,-4.649539,-0.30057,0.161743,0.838824
2026-08-19T15:48:36.331956+00:00,294451,Birendra,squat,good,squat_good,-8.032547,3.339911,4.565742,-0.036505,-0.023982,-0.011724,-6.457162,5.204995,-4.771644,-0.268861,0.211038,1.17883
2026-08-19T15:48:36.331956+00:00,294471,Birendra,squat,good,squat_good,-8.025364,3.361459,4.565742,-0.04823,-0.00453,0.000266,-6.303933,6.31351,-4.900931,-0.292576,0.407688,1.258502
2026-08-19T15:48:36.331956+00:00,294491,Birendra,squat,good,squat_good,-8.018182,3.363853,4.618415,-0.059421,0.020518,0.005329,-6.677429,7.163452,-5.262455,-0.561703,0.527063,1.337642
2026-08-19T15:48:36.331956+00:00,294512,Birendra,squat,good,squat_good,-8.066066,3.311181,4.589684,-0.073277,0.045299,0.005862,-6.325481,7.094019,-5.473145,-0.776472,0.616328,1.433035
2026-08-19T15:48:36.331956+00:00,294532,Birendra,squat,good,squat_good,-8.145074,3.244143,4.572925,-0.080738,0.058089,0.006662,-6.095637,7.848193,-5.717354,-0.954735,0.841489,1.437565
2026-08-19T15:48:36.331956+00:00,294551,Birendra,squat,good,squat_good,-8.188169,3.1795,4.572925,-0.079939,0.052227,0.003997,-6.454768,8.781932,-5.932832,-1.283816,1.058389,1.408521
2026-08-19T15:48:36.331956+00:00,294571,Birendra,squat,good,squat_good,-8.204929,3.153164,4.548983,-0.073277,0.0437,-0.000799,-6.512228,8.408437,-6.009446,-1.579057,1.17057,1.471406
2026-08-19T15:48:36.331956+00:00,294591,Birendra,squat,good,squat_good,-8.219295,3.153164,4.532224,-0.062352,0.032508,-0.005596,-6.416461,8.030152,-5.676652,-1.690438,1.232389,1.646205
2026-08-19T15:48:36.331956+00:00,294611,Birendra,squat,good,squat_good,-8.279149,3.153164,4.510676,-0.054891,0.011991,-0.013057,-6.212954,7.920019,-5.501875,-1.604371,1.279553,1.816208
2026-08-19T15:48:36.331956+00:00,294632,Birendra,squat,good,squat_good,-8.303091,3.167529,4.501099,-0.049828,-0.01279,-0.023715,-6.023811,8.676587,-5.406107,-1.563069,1.259568,1.992074
2026-08-19T15:48:36.331956+00:00,294651,Birendra,squat,good,squat_good,-8.271967,3.196259,4.496311,-0.040502,-0.030643,-0.034107,-5.422867,8.999804,-5.449203,-1.657397,1.235853,2.140227
2026-08-19T15:48:36.331956+00:00,294671,Birendra,squat,good,squat_good,-8.255207,3.263297,4.503493,-0.036505,-0.039703,-0.037038,-5.042189,9.148245,-4.989516,-1.773041,1.267296,2.237485
2026-08-19T15:48:36.331956+00:00,294691,Birendra,squat,good,squat_good,-8.228871,3.359065,4.52983,-0.043167,-0.039436,-0.030643,-4.36463,8.724471,-4.776433,-1.825801,1.257436,2.328349
2026-08-19T15:48:36.331956+00:00,294711,Birendra,squat,good,squat_good,-8.169016,3.406949,4.527435,-0.060221,-0.045032,-0.019985,-3.871424,8.935161,-5.070919,-1.757587,1.280352,2.407222
2026-08-19T15:48:37.276361+00:00,294733,Birendra,squat,good,squat_good,-8.145074,3.411737,4.508282,-0.081271,-0.047963,-0.011991,-3.96001,9.940725,-4.984728,-1.860974,1.335776,2.458383
2026-08-19T15:48:37.276361+00:00,294751,Birendra,squat,good,squat_good,-8.123527,3.380613,4.493917,-0.100989,-0.046098,-0.004796,-3.131616,9.279925,-4.757279,-2.049096,1.329381,2.656631
2026-08-19T15:48:37.276361+00:00,294771,Birendra,squat,good,squat_good,-8.106767,3.394978,4.522647,-0.120441,-0.042101,-0.001865,-2.248155,8.681376,-3.804387,-2.017121,1.465011,2.764282
2026-08-19T15:48:37.276361+00:00,294792,Birendra,squat,good,squat_good,-8.137892,3.411737,4.508282,-0.137495,-0.035173,0.005329,-1.491588,8.911219,-3.1795,-1.891351,1.617427,2.77041
2026-08-19T15:48:37.276361+00:00,294811,Birendra,squat,good,squat_good,-8.152257,3.385401,4.510676,-0.148686,-0.027979,0.010126,-1.201889,9.49301,-2.681506,-2.011525,1.672052,2.616662
2026-08-19T15:48:37.276361+00:00,294834,Birendra,squat,good,squat_good,-8.149862,3.323152,4.525041,-0.159877,-0.019985,0.011724,-1.170765,10.00537,-2.39899,-2.32755,1.566533,2.380309
2026-08-19T15:48:37.276361+00:00,294853,Birendra,squat,good,squat_good,-8.154651,3.258508,4.448427,-0.162542,-0.014123,0.01279,-0.438139,9.121908,-1.786075,-2.613464,1.407721,2.430937
2026-08-19T15:48:37.276361+00:00,294872,Birendra,squat,good,squat_good,-8.178593,3.217807,4.412514,-0.159877,-0.012257,0.01279,1.010353,7.374141,-0.847547,-2.476502,1.482064,2.549779
2026-08-19T15:48:37.276361+00:00,294892,Birendra,squat,good,squat_good,-8.204929,3.272874,4.436456,-0.151617,-0.018652,0.00906,2.284068,7.230489,-0.203507,-2.123706,1.754655,2.62732
2026-08-19T15:48:37.276361+00:00,294911,Birendra,squat,good,squat_good,-8.188169,3.265691,4.474763,-0.13856,-0.022916,0.00453,2.767697,7.548918,-0.047884,-1.860708,2.084802,2.583354
2026-08-19T15:48:37.276361+00:00,294932,Birendra,squat,good,squat_good,-8.212111,3.248932,4.493917,-0.133498,-0.013856,0.000799,2.885013,7.635109,0.306458,-1.774907,2.313161,2.441596
2026-08-19T15:48:37.276361+00:00,294952,Birendra,squat,good,squat_good,-8.274361,3.246537,4.422091,-0.130833,-0.013856,0.001332,2.5187,7.848193,1.175553,-1.91773,2.434668,2.217501
2026-08-19T15:48:37.276361+00:00,294971,Birendra,squat,good,squat_good,-8.224083,3.189077,4.376601,-0.116711,-0.024515,-0.007994,3.46441,6.684611,2.102109,-2.059755,2.562303,2.030977
2026-08-19T15:48:37.276361+00:00,294991,Birendra,squat,good,squat_good,-8.226477,3.201048,4.402937,-0.096459,-0.029577,-0.018119,3.32794,6.093243,2.602497,-2.002199,2.75842,1.632882
2026-08-19T15:48:37.276361+00:00,295011,Birendra,squat,good,squat_good,-8.202535,3.234566,4.414908,-0.086067,-0.030377,-0.022916,3.251326,6.488286,3.414132,-2.183926,2.85408,1.373081
2026-08-19T15:48:37.276361+00:00,295032,Birendra,squat,good,squat_good,-8.161834,3.311181,4.450821,-0.0866,-0.033041,-0.022649,0.397437,5.959168,4.994305,-2.051495,2.086668,1.228659
2026-08-19T15:48:37.276361+00:00,295051,Birendra,squat,good,squat_good,-8.154651,3.359065,4.431667,-0.09193,-0.032242,-0.018386,3.435679,5.049371,4.764462,-1.828732,1.109017,1.650469
2026-08-19T15:48:37.276361+00:00,295071,Birendra,squat,good,squat_good,-8.135497,3.3447,4.465186,-0.095394,-0.027979,-0.015721,4.608838,5.08289,5.12838,-1.662726,1.250242,1.59238
2026-08-19T15:48:37.276361+00:00,295091,Birendra,squat,good,squat_good,-8.161834,3.287239,4.450821,-0.093795,-0.02185,-0.014123,4.029441,4.175488,5.956774,-1.304334,1.225994,1.620358
2026-08-19T15:48:37.276361+00:00,295111,Birendra,squat,good,squat_good,-8.188169,3.268085,4.465186,-0.089798,-0.020784,-0.015455,4.594473,5.166687,5.896919,-1.048796,1.176698,1.494055
2026-08-19T15:48:37.276361+00:00,295132,Birendra,squat,good,squat_good,-8.171411,3.260903,4.469975,-0.081804,-0.018652,-0.018652,4.987122,5.463568,5.8634,-1.160711,1.288879,1.210806
2026-08-19T15:48:37.276361+00:00,295152,Birendra,squat,good,squat_good,-8.176199,3.260903,4.479551,-0.074077,-0.017587,-0.02185,4.321534,4.994305,6.646304,-1.246778,1.450888,0.812711
2026-08-19T15:48:37.276361+00:00,295171,Birendra,squat,good,squat_good,-8.195353,3.270479,4.469975,-0.068481,-0.022649,-0.019185,2.995146,5.521029,6.938396,-1.062386,0.761816,0.80525
2026-08-19T15:48:37.276361+00:00,295191,Birendra,squat,good,squat_good,-8.195353,3.265691,4.498705,-0.063951,-0.027446,-0.017054,4.967968,6.256049,6.311116,-1.121274,0.381041,1.064784
2026-08-19T15:48:37.276361+00:00,295211,Birendra,squat,good,squat_good,-8.231265,3.280056,4.491522,-0.063152,-0.041835,-0.019452,5.726931,5.164293,6.368577,-1.006962,0.590214,1.277688
2026-08-19T15:48:37.276361+00:00,295232,Birendra,squat,good,squat_good,-8.214506,3.311181,4.517859,-0.064484,-0.045565,-0.018919,5.214571,6.706159,5.973533,-0.842021,0.792459,1.455152
2026-08-19T15:48:37.276361+00:00,295252,Birendra,squat,good,squat_good,-8.231265,3.315969,4.544195,-0.065816,-0.049562,-0.015188,4.958392,7.876924,5.702989,-1.093029,0.747161,1.614496
2026-08-19T15:48:37.276361+00:00,295271,Birendra,squat,good,squat_good,-8.212111,3.359065,4.546589,-0.07381,-0.057556,-0.013323,4.958392,7.989451,5.719748,-1.466609,0.601672,1.832729
2026-08-19T15:48:37.276361+00:00,295291,Birendra,squat,good,squat_good,-8.204929,3.387795,4.572925,-0.09113,-0.059688,-0.009593,5.535394,5.801151,7.445967,-1.842055,0.557972,2.125838
2026-08-19T15:48:37.276361+00:00,295311,Birendra,squat,good,squat_good,-8.221688,3.392584,4.577713,-0.116711,-0.065017,-0.003198,5.712565,1.572991,9.354146,-1.785299,0.617394,2.165807
2026-08-19T15:48:37.276361+00:00,295332,Birendra,squat,good,squat_good,-8.209718,3.347094,4.570531,-0.135629,-0.069547,0.005596,4.99191,-1.247379,10.84095,-1.471939,0.560104,1.753057
2026-08-19T15:48:37.276361+00:00,295352,Birendra,squat,good,squat_good,-8.197746,3.227384,4.510676,-0.136962,-0.068214,0.008793,4.496311,-5.159505,11.80581,-1.113014,0.154282,0.748227
2026-08-19T15:48:37.276361+00:00,295371,Birendra,squat,good,squat_good,-8.192958,3.05979,4.532224,-0.110582,-0.070613,-0.003997,3.462016,-3.780444,11.315,-0.522,-0.335476,-0.354928
2026-08-19T15:48:37.276361+00:00,295391,Birendra,squat,good,squat_good,-8.173804,2.973598,4.55856,-0.069014,-0.072744,-0.03091,4.702212,-1.326388,9.981427,-0.187856,-0.744496,-0.99124
2026-08-19T15:48:37.276361+00:00,295411,Birendra,squat,good,squat_good,-8.123527,3.040636,4.627992,-0.036505,-0.073011,-0.053026,5.11162,1.604115,7.678205,0.270726,-0.562769,-1.206542
2026-08-19T15:48:37.276361+00:00,295431,Birendra,squat,good,squat_good,-8.082825,3.1795,4.647145,-0.030643,-0.083403,-0.05649,4.874595,5.674258,6.892907,0.376245,-0.4354,-0.912634
2026-08-19T15:48:37.276361+00:00,295452,Birendra,squat,good,squat_good,-8.046912,3.387795,4.616021,-0.051694,-0.087933,-0.039969,6.385336,4.845864,6.900089,0.260867,-0.229424,-0.493755
2026-08-19T15:48:37.276361+00:00,295471,Birendra,squat,good,squat_good,-8.080431,3.560178,4.548983,-0.09193,-0.077541,-0.011458,6.43322,3.849876,8.111555,0.398361,-0.01359,-0.255804
2026-08-19T15:48:37.276361+00:00,295491,Birendra,squat,good,squat_good,-8.145074,3.61285,4.534618,-0.135896,-0.066882,0.015988,6.421249,2.667141,8.882488,0.629384,0.016521,-0.205443
2026-08-19T15:48:37.276361+00:00,295511,Birendra,squat,good,squat_good,-8.257602,3.519476,4.51307,-0.166273,-0.070346,0.026646,5.185841,2.566584,9.325416,0.760484,-0.057556,-0.445259
2026-08-19T15:48:37.276361+00:00,295531,Birendra,squat,good,squat_good,-8.231265,3.284845,4.515464,-0.171069,-0.068481,0.026913,4.422091,1.912967,9.600749,0.750092,-0.390368,-0.811645
2026-08-19T15:48:37.276361+00:00,295551,Birendra,squat,good,squat_good,-8.221688,3.086126,4.496311,-0.162009,-0.06555,0.019985,4.110844,1.103727,9.572019,0.803384,-0.676548,-1.219599
2026-08-19T15:48:37.276361+00:00,295571,Birendra,squat,good,squat_good,-8.169016,3.052607,4.479551,-0.149752,-0.070879,0.011724,4.209007,1.118092,9.074024,0.999501,-0.911035,-1.601439
2026-08-19T15:48:37.276361+00:00,295591,Birendra,squat,good,squat_good,-8.094796,3.13401,4.493917,-0.12657,-0.086334,0.002665,4.611232,1.956063,8.140285,1.208141,-1.125538,-1.887887
2026-08-19T15:48:37.276361+00:00,295611,Birendra,squat,good,squat_good,-8.109161,3.246537,4.560954,-0.10845,-0.087933,-0.003997,4.48434,2.928109,7.465121,1.360291,-1.142058,-2.160478
2026-08-19T15:48:37.276361+00:00,295631,Birendra,squat,good,squat_good,-8.066066,3.318364,4.594473,-0.10845,-0.07008,-0.006662,4.074931,3.399766,6.818686,1.513773,-1.303801,-2.290245
2026-08-19T15:48:37.276361+00:00,295652,Birendra,squat,good,squat_good,-8.094796,3.315969,4.606444,-0.117243,-0.054891,-0.001066,4.335899,4.115633,5.987898,1.686175,-1.308064,-2.429072
2026-08-19T15:48:37.276361+00:00,295671,Birendra,squat,good,squat_good,-8.109161,3.251326,4.537012,-0.120708,-0.054092,0.002398,4.029441,5.044583,5.307945,1.823936,-1.263299,-2.503415
2026-08-19T15:48:37.276361+00:00,295691,Birendra,squat,good,squat_good,-8.121132,3.189077,4.517859,-0.102855,-0.050361,-0.004263,3.718195,5.734113,4.845864,1.880692,-1.277954,-2.523933
2026-08-19T15:48:37.276361+00:00,295711,Birendra,squat,good,squat_good,-8.171411,3.229778,4.508282,-0.085268,-0.05196,-0.011458,3.665523,5.959168,4.096479,1.943844,-1.250775,-2.536456
2026-08-19T15:48:38.290755+00:00,295733,Birendra,squat,good,squat_good,-8.176199,3.323152,4.493917,-0.078606,-0.060753,-0.014123,3.057395,7.062895,3.593697,2.029645,-1.142325,-2.569764
2026-08-19T15:48:38.290755+00:00,295751,Birendra,squat,good,squat_good,-8.137892,3.37343,4.493917,-0.07834,-0.075675,-0.018386,2.837129,7.651869,3.215413,2.038438,-1.199348,-2.563369
2026-08-19T15:48:38.290755+00:00,295772,Birendra,squat,good,squat_good,-8.14268,3.404555,4.52983,-0.074609,-0.074343,-0.021583,2.542642,7.620744,3.177106,1.981948,-1.173234,-2.571629
2026-08-19T15:48:38.290755+00:00,295791,Birendra,squat,good,squat_good,5.085284,-117.2393,16.54872,-0.750279,0.272442,0.0,2.650381,7.623138,2.284068,2.078407,-1.107951,-2.600141
2026-08-19T15:48:38.290755+00:00,295810,Birendra,squat,good,squat_good,5.300763,-117.2393,16.54872,-0.750279,0.272442,0.0,2.106898,8.341399,1.984793,2.088799,-1.060787,-2.531127
2026-08-19T15:48:38.290755+00:00,295830,Birendra,squat,good,squat_good,4.213795,-117.2393,16.54872,-0.750279,0.272442,0.0,1.747767,8.640674,1.601721,2.113314,-1.058389,-2.530328
2026-08-19T15:48:38.290755+00:00,295849,Birendra,squat,good,squat_good,3.495534,-117.2393,16.54872,-0.750279,0.272442,0.0,0.967257,9.5385,0.648829,2.122107,-1.025614,-2.561504
2026-08-19T15:48:38.290755+00:00,295872,Birendra,squat,good,squat_good,-8.051701,3.361459,4.63278,-0.112181,-0.01359,0.001865,-0.110133,9.710882,0.244209,2.001666,-1.099424,-2.385639
2026-08-19T15:48:38.290755+00:00,295891,Birendra,squat,good,squat_good,-8.094796,3.325546,4.58729,-0.120441,-0.017587,0.002665,0.146046,9.43076,-0.339977,2.077342,-1.026946,-2.19192
2026-08-19T15:48:38.290755+00:00,295911,Birendra,squat,good,squat_good,-8.116343,3.268085,4.584896,-0.118576,-0.019185,-0.001865,0.220267,10.08677,-1.063026,2.099458,-0.817773,-1.98781
2026-08-19T15:48:38.290755+00:00,295932,Birendra,squat,good,squat_good,-8.135497,3.22499,4.556166,-0.107917,-0.005063,-0.000533,-0.799663,10.55843,-1.146823,1.977418,-0.751158,-1.993139
2026-08-19T15:48:38.290755+00:00,295952,Birendra,squat,good,squat_good,-8.157045,3.313575,4.592079,-0.112181,-0.001865,0.003997,-0.656011,10.13226,-1.149217,1.896147,-0.622989,-2.098659
2026-08-19T15:48:38.290755+00:00,295972,Birendra,squat,good,squat_good,-8.164227,3.292027,4.575319,-0.118842,-0.00373,0.010392,-2.260126,10.51773,-1.414973,1.713354,-0.788995,-1.971289
2026-08-19T15:48:38.290755+00:00,295991,Birendra,squat,good,squat_good,-8.180987,3.260903,4.582502,-0.119642,-0.001599,0.010126,-0.802058,9.548077,-2.659958,1.637146,-0.875329,-1.806882
2026-08-19T15:48:38.290755+00:00,296011,Birendra,squat,good,squat_good,-8.164227,3.222595,4.575319,-0.116711,-0.004796,0.00373,-2.025495,10.59434,-2.616863,1.569198,-0.459381,-1.843654
2026-08-19T15:48:38.290755+00:00,296031,Birendra,squat,good,squat_good,-8.147469,3.229778,4.563348,-0.110848,-0.005063,0.001066,-2.786851,8.92319,-1.810017,1.518836,-0.441795,-1.519636
2026-08-19T15:48:38.290755+00:00,296052,Birendra,squat,good,squat_good,-8.137892,3.28245,4.584896,-0.107651,-0.007194,-0.001332,-2.305616,8.662222,-1.716643,1.733338,-0.373314,-1.556141
2026-08-19T15:48:38.290755+00:00,296072,Birendra,squat,good,squat_good,-8.166622,3.272874,4.616021,-0.109783,-0.013856,0.000266,-2.746149,9.962274,-2.786851,1.68724,-0.430603,-1.896413
2026-08-19T15:48:38.290755+00:00,296091,Birendra,squat,good,squat_good,-8.140285,3.260903,4.60405,-0.108717,-0.013057,0.001332,-4.570531,9.768343,-3.232172,1.255305,-0.873197,-1.796757
2026-08-19T15:48:38.290755+00:00,296111,Birendra,squat,good,squat_good,-8.159439,3.181894,4.577713,-0.103121,-0.006662,-0.001332,-3.82354,8.633492,-3.045424,0.996037,-1.32725,-1.414383
2026-08-19T15:48:38.290755+00:00,296131,Birendra,squat,good,squat_good,-8.161834,3.203442,4.553771,-0.092729,-0.009859,-0.00826,-3.517082,6.397307,-3.019088,1.225194,-0.997369,-1.285415
2026-08-19T15:48:38.290755+00:00,296151,Birendra,squat,good,squat_good,-8.152257,3.248932,4.577713,-0.084735,-0.019452,-0.015721,-3.955221,7.117962,-3.785233,1.650202,-0.608334,-1.582254
2026-08-19T15:48:38.290755+00:00,296172,Birendra,squat,good,squat_good,-8.130709,3.284845,4.601655,-0.083136,-0.019985,-0.020784,-4.623203,8.331821,-3.909731,1.570796,-0.517204,-1.849516
2026-08-19T15:48:38.290755+00:00,296191,Birendra,squat,good,squat_good,-8.101978,3.320758,4.596867,-0.085002,-0.011991,-0.019718,-6.272809,8.274361,-4.189853,1.356827,-0.824701,-1.864704
2026-08-19T15:48:38.290755+00:00,296211,Birendra,squat,good,squat_good,-8.101978,3.313575,4.608838,-0.088466,0.00373,-0.017853,-7.491457,7.422025,-3.414132,1.321387,-1.576658,-1.37921
2026-08-19T15:48:38.290755+00:00,296231,Birendra,squat,good,squat_good,-8.130709,3.311181,4.606444,-0.096992,0.010658,-0.01279,-6.828263,5.753267,-3.531447,1.639544,-2.103988,-0.738368
2026-08-19T15:48:38.290755+00:00,296251,Birendra,squat,good,squat_good,-8.169016,3.241749,4.565742,-0.11298,-0.00906,-0.010658,-5.360618,6.411672,-4.955997,1.972355,-2.044833,-0.69973
2026-08-19T15:48:38.290755+00:00,296272,Birendra,squat,good,squat_good,-8.183381,3.229778,4.563348,-0.116444,-0.038104,-0.013323,-5.334281,7.989451,-4.649539,1.708291,-1.577458,-1.136462
2026-08-19T15:48:38.290755+00:00,296291,Birendra,squat,good,squat_good,-8.185776,3.229778,4.577713,-0.112714,-0.038904,-0.017054,-5.837064,6.777985,-4.07972,1.210273,-1.140726,-1.390401
2026-08-19T15:48:38.290755+00:00,296311,Birendra,squat,good,squat_good,-8.161834,3.256114,4.60405,-0.107917,-0.032775,-0.019185,-6.600814,5.509058,-3.77805,1.106352,-0.799387,-1.621158
2026-08-19T15:48:38.290755+00:00,296331,Birendra,squat,good,squat_good,-8.137892,3.251326,4.625597,-0.109783,-0.03011,-0.022649,-7.778761,5.556942,-3.79481,1.168172,-0.742364,-1.68724
2026-08-19T15:48:38.290755+00:00,296351,Birendra,squat,good,squat_good,-8.133103,3.280056,4.577713,-0.118576,-0.035706,-0.022383,-8.238448,5.81791,-3.912126,1.10955,-0.935283,-1.573994
2026-08-19T15:48:38.290755+00:00,296372,Birendra,squat,good,squat_good,-8.130709,3.268085,4.532224,-0.121773,-0.036772,-0.018652,-8.200141,5.516241,-3.873818,0.980848,-1.043467,-1.528962
2026-08-19T15:48:38.290755+00:00,296391,Birendra,squat,good,squat_good,-8.140285,3.265691,4.568137,-0.119375,-0.02638,-0.015455,-8.439561,4.979939,-3.536236,0.882257,-1.110349,-1.464211
2026-08-19T15:48:38.290755+00:00,296411,Birendra,squat,good,squat_good,-8.118738,3.234566,4.532224,-0.115911,-0.011191,-0.011724,-7.814674,3.902549,-3.263297,0.915832,-1.118876,-1.245712
2026-08-19T15:48:38.290755+00:00,296431,Birendra,squat,good,squat_good,-8.169016,3.186682,4.572925,-0.108717,-0.006395,-0.006395,-7.369353,3.737349,-3.670311,1.028545,-0.520934,-1.207075
2026-08-19T15:48:38.290755+00:00,296451,Birendra,squat,good,squat_good,-8.173804,3.210624,4.577713,-0.091397,-0.009593,-0.007194,-9.167398,4.357447,-3.742137,1.073844,-0.580622,-1.053593
2026-08-19T15:48:38.290755+00:00,296472,Birendra,squat,good,squat_good,-8.178593,3.248932,4.702212,-0.083936,-0.025314,-0.013323,-6.988675,3.864242,-4.007894,1.071979,-0.433534,-0.534524
2026-08-19T15:48:38.290755+00:00,296491,Birendra,squat,good,squat_good,-8.11395,3.320758,4.680665,-0.104986,-0.043433,-0.016521,-8.331821,5.418078,-3.825934,1.07864,0.048763,-0.658429
2026-08-19T15:48:38.290755+00:00,296511,Birendra,squat,good,squat_good,-8.104373,3.394978,4.644751,-0.145489,-0.060753,-0.012257,-8.882488,6.081272,-3.768473,0.66589,-0.242214,-0.446858
2026-08-19T15:48:38.290755+00:00,296531,Birendra,squat,good,squat_good,-8.169016,3.361459,4.594473,-0.164141,-0.081005,-0.010658,-7.235278,3.813963,-4.448427,0.495354,-0.253672,-0.319755
2026-08-19T15:48:38.290755+00:00,296551,Birendra,squat,good,squat_good,-8.200141,3.301604,4.613626,-0.155348,-0.105519,-0.016521,-8.348581,3.756502,-4.314352,0.59128,0.015188,-0.202245
2026-08-19T15:48:38.290755+00:00,296572,Birendra,squat,good,squat_good,-8.161834,3.236961,4.639963,-0.140426,-0.116444,-0.023982,-7.795521,5.178658,-5.123591,0.603271,-0.191054,0.039436
2026-08-19T15:48:38.290755+00:00,296591,Birendra,squat,good,squat_good,-8.137892,3.232172,4.683059,-0.132165,-0.116711,-0.031975,-7.228095,6.619968,-5.341464,0.16041,0.041568,-0.023182
2026-08-19T15:48:38.290755+00:00,296611,Birendra,squat,good,squat_good,-8.128315,3.246537,4.704607,-0.133231,-0.132165,-0.03917,-8.439561,6.423643,-4.831499,-0.403691,-0.029044,-0.031443
2026-08-19T15:48:38.290755+00:00,296631,Birendra,squat,good,squat_good,-8.06846,3.294421,4.685453,-0.129501,-0.14389,-0.043966,-7.304709,4.173094,-4.884171,-0.513473,-0.071678,0.26593
2026-08-19T15:48:38.290755+00:00,296651,Birendra,squat,good,squat_good,-8.070854,3.306392,4.730943,-0.119642,-0.142557,-0.046098,-6.859388,3.665523,-4.81474,-0.186257,0.294441,0.506812
2026-08-19T15:48:38.290755+00:00,296672,Birendra,squat,good,squat_good,-8.034941,3.20823,4.680665,-0.100456,-0.124971,-0.049828,-7.807492,5.200206,-4.786009,0.069547,0.607268,0.821237
2026-08-19T15:48:38.290755+00:00,296691,Birendra,squat,good,squat_good,-8.015787,3.148375,4.671088,-0.077541,-0.107917,-0.049029,-8.492233,6.878541,-4.711789,-0.076475,0.658695,1.066649
2026-08-19T15:48:38.290755+00:00,296711,Birendra,squat,good,squat_good,-8.073248,3.126827,4.742914,-0.050628,-0.09939,-0.046364,-9.174581,7.958326,-4.654328,-0.467908,0.622723,1.125538
2026-08-19T15:48:39.581379+00:00,296732,Birendra,squat,good,squat_good,-8.11395,3.153164,4.754885,-0.023182,-0.094328,-0.053559,-8.767567,8.121132,-4.836287,-0.985645,0.478034,1.308597
2026-08-19T15:48:39.581379+00:00,296751,Birendra,squat,good,squat_good,-8.06846,3.16274,4.778827,0.002132,-0.076741,-0.055424,-7.8865,7.28795,-4.795586,-1.389868,0.6086,1.403991
2026-08-19T15:48:39.581379+00:00,296771,Birendra,squat,good,squat_good,-8.044518,3.215413,4.795586,0.009593,-0.058622,-0.043433,-8.286332,6.519411,-4.924873,-1.502049,0.938481,1.461813
2026-08-19T15:48:39.581379+00:00,296792,Birendra,squat,good,squat_good,-8.00621,3.222595,4.747702,0.005596,-0.038904,-0.029044,-8.66701,6.787562,-5.178658,-1.499118,1.040269,1.669121
2026-08-19T15:48:39.581379+00:00,296813,Birendra,squat,good,squat_good,-8.06846,3.234566,4.747702,-0.002931,-0.029844,-0.020251,-8.350976,7.189788,-5.71496,-1.507378,1.131133,1.989675
2026-08-19T15:48:39.581379+00:00,296832,Birendra,squat,good,squat_good,-8.061277,3.289633,4.668694,-0.010126,-0.022649,-0.018386,-8.506598,7.953538,-5.971139,-1.605969,1.231323,2.129035
2026-08-19T15:48:39.581379+00:00,296852,Birendra,squat,good,squat_good,-8.073248,3.332729,4.711789,-0.019452,-0.002931,-0.011724,-8.623915,8.202535,-5.987898,-1.790361,1.15325,2.422677
2026-08-19T15:48:39.581379+00:00,296871,Birendra,squat,good,squat_good,-8.101978,3.3447,4.697424,-0.027979,0.006928,-0.003464,-7.790732,7.680599,-6.145916,-1.912401,1.14419,2.751758
2026-08-19T15:48:39.581379+00:00,296891,Birendra,squat,good,squat_good,-8.066066,3.356671,4.666299,-0.042634,0.011724,0.004263,-7.309498,7.82904,-6.117185,-1.895614,1.284882,2.87966
2026-08-19T15:48:39.581379+00:00,296912,Birendra,squat,good,squat_good,-8.056489,3.383007,4.692636,-0.058888,0.022116,0.013856,-7.319075,8.607155,-5.746084,-1.992873,1.346168,3.043801
2026-08-19T15:48:39.581379+00:00,296931,Birendra,squat,good,squat_good,-8.034941,3.392584,4.661511,-0.083669,0.029311,0.017587,-5.968745,7.800309,-5.657499,-1.973155,1.316058,3.375014
2026-08-19T15:48:39.581379+00:00,296951,Birendra,squat,good,squat_good,-8.061277,3.363853,4.654328,-0.10392,0.038371,0.019985,-4.982334,7.884106,-5.114015,-1.834861,1.509243,3.514107
2026-08-19T15:48:39.581379+00:00,296972,Birendra,squat,good,squat_good,-8.09719,3.332729,4.592079,-0.113247,0.039436,0.020518,-4.707001,9.315839,-4.711789,-1.888153,1.674717,3.358227
2026-08-19T15:48:39.581379+00:00,296992,Birendra,squat,good,squat_good,-8.161834,3.301604,4.577713,-0.117776,0.03464,0.019452,-4.039018,9.416395,-4.51307,-2.227626,1.651268,3.171437
2026-08-19T15:48:39.581379+00:00,297011,Birendra,squat,good,squat_good,-8.14268,3.29921,4.544195,-0.115112,0.027979,0.015188,-3.32794,8.240842,-3.476381,-2.467709,1.587583,3.123739
2026-08-19T15:48:39.581379+00:00,297031,Birendra,squat,good,squat_good,-8.118738,3.284845,4.560954,-0.107651,0.028245,0.010658,-2.358289,8.324639,-2.715025,-2.431737,1.549479,2.995038
2026-08-19T15:48:39.581379+00:00,297051,Birendra,squat,good,squat_good,-8.140285,3.294421,4.546589,-0.114579,0.031443,0.007461,-1.82917,9.021352,-2.454057,-2.565234,1.527896,2.779204
2026-08-19T15:48:39.581379+00:00,297072,Birendra,squat,good,squat_good,-8.154651,3.268085,4.520253,-0.116711,0.019985,0.006662,-1.642422,8.310274,-1.889025,-2.724312,1.460214,2.722181
2026-08-19T15:48:39.581379+00:00,297092,Birendra,squat,good,squat_good,-8.116343,3.25372,4.510676,-0.11298,0.005596,0.0,-0.246603,6.952762,-0.916979,-2.550312,1.416248,2.863139
2026-08-19T15:48:39.581379+00:00,297111,Birendra,squat,good,squat_good,-8.173804,3.272874,4.510676,-0.102855,0.010925,-0.005063,1.328782,6.991069,-0.454898,-2.1309,1.642475,2.85328
2026-08-19T15:48:39.581379+00:00,297131,Birendra,squat,good,squat_good,-8.185776,3.284845,4.556166,-0.097792,0.003198,-0.003464,1.467646,7.936779,-0.153229,-1.940113,1.936649,2.763216
2026-08-19T15:48:39.581379+00:00,297151,Birendra,squat,good,squat_good,-8.180987,3.320758,4.5418,-0.094594,-0.001599,-0.001599,1.649605,7.625533,0.426168,-1.931054,2.072812,2.572429
2026-08-19T15:48:39.581379+00:00,297171,Birendra,squat,good,squat_good,-8.164227,3.339911,4.553771,-0.101256,-0.005862,-0.00373,1.896208,7.8865,0.948104,-1.939047,2.170603,2.326217
2026-08-19T15:48:39.581379+00:00,297192,Birendra,squat,good,squat_good,-8.207323,3.287239,4.539406,-0.102322,-0.010925,-0.001865,2.542642,6.840234,1.491588,-2.008328,2.200714,2.230291
2026-08-19T15:48:39.581379+00:00,297211,Birendra,squat,good,squat_good,-8.23366,3.25372,4.508282,-0.094328,-0.018386,0.001066,3.615245,7.046135,1.343147,-1.986478,2.477835,1.914799
2026-08-19T15:48:39.581379+00:00,297231,Birendra,squat,good,squat_good,-8.192958,3.25372,4.510676,-0.0874,-0.025047,-0.001332,3.184288,7.359776,1.881842,-2.200181,2.870334,1.512974
2026-08-19T15:48:39.581379+00:00,297251,Birendra,squat,good,squat_good,-8.14268,3.29921,4.510676,-0.09113,-0.029311,-0.007461,2.624045,6.291962,2.875436,-2.489293,2.955069,1.412251
2026-08-19T15:48:39.581379+00:00,297271,Birendra,squat,good,squat_good,-8.106767,3.342306,4.508282,-0.096193,-0.030377,-0.006662,0.869095,4.728549,5.169082,-2.268395,2.155149,1.465011
2026-08-19T15:48:39.581379+00:00,297292,Birendra,squat,good,squat_good,-8.140285,3.351882,4.534618,-0.097792,-0.033308,-0.006129,2.633622,4.948815,4.982334,-1.650735,1.168971,1.604904
2026-08-19T15:48:39.581379+00:00,297311,Birendra,squat,good,squat_good,-8.135497,3.342306,4.572925,-0.101522,-0.033841,-0.006662,3.754108,5.911284,4.862624,-1.652867,0.889185,1.709357
2026-08-19T15:48:39.581379+00:00,297331,Birendra,squat,good,squat_good,-8.147469,3.339911,4.55856,-0.108983,-0.029844,-0.001865,4.027047,4.757279,5.123591,-1.657663,0.882524,1.506579
2026-08-19T15:48:39.581379+00:00,297351,Birendra,squat,good,squat_good,-8.12592,3.301604,4.553771,-0.110049,-0.02638,0.002132,3.842694,4.776433,5.473145,-1.45302,0.758885,1.311528
2026-08-19T15:48:39.581379+00:00,297371,Birendra,squat,good,squat_good,-8.140285,3.270479,4.510676,-0.105519,-0.024515,0.002398,4.51307,4.424485,5.882554,-1.306199,0.670953,1.108484
2026-08-19T15:48:39.581379+00:00,297392,Birendra,squat,good,squat_good,-8.147469,3.263297,4.5418,-0.101522,-0.026646,0.001599,4.685453,4.211401,6.081272,-1.068781,0.689338,1.002965
2026-08-19T15:48:39.581379+00:00,297411,Birendra,squat,good,squat_good,-8.12592,3.272874,4.565742,-0.10019,-0.027979,-0.002665,4.687847,4.982334,6.090849,-0.835893,0.751424,0.971256
2026-08-19T15:48:39.581379+00:00,297431,Birendra,squat,good,squat_good,-8.14268,3.294421,4.525041,-0.100723,-0.025047,-0.00826,4.702212,5.755661,5.849035,-0.799654,0.702928,1.008827
2026-08-19T15:48:39.581379+00:00,297451,Birendra,squat,good,squat_good,-8.154651,3.289633,4.544195,-0.099923,-0.027979,-0.008527,4.568137,6.351817,5.966351,-0.969657,0.542251,1.120741
2026-08-19T15:48:39.581379+00:00,297471,Birendra,squat,good,squat_good,-8.154651,3.29921,4.563348,-0.10019,-0.033041,-0.007727,5.288792,5.990293,6.131551,-1.029611,0.601406,1.351498
2026-08-19T15:48:39.581379+00:00,297492,Birendra,squat,good,squat_good,-8.164227,3.320758,4.553771,-0.102322,-0.03917,-0.007727,5.758055,5.734113,6.454768,-0.974986,0.752757,1.687773
2026-08-19T15:48:39.581379+00:00,297511,Birendra,squat,good,squat_good,-8.159439,3.323152,4.560954,-0.107917,-0.040236,-0.006928,5.530606,6.078878,6.727707,-0.990974,0.948074,1.972355
2026-08-19T15:48:39.581379+00:00,297531,Birendra,squat,good,squat_good,-8.169016,3.294421,4.534618,-0.115112,-0.043167,-0.00373,5.612009,4.050989,7.728483,-1.058389,0.937415,2.147421
2026-08-19T15:48:39.581379+00:00,297551,Birendra,squat,good,squat_good,-8.195353,3.284845,4.539406,-0.115378,-0.048763,-0.00453,4.534618,2.102109,9.701305,-1.01309,0.971256,1.981415
2026-08-19T15:48:39.581379+00:00,297571,Birendra,squat,good,squat_good,-8.185776,3.277662,4.51307,-0.108184,-0.049562,-0.006395,2.904167,-0.004788,11.29345,-0.832162,0.650701,1.446625
2026-08-19T15:48:39.581379+00:00,297592,Birendra,squat,good,squat_good,-8.157045,3.215413,4.510676,-0.10019,-0.049562,-0.009593,3.136404,-1.443704,11.72201,-0.609933,0.031443,0.783133
2026-08-19T15:48:39.581379+00:00,297611,Birendra,squat,good,squat_good,-8.149862,3.143587,4.534618,-0.085268,-0.056757,-0.017587,4.481946,-2.545036,10.99896,-0.266462,-0.436199,0.044499
2026-08-19T15:48:39.581379+00:00,297631,Birendra,squat,good,squat_good,-8.197746,3.131616,4.563348,-0.066083,-0.076475,-0.031709,4.60405,-2.059013,10.18254,0.270193,-0.579822,-0.609133
2026-08-19T15:48:39.581379+00:00,297651,Birendra,squat,good,squat_good,-8.171411,3.165135,4.618415,-0.0437,-0.08287,-0.043966,4.527435,0.373495,8.698134,0.767945,-0.676548,-1.064518
2026-08-19T15:48:39.581379+00:00,297671,Birendra,squat,good,squat_good,-8.128315,3.28245,4.572925,-0.040236,-0.085268,-0.046897,4.613626,3.98874,7.491457,0.860141,-0.744763,-1.262766
2026-08-19T15:48:39.581379+00:00,297692,Birendra,squat,good,squat_good,-8.070854,3.383007,4.620809,-0.045299,-0.084735,-0.041035,5.212177,4.501099,7.704541,0.640309,-0.847884,-1.263832
2026-08-19T15:48:39.581379+00:00,297712,Birendra,squat,good,squat_good,-8.054094,3.483563,4.637568,-0.063152,-0.07834,-0.028511,5.533,3.3447,8.032547,0.733038,-0.780735,-1.299005
2026-08-19T15:48:40.565640+00:00,297732,Birendra,squat,good,squat_good,-8.12592,3.541024,4.577713,-0.098325,-0.074077,-0.011724,5.549759,3.040636,7.90326,0.950738,-0.707991,-1.37095
2026-08-19T15:48:40.565640+00:00,297751,Birendra,squat,good,squat_good,-8.166622,3.438074,4.505888,-0.119908,-0.07381,-0.001332,4.900931,3.0143,7.642292,1.107951,-0.783133,-1.579589
2026-08-19T15:48:40.565640+00:00,297771,Birendra,squat,good,squat_good,-8.178593,3.32794,4.51307,-0.113513,-0.072744,-0.006129,4.376601,3.533842,7.671022,1.130334,-1.032542,-1.762383
2026-08-19T15:48:40.565640+00:00,297792,Birendra,squat,good,squat_good,-8.130709,3.268085,4.563348,-0.098858,-0.058622,-0.011991,4.472369,3.711013,7.484274,1.159378,-1.284349,-1.920395
2026-08-19T15:48:40.565640+00:00,297812,Birendra,squat,good,squat_good,-8.063671,3.268085,4.611232,-0.102055,-0.053559,-0.009593,4.663905,3.620033,7.264008,1.294741,-1.341106,-2.060288
2026-08-19T15:48:40.565640+00:00,297831,Birendra,squat,good,squat_good,-8.066066,3.318364,4.627992,-0.113247,-0.062352,-0.00373,4.292804,4.362236,6.538565,1.494588,-1.3483,-2.198049
2026-08-19T15:48:40.565640+00:00,297851,Birendra,squat,good,squat_good,-8.02297,3.32794,4.647145,-0.115378,-0.06555,-0.006662,4.15394,5.609614,5.825093,1.625421,-1.384273,-2.259069
2026-08-19T15:48:40.565640+00:00,297871,Birendra,squat,good,squat_good,-8.056489,3.258508,4.685453,-0.112714,-0.045032,-0.006928,4.230555,6.246472,5.535394,1.625155,-1.376545,-2.308631
2026-08-19T15:48:40.565640+00:00,297892,Birendra,squat,good,squat_good,-8.121132,3.193865,4.596867,-0.108184,-0.035706,-0.004796,3.94325,6.042965,5.042189,1.734937,-1.322453,-2.361124
2026-08-19T15:48:40.565640+00:00,297912,Birendra,squat,good,squat_good,-8.133103,3.232172,4.635174,-0.095394,-0.031709,-0.00826,3.701436,7.328651,4.012682,1.888686,-1.273158,-2.404025
2026-08-19T15:48:40.565640+00:00,297931,Birendra,squat,good,squat_good,-8.123527,3.239355,4.60405,-0.079406,-0.02638,-0.012524,3.330335,8.39886,3.462016,1.788496,-1.247577,-2.460515
2026-08-19T15:48:40.565640+00:00,297951,Birendra,squat,good,squat_good,-8.130709,3.287239,4.613626,-0.068747,-0.020518,-0.01279,2.796427,8.169016,3.246537,1.682711,-1.264364,-2.522067
2026-08-19T15:48:40.565640+00:00,297972,Birendra,squat,good,squat_good,-8.137892,3.301604,4.601655,-0.070346,-0.020784,-0.008527,2.298434,8.372523,2.808398,1.706159,-1.254239,-2.456784
2026-08-19T15:48:40.565640+00:00,297991,Birendra,squat,good,squat_good,-8.140285,3.320758,4.589684,-0.074609,-0.028511,-0.007994,2.626439,8.597578,1.87466,1.822337,-1.145789,-2.317957
2026-08-19T15:48:40.565640+00:00,298014,Birendra,squat,good,squat_good,-8.133103,3.356671,4.589684,-0.083669,-0.036505,-0.020518,1.807622,9.588778,1.537078,1.823936,-0.991773,-2.213504
2026-08-19T15:48:40.565640+00:00,298031,Birendra,squat,good,squat_good,-8.14268,3.387795,4.618415,-0.098858,-0.051161,-0.011991,1.793257,10.05086,0.59855,1.774907,-1.002165,-2.196983
2026-08-19T15:48:40.565640+00:00,298051,Birendra,squat,good,squat_good,-8.121132,3.380613,4.625597,-0.110049,-0.061819,-0.009593,0.78051,10.30704,0.905008,1.526297,-0.983513,-2.18366
2026-08-19T15:48:40.565640+00:00,298072,Birendra,squat,good,squat_good,-8.06846,3.354277,4.620809,-0.115911,-0.05276,-0.003997,0.814029,9.109938,0.988805,1.526297,-0.960331,-2.070147
2026-08-19T15:48:40.565640+00:00,298091,Birendra,squat,good,squat_good,-8.054094,3.323152,4.599261,-0.118842,-0.034374,0.000266,0.653617,9.028535,0.37589,1.663792,-0.796989,-1.995005
2026-08-19T15:48:40.565640+00:00,298112,Birendra,squat,good,squat_good,-8.070854,3.315969,4.63278,-0.119109,-0.02638,0.001332,0.435745,10.05565,-0.837971,1.691504,-0.702395,-2.024049
2026-08-19T15:48:40.565640+00:00,298134,Birendra,squat,good,squat_good,-8.092402,3.275268,4.620809,-0.114312,-0.026913,-0.001332,-1.01993,10.40999,-0.758962,1.360025,-0.770609,-2.128236
2026-08-19T15:48:40.565640+00:00,298151,Birendra,squat,good,squat_good,-8.121132,3.284845,4.623203,-0.107917,-0.019452,-0.005862,-0.596156,9.064447,-0.351948,1.292343,-0.869734,-2.211372
2026-08-19T15:48:40.565640+00:00,298171,Birendra,squat,good,squat_good,-8.073248,3.311181,4.582502,-0.108717,-0.02558,-0.006395,-0.68953,8.992621,-0.414197,1.354429,-0.547047,-2.238018
2026-08-19T15:48:40.565640+00:00,298192,Birendra,squat,good,squat_good,-8.090008,3.315969,4.608838,-0.104453,-0.017587,-0.006129,-1.029507,8.705317,-1.18513,1.405856,-0.68321,-2.093329
2026-08-19T15:48:40.565640+00:00,298212,Birendra,squat,good,squat_good,-8.106767,3.289633,4.599261,-0.097525,-0.011724,-0.00906,-0.869095,9.461885,-2.537854,1.496986,-0.426074,-2.123706
2026-08-19T15:48:40.565640+00:00,298231,Birendra,squat,good,squat_good,-8.073248,3.270479,4.580108,-0.092995,-0.005596,-0.01359,-3.679888,9.696517,-2.231396,1.301136,-0.209972,-2.021384
2026-08-19T15:48:40.565640+00:00,298251,Birendra,squat,good,squat_good,-8.061277,3.29921,4.572925,-0.090864,0.001599,-0.015988,-3.857059,8.726865,-1.941698,1.315259,-0.356527,-1.940646
2026-08-19T15:48:40.565640+00:00,298271,Birendra,squat,good,squat_good,-8.101978,3.339911,4.572925,-0.09113,0.001332,-0.019452,-2.786851,9.797073,-2.664747,1.317923,-0.48283,-1.857244
2026-08-19T15:48:40.565640+00:00,298291,Birendra,squat,good,squat_good,-8.149862,3.349488,4.625597,-0.093262,0.000266,-0.018386,-2.96881,9.045294,-2.554613,1.115145,-0.510809,-1.672585
2026-08-19T15:48:40.565640+00:00,298311,Birendra,squat,good,squat_good,-8.145074,3.339911,4.623203,-0.098325,-0.006662,-0.014123,-3.617639,7.917625,-2.533065,1.170037,-0.370116,-1.619292
2026-08-19T15:48:40.565640+00:00,298331,Birendra,squat,good,squat_good,-8.116343,3.318364,4.620809,-0.098591,-0.005596,-0.012257,-4.259285,8.185776,-2.834735,1.277688,-0.277121,-1.691237
2026-08-19T15:48:40.565640+00:00,298351,Birendra,squat,good,squat_good,-8.128315,3.296816,4.58729,-0.100456,-0.006129,-0.014922,-4.912902,8.446744,-2.461239,1.210806,-0.269127,-1.744263
2026-08-19T15:48:40.565640+00:00,298371,Birendra,squat,good,squat_good,-8.104373,3.313575,4.582502,-0.098325,-0.011191,-0.018119,-4.757279,7.790732,-2.659958,1.205476,-0.410352,-1.645939
2026-08-19T15:48:40.565640+00:00,298391,Birendra,squat,good,squat_good,-8.101978,3.296816,4.611232,-0.094328,-0.010658,-0.017054,-4.680665,7.180211,-3.191471,1.272891,-0.498285,-1.508178
2026-08-19T15:48:40.565640+00:00,298412,Birendra,squat,good,squat_good,-8.116343,3.313575,4.630386,-0.098325,-0.006928,-0.014389,-6.586449,7.278373,-3.114856,1.341905,-0.676815,-1.415449
2026-08-19T15:48:40.565640+00:00,298432,Birendra,squat,good,squat_good,-8.128315,3.270479,4.584896,-0.09939,-0.007194,-0.011724,-7.335834,7.115568,-3.201048,1.497519,-1.289145,-1.247311
2026-08-19T15:48:40.565640+00:00,298451,Birendra,squat,good,squat_good,-8.11395,3.265691,4.572925,-0.09939,-0.010392,-0.013856,-6.983886,7.055712,-3.287239,1.552943,-1.689372,-0.980315
2026-08-19T15:48:40.565640+00:00,298471,Birendra,squat,good,squat_good,-8.140285,3.287239,4.570531,-0.095394,-0.005596,-0.016254,-5.770026,6.373365,-3.667917,1.583587,-1.724545,-0.858276
2026-08-19T15:48:40.565640+00:00,298491,Birendra,squat,good,squat_good,-8.133103,3.289633,4.575319,-0.090597,-0.001066,-0.016787,-5.655105,6.095637,-3.857059,1.600906,-1.31366,-1.058922
2026-08-19T15:48:40.565640+00:00,298511,Birendra,squat,good,squat_good,-8.135497,3.29921,4.565742,-0.089798,0.000799,-0.014389,-6.73489,6.418855,-3.65834,1.521767,-0.882524,-1.311528
2026-08-19T15:48:40.565640+00:00,298532,Birendra,squat,good,squat_good,-8.137892,3.277662,4.544195,-0.094594,0.001865,-0.015988,-7.532158,6.263232,-3.677494,1.337109,-0.746361,-1.433835
2026-08-19T15:48:40.565640+00:00,298551,Birendra,squat,good,squat_good,-8.164227,3.277662,4.527435,-0.099124,-0.001865,-0.015455,-7.826645,5.844246,-3.545813,1.222796,-0.755954,-1.535357
2026-08-19T15:48:40.565640+00:00,298571,Birendra,squat,good,squat_good,-8.164227,3.275268,4.510676,-0.09939,-0.007994,-0.011191,-8.26239,5.528212,-3.576937,1.132199,-0.840156,-1.585718
2026-08-19T15:48:40.565640+00:00,298591,Birendra,squat,good,squat_good,-8.197746,3.289633,4.537012,-0.107651,-0.025047,-0.010392,-8.513782,5.125986,-3.734955,1.111948,-0.931553,-1.502049
2026-08-19T15:48:40.565640+00:00,298612,Birendra,squat,good,squat_good,-8.152257,3.284845,4.556166,-0.120708,-0.035972,-0.011724,-8.999804,4.93445,-3.58412,1.097825,-0.971789,-1.336309
2026-08-19T15:48:40.565640+00:00,298632,Birendra,squat,good,squat_good,-8.161834,3.294421,4.572925,-0.128435,-0.035972,-0.011991,-8.918402,4.548983,-3.725378,1.172968,-0.974453,-1.013623
2026-08-19T15:48:40.565640+00:00,298651,Birendra,squat,good,squat_good,-8.219295,3.313575,4.589684,-0.140426,-0.061819,-0.016521,-7.852982,5.226542,-3.816358,1.184959,-0.883323,-0.71785
2026-08-19T15:48:40.565640+00:00,298671,Birendra,squat,good,squat_good,-8.161834,3.270479,4.639963,-0.152683,-0.097259,-0.023715,-6.488286,5.803545,-3.49314,0.943011,-0.23049,-0.721847
2026-08-19T15:48:40.565640+00:00,298691,Birendra,squat,good,squat_good,-8.116343,3.246537,4.635174,-0.153749,-0.085534,-0.023182,-8.7125,6.526594,-3.689465,0.691737,0.034374,-0.86627
2026-08-19T15:48:40.565640+00:00,298711,Birendra,squat,good,squat_good,-8.152257,3.236961,4.60405,-0.154815,-0.083403,-0.019452,-8.779537,7.067683,-4.141969,0.3909,-0.06928,-0.332012
2026-08-19T15:48:41.246822+00:00,298733,Birendra,squat,good,squat_good,-8.180987,3.201048,4.616021,-0.152949,-0.108184,-0.021583,-8.322245,6.397307,-3.885789,0.189988,-0.092196,-0.107917
2026-08-19T15:48:41.246822+00:00,298751,Birendra,squat,good,squat_good,-8.173804,3.145981,4.616021,-0.133231,-0.108717,-0.028511,-7.757214,6.332664,-4.13718,-0.023182,-0.126303,0.022916
2026-08-19T15:48:41.246822+00:00,298771,Birendra,squat,good,squat_good,-8.197746,3.150769,4.627992,-0.102322,-0.097525,-0.038637,-7.702147,5.343858,-3.921702,-0.124971,0.058355,0.097525
2026-08-19T15:48:41.246822+00:00,298792,Birendra,squat,good,squat_good,-8.159439,3.203442,4.63278,-0.077807,-0.097792,-0.04823,-7.673417,5.190629,-3.739743,-0.100989,0.198248,0.17853
2026-08-19T15:48:41.246822+00:00,298811,Birendra,squat,good,squat_good,-8.082825,3.265691,4.639963,-0.055957,-0.092995,-0.049562,-7.340622,5.109226,-3.74932,-0.113779,0.271792,0.326683
2026-08-19T15:48:41.246822+00:00,298832,Birendra,squat,good,squat_good,-8.063671,3.258508,4.618415,-0.045299,-0.081804,-0.049296,-7.582437,5.231331,-3.866636,-0.096459,0.348266,0.506812
2026-08-19T15:48:41.246822+00:00,298851,Birendra,squat,good,squat_good,-8.066066,3.241749,4.556166,-0.035972,-0.078873,-0.04743,-8.099585,5.609614,-4.022259,-0.162542,0.296839,0.694401
2026-08-19T15:48:41.246822+00:00,298871,Birendra,squat,good,squat_good,-8.085219,3.236961,4.620809,-0.026113,-0.072744,-0.044766,-8.157045,6.095637,-4.209007,-0.368784,0.205976,0.849216
2026-08-19T15:48:41.246822+00:00,298891,Birendra,squat,good,squat_good,-8.090008,3.275268,4.620809,-0.018919,-0.063951,-0.0429,-8.013393,5.935226,-4.177882,-0.610998,0.227559,0.986977
2026-08-19T15:48:41.246822+00:00,298911,Birendra,squat,good,squat_good,-8.044518,3.332729,4.675876,-0.018386,-0.050361,-0.035706,-7.917625,6.141128,-4.434062,-0.71785,0.344802,1.117544
2026-08-19T15:48:41.246822+00:00,298934,Birendra,squat,good,squat_good,-8.02297,3.366248,4.707001,-0.037305,-0.036239,-0.025847,-7.728483,6.687006,-4.582502,-0.854279,0.483629,1.336576
2026-08-19T15:48:41.246822+00:00,298951,Birendra,squat,good,squat_good,-7.996634,3.349488,4.656722,-0.053825,-0.02185,-0.016787,-8.101978,7.04853,-4.489128,-0.994704,0.589681,1.486861
2026-08-19T15:48:41.246822+00:00,298971,Birendra,squat,good,squat_good,-8.039729,3.318364,4.685453,-0.070613,-0.008793,-0.007461,-8.178593,7.340622,-4.795586,-1.121274,0.645106,1.6526
2026-08-19T15:48:41.246822+00:00,298992,Birendra,squat,good,squat_good,-8.109161,3.294421,4.63278,-0.081271,0.007727,-0.001599,-8.159439,7.996634,-5.046977,-1.281152,0.733838,1.894282
2026-08-19T15:48:41.246822+00:00,299011,Birendra,squat,good,squat_good,-8.137892,3.28245,4.589684,-0.086867,0.015188,0.001332,-7.785944,8.202535,-5.501875,-1.452753,0.928089,2.061354
2026-08-19T15:48:41.246822+00:00,299033,Birendra,squat,good,squat_good,-8.133103,3.258508,4.606444,-0.09193,0.020251,0.00453,-7.965509,8.913613,-5.758055,-1.64061,1.198548,2.176732
2026-08-19T15:48:41.246822+00:00,299052,Birendra,squat,good,squat_good,-8.154651,3.25372,4.592079,-0.096459,0.022116,0.009326,-7.929596,8.705317,-5.604826,-1.780502,1.26543,2.368052
2026-08-19T15:48:41.246822+00:00,299071,Birendra,squat,good,squat_good,-8.185776,3.256114,4.613626,-0.100989,0.014123,0.010126,-7.496245,8.803479,-5.547365,-1.834061,1.32645,2.522867
2026-08-19T15:48:41.246822+00:00,299092,Birendra,squat,good,squat_good,-8.23366,3.222595,4.580108,-0.106851,0.005063,0.007994,-7.311892,9.536105,-5.439626,-1.914799,1.329115,2.730441
2026-08-19T15:48:41.246822+00:00,299112,Birendra,squat,good,squat_good,-8.248025,3.215413,4.51307,-0.105253,-0.007727,0.00373,-6.828263,9.610326,-5.324705,-2.048563,1.253972,3.037939
2026-08-19T15:48:41.246822+00:00,299132,Birendra,squat,good,squat_good,-8.204929,3.198653,4.51307,-0.093795,-0.021583,-0.00453,-6.217742,9.737218,-5.123591,-2.126637,1.296074,3.228992
2026-08-19T15:48:41.246822+00:00,299151,Birendra,squat,good,squat_good,-8.190564,3.232172,4.510676,-0.092729,-0.024248,-0.009859,-5.48751,9.524135,-4.771644,-2.250809,1.335243,3.384073
2026-08-19T15:48:41.246822+00:00,299172,Birendra,squat,good,squat_good,-8.171411,3.29921,4.474763,-0.101256,-0.026646,-0.009326,-4.326323,9.196129,-4.146757,-2.327816,1.408521,3.492524
2026-08-19T15:48:41.246822+00:00,299191,Birendra,squat,good,squat_good,-8.166622,3.332729,4.496311,-0.107917,-0.027446,-0.004796,-3.387795,8.554482,-3.301604,-2.289179,1.545482,3.516239
2026-08-19T15:48:41.246822+00:00,299211,Birendra,squat,good,squat_good,-8.159439,3.347094,4.525041,-0.115645,-0.025314,-0.001066,-2.920926,8.590396,-2.602497,-2.241749,1.640077,3.456818
2026-08-19T15:48:41.246822+00:00,299232,Birendra,squat,good,squat_good,-8.14268,3.325546,4.498705,-0.128701,-0.018919,0.001066,-2.798822,8.995016,-2.226608,-2.340074,1.619292,3.290812
2026-08-19T15:48:41.246822+00:00,299251,Birendra,squat,good,squat_good,-8.130709,3.284845,4.458004,-0.135096,-0.010925,0.002931,-2.365471,8.76996,-1.831564,-2.544983,1.42291,3.240184
2026-08-19T15:48:41.246822+00:00,299271,Birendra,squat,good,squat_good,-8.121132,3.296816,4.436456,-0.135363,-0.006662,0.007194,-1.204283,7.472303,-0.916979,-2.70113,1.303534,3.2186
2026-08-19T15:48:41.246822+00:00,299291,Birendra,squat,good,squat_good,-8.145074,3.289633,4.469975,-0.141225,-0.001599,0.011458,-0.184354,6.325481,-0.047884,-2.490358,1.370417,3.181296
2026-08-19T15:48:41.246822+00:00,299311,Birendra,squat,good,squat_good,-8.135497,3.339911,4.474763,-0.149219,0.004263,0.014655,0.756568,6.263232,0.574608,-2.15808,1.51324,3.129602
2026-08-19T15:48:41.246822+00:00,299332,Birendra,squat,good,squat_good,-8.109161,3.335123,4.510676,-0.156413,0.018119,0.017054,1.592144,6.653487,1.23062,-1.965694,1.703761,2.924426
2026-08-19T15:48:41.246822+00:00,299351,Birendra,squat,good,squat_good,-8.082825,3.287239,4.525041,-0.159078,0.03091,0.017587,2.240973,6.904878,1.697489,-1.966227,1.856977,2.625455
2026-08-19T15:48:41.246822+00:00,299371,Birendra,squat,good,squat_good,-8.066066,3.251326,4.522647,-0.153482,0.046364,0.015721,2.650381,7.249643,1.946486,-2.02698,1.973688,2.309697
2026-08-19T15:48:41.246822+00:00,299391,Birendra,squat,good,squat_good,-8.116343,3.196259,4.51307,-0.149752,0.055158,0.012257,3.483563,6.624756,2.23379,-2.194851,2.074144,2.035507
2026-08-19T15:48:41.246822+00:00,299411,Birendra,squat,good,squat_good,-8.149862,3.184288,4.51307,-0.135363,0.051694,0.00373,4.082114,6.411672,3.160346,-2.368052,2.572695,1.685109
2026-08-19T15:48:41.246822+00:00,299432,Birendra,squat,good,squat_good,-8.195353,3.155558,4.527435,-0.113513,0.048496,-0.007461,4.091691,5.274426,4.120421,-2.488493,2.804251,1.632349
2026-08-19T15:48:41.246822+00:00,299452,Birendra,squat,good,squat_good,-8.248025,3.189077,4.522647,-0.090597,0.047164,-0.014655,2.384625,4.55856,5.722142,-2.131167,2.688074,1.275556
2026-08-19T15:48:41.246822+00:00,299471,Birendra,squat,good,squat_good,-8.305486,3.186682,4.491522,-0.075409,0.034107,-0.017853,1.388637,5.274426,5.971139,-1.59611,1.357626,1.552943
2026-08-19T15:48:41.246822+00:00,299491,Birendra,squat,good,squat_good,-8.279149,3.196259,4.510676,-0.063418,0.012257,-0.021317,4.331111,6.0286,5.307945,-1.558806,0.684809,1.7829
2026-08-19T15:48:41.246822+00:00,299511,Birendra,squat,good,squat_good,-8.236053,3.201048,4.501099,-0.05276,-0.005063,-0.02558,4.580108,4.927267,5.695806,-1.712554,0.732772,1.676049
2026-08-19T15:48:41.246822+00:00,299532,Birendra,squat,good,squat_good,-8.209718,3.258508,4.477157,-0.045832,-0.015988,-0.027712,4.623203,3.622427,6.335058,-1.433835,0.676548,1.553743
2026-08-19T15:48:41.246822+00:00,299552,Birendra,squat,good,squat_good,-8.164227,3.325546,4.491522,-0.041035,-0.021051,-0.03011,4.96318,4.151546,6.533776,-1.129001,0.69973,1.37015
2026-08-19T15:48:41.246822+00:00,299571,Birendra,squat,good,squat_good,-8.166622,3.323152,4.51307,-0.040502,-0.027712,-0.030377,4.944026,4.39336,6.572083,-0.965926,0.74796,1.156447
2026-08-19T15:48:41.246822+00:00,299591,Birendra,squat,good,squat_good,-8.190564,3.323152,4.546589,-0.041035,-0.032242,-0.027446,4.982334,4.642357,6.600814,-0.891051,0.737568,0.971256
2026-08-19T15:48:41.246822+00:00,299611,Birendra,squat,good,squat_good,-8.169016,3.323152,4.539406,-0.045032,-0.034374,-0.023449,4.443638,4.721366,6.916849,-0.905706,0.566233,0.994704
2026-08-19T15:48:41.246822+00:00,299632,Birendra,squat,good,squat_good,-8.188169,3.303998,4.537012,-0.044766,-0.041835,-0.021051,5.331887,4.288015,7.017405,-0.820704,0.350398,1.088499
2026-08-19T15:48:41.246822+00:00,299652,Birendra,squat,good,squat_good,-8.173804,3.272874,4.537012,-0.044233,-0.046098,-0.018119,5.482722,4.627992,6.897695,-0.803917,0.538254,1.149786
2026-08-19T15:48:41.246822+00:00,299671,Birendra,squat,good,squat_good,-8.164227,3.287239,4.537012,-0.044499,-0.044233,-0.018652,5.360618,5.015852,6.914454,-0.772741,0.544916,1.217467
2026-08-19T15:48:41.246822+00:00,299691,Birendra,squat,good,squat_good,-8.147469,3.287239,4.498705,-0.046897,-0.043433,-0.018919,5.303157,5.374983,7.285556,-0.826034,0.553443,1.249443
2026-08-19T15:48:41.246822+00:00,299711,Birendra,squat,good,squat_good,-8.173804,3.332729,4.503493,-0.058089,-0.043966,-0.015721,5.494693,5.374983,7.072472,-0.840956,0.521201,1.328315
2026-08-19T15:48:42.269160+00:00,299733,Birendra,squat,good,squat_good,-8.219295,3.349488,4.479551,-0.067948,-0.05276,-0.012524,5.482722,4.774038,7.785944,-0.957666,0.446058,1.55774
2026-08-19T15:48:42.269160+00:00,299753,Birendra,squat,good,squat_good,-8.195353,3.351882,4.520253,-0.069547,-0.052493,-0.010392,5.810728,1.922544,9.006987,-0.855078,0.49189,1.756254
2026-08-19T15:48:42.269160+00:00,299773,Birendra,squat,good,squat_good,-8.26239,3.318364,4.465186,-0.083936,-0.049029,-0.005596,5.403713,0.691924,9.40203,-0.547847,0.548113,1.676582
2026-08-19T15:48:42.269160+00:00,299794,Birendra,squat,good,squat_good,-8.276755,3.287239,4.402937,-0.094328,-0.061286,0.000799,3.921702,-0.306458,10.12268,-0.345335,0.379709,0.86627
2026-08-19T15:48:42.269160+00:00,299811,Birendra,squat,good,squat_good,-8.250419,3.205836,4.359841,-0.079939,-0.075942,-0.006928,2.741361,-1.149217,10.66856,-0.302168,-0.120974,0.071412
2026-08-19T15:48:42.269160+00:00,299831,Birendra,squat,good,squat_good,-8.250419,3.172317,4.388572,-0.058888,-0.07381,-0.023182,2.607286,-1.599327,10.57279,-0.150551,-0.832962,-0.832162
2026-08-19T15:48:42.269160+00:00,299852,Birendra,squat,good,squat_good,-8.178593,3.205836,4.446033,-0.047164,-0.074609,-0.033841,4.46758,-0.921768,9.65821,0.219299,-1.273424,-1.403991
2026-08-19T15:48:42.269160+00:00,299871,Birendra,squat,good,squat_good,-8.111555,3.246537,4.496311,-0.048763,-0.081804,-0.03544,5.544971,1.465251,7.965509,0.632848,-1.164441,-1.576925
2026-08-19T15:48:42.269160+00:00,299891,Birendra,squat,good,squat_good,-8.109161,3.311181,4.539406,-0.054092,-0.085268,-0.029844,6.01184,3.560178,7.819463,0.761816,-0.956334,-1.390401
2026-08-19T15:48:42.269160+00:00,299911,Birendra,squat,good,squat_good,-8.164227,3.392584,4.5418,-0.074609,-0.088732,-0.020518,6.042965,2.877831,8.23366,0.972322,-0.738634,-1.226527
2026-08-19T15:48:42.269160+00:00,299932,Birendra,squat,good,squat_good,-8.178593,3.438074,4.477157,-0.099657,-0.081538,-0.007994,5.774815,3.155558,7.881712,1.322187,-0.6094,-1.133265
2026-08-19T15:48:42.269160+00:00,299952,Birendra,squat,good,squat_good,-8.267179,3.385401,4.443638,-0.116711,-0.085534,0.000266,5.068525,3.792415,7.584831,1.390135,-0.716518,-1.236386
2026-08-19T15:48:42.269160+00:00,299971,Birendra,squat,good,squat_good,-8.248025,3.342306,4.414908,-0.117243,-0.092196,-0.001865,4.781221,3.737349,7.273585,1.303268,-0.935816,-1.441828
2026-08-19T15:48:42.269160+00:00,299991,Birendra,squat,good,squat_good,-8.147469,3.270479,4.434062,-0.114579,-0.07381,-0.003464,4.654328,3.821146,7.04853,1.281685,-1.137795,-1.720282
2026-08-19T15:48:42.269160+00:00,300012,Birendra,squat,good,squat_good,-8.137892,3.229778,4.43885,-0.117776,-0.062352,-0.005329,4.556166,3.948039,7.137115,1.273424,-1.228659,-1.916132
2026-08-19T15:48:42.269160+00:00,300031,Birendra,squat,good,squat_good,-8.044518,3.251326,4.43885,-0.116444,-0.058888,-0.005329,5.049371,4.012682,6.981492,1.424775,-1.28808,-2.059489
2026-08-19T15:48:42.269160+00:00,300052,Birendra,squat,good,squat_good,-8.080431,3.268085,4.491522,-0.112181,-0.044233,-0.004263,4.747702,4.994305,6.301539,1.575326,-1.175366,-2.273458
2026-08-19T15:48:42.269160+00:00,300071,Birendra,squat,good,squat_good,-8.118738,3.280056,4.534618,-0.110049,-0.027179,-0.003997,4.378995,5.705383,5.803545,1.584919,-1.26996,-2.439464
2026-08-19T15:48:42.269160+00:00,300091,Birendra,squat,good,squat_good,-8.14268,3.301604,4.534618,-0.110582,-0.011991,-0.002931,4.43885,6.16507,5.214571,1.520168,-1.331513,-2.627853
2026-08-19T15:48:42.269160+00:00,300111,Birendra,squat,good,squat_good,-8.192958,3.256114,4.501099,-0.104986,-0.005329,-0.005063,3.938462,6.246472,4.659117,1.546815,-1.299538,-2.811179
2026-08-19T15:48:42.269160+00:00,300131,Birendra,squat,good,squat_good,-8.221688,3.248932,4.503493,-0.093262,-0.007461,-0.007727,3.665523,6.473921,4.046201,1.647804,-1.24358,-2.833562
2026-08-19T15:48:42.269160+00:00,300152,Birendra,squat,good,squat_good,-8.224083,3.28245,4.481946,-0.085801,-0.028778,-0.009326,2.880225,7.331046,3.505111,1.798089,-1.07944,-2.805583
2026-08-19T15:48:42.269160+00:00,300171,Birendra,squat,good,squat_good,-8.180987,3.354277,4.469975,-0.09113,-0.045565,-0.011724,2.48997,7.675811,2.712631,1.921727,-1.044266,-2.729375
2026-08-19T15:48:42.269160+00:00,300191,Birendra,squat,good,squat_good,-8.123527,3.380613,4.493917,-0.094861,-0.048763,-0.014922,2.346318,9.19134,1.714248,1.956368,-1.020018,-2.670487
2026-08-19T15:48:42.269160+00:00,300211,Birendra,squat,good,squat_good,-8.12592,3.411737,4.510676,-0.098858,-0.040502,-0.011191,1.869871,9.473856,1.307234,1.826334,-1.001632,-2.581222
2026-08-19T15:48:42.269160+00:00,300231,Birendra,squat,good,squat_good,-8.166622,3.378219,4.537012,-0.108184,-0.042634,-0.005063,1.027112,9.339781,1.338359,1.741599,-1.037871,-2.46238
2026-08-19T15:48:42.269160+00:00,300252,Birendra,squat,good,squat_good,-8.180987,3.378219,4.548983,-0.112447,-0.043167,-0.002132,0.950498,9.220071,0.885855,1.789296,-0.97392,-2.369118
2026-08-19T15:48:42.269160+00:00,300272,Birendra,squat,good,squat_good,-8.164227,3.32794,4.537012,-0.110582,-0.046098,-0.002132,0.696713,9.054871,0.61531,1.837525,-0.870533,-2.239617
2026-08-19T15:48:42.269160+00:00,300291,Birendra,squat,good,squat_good,-8.121132,3.315969,4.548983,-0.105786,-0.051161,-0.004263,0.351948,9.241618,0.191536,1.912135,-0.781801,-2.164475
2026-08-19T15:48:42.269160+00:00,300311,Birendra,squat,good,squat_good,-8.087613,3.351882,4.548983,-0.100456,-0.049029,-0.003198,-0.102951,9.720459,-0.667982,1.910802,-0.712787,-2.069348
2026-08-19T15:48:42.269160+00:00,300331,Birendra,squat,good,squat_good,-8.133103,3.284845,4.560954,-0.095394,-0.038104,-0.005329,-1.130063,9.562442,-0.545878,1.761051,-0.790328,-2.049896
2026-08-19T15:48:42.269160+00:00,300352,Birendra,squat,good,squat_good,-8.099585,3.325546,4.52983,-0.101256,-0.038104,-0.003997,-1.130063,10.36211,-1.355118,1.750126,-0.477501,-2.16634
2026-08-19T15:48:42.269160+00:00,300372,Birendra,squat,good,squat_good,-8.159439,3.303998,4.517859,-0.100989,-0.032775,0.003198,-1.939303,9.765948,-1.446098,1.529228,-0.753822,-1.864971
2026-08-19T15:48:42.269160+00:00,300391,Birendra,squat,good,squat_good,-8.188169,3.306392,4.525041,-0.094328,-0.035972,0.001599,-0.517148,9.301474,-2.573767,1.585452,-0.613663,-1.794092
2026-08-19T15:48:42.269160+00:00,300411,Birendra,squat,good,squat_good,-8.161834,3.275268,4.556166,-0.08287,-0.040769,-0.00373,-2.592921,9.380483,-2.585738,1.588916,-0.243014,-1.807681
2026-08-19T15:48:42.269160+00:00,300432,Birendra,squat,good,squat_good,-8.161834,3.330335,4.51307,-0.0866,-0.042101,-0.003997,-3.780444,9.720459,-2.470816,1.634214,-0.275256,-1.666989
2026-08-19T15:48:42.269160+00:00,300452,Birendra,squat,good,squat_good,-8.171411,3.347094,4.493917,-0.095394,-0.054092,-0.000533,-3.141193,9.449914,-2.305616,1.57879,-0.371715,-1.447691
2026-08-19T15:48:42.269160+00:00,300472,Birendra,squat,good,squat_good,-8.164227,3.325546,4.510676,-0.097792,-0.054891,-0.002665,-1.833959,8.683769,-2.72939,1.649936,-0.320021,-1.356028
2026-08-19T15:48:42.269160+00:00,300491,Birendra,squat,good,squat_good,-8.12592,3.296816,4.503493,-0.094861,-0.041035,-0.006129,-3.964798,9.696517,-3.189077,1.568132,-0.337608,-1.251308
2026-08-19T15:48:42.269160+00:00,300511,Birendra,squat,good,squat_good,-8.137892,3.292027,4.505888,-0.092462,-0.031975,-0.007461,-4.745308,9.64145,-2.949656,1.360025,-0.796989,-1.20974
2026-08-19T15:48:42.269160+00:00,300531,Birendra,squat,good,squat_good,-8.147469,3.287239,4.525041,-0.090064,-0.035706,-0.010392,-4.357447,9.148245,-2.731784,1.078907,-0.937681,-1.268894
2026-08-19T15:48:42.269160+00:00,300551,Birendra,squat,good,squat_good,-8.166622,3.296816,4.534618,-0.087933,-0.043167,-0.019718,-2.494758,7.491457,-3.560178,1.127936,-0.883057,-1.414916
2026-08-19T15:48:42.269160+00:00,300572,Birendra,squat,good,squat_good,-8.166622,3.272874,4.532224,-0.087933,-0.047697,-0.022383,-3.727772,7.615956,-3.476381,1.242248,-0.329081,-1.55774
2026-08-19T15:48:42.269160+00:00,300591,Birendra,squat,good,squat_good,-8.14268,3.296816,4.51307,-0.090597,-0.048496,-0.02185,-5.456386,7.201759,-3.215413,1.392799,-0.316557,-1.456484
2026-08-19T15:48:42.269160+00:00,300613,Birendra,squat,good,squat_good,-8.154651,3.330335,4.491522,-0.090331,-0.040769,-0.020251,-6.766014,8.118738,-3.383007,1.512974,-0.778337,-1.289678
2026-08-19T15:48:42.269160+00:00,300631,Birendra,squat,good,squat_good,-8.140285,3.313575,4.532224,-0.089531,-0.038104,-0.020251,-6.86657,8.157045,-3.773262,1.407721,-1.396263,-1.094361
2026-08-19T15:48:42.269160+00:00,300651,Birendra,squat,good,squat_good,-8.147469,3.308787,4.51307,-0.093795,-0.041302,-0.018919,-5.923255,7.084443,-3.998317,1.391734,-1.960364,-0.78713
2026-08-19T15:48:42.269160+00:00,300672,Birendra,squat,good,squat_good,-8.159439,3.313575,4.510676,-0.095127,-0.040502,-0.019985,-5.094861,6.691794,-4.067749,1.405057,-1.939047,-0.845485
2026-08-19T15:48:42.269160+00:00,300691,Birendra,squat,good,squat_good,-8.154651,3.323152,4.515464,-0.096726,-0.041835,-0.020518,-5.391742,6.323087,-3.94325,1.330714,-1.575859,-1.058389
2026-08-19T15:48:42.269160+00:00,300711,Birendra,squat,good,squat_good,-8.118738,3.342306,4.527435,-0.102588,-0.037305,-0.016787,-6.023811,5.889736,-3.596091,1.241982,-1.177764,-1.228392
2026-08-19T15:48:43.298104+00:00,300733,Birendra,squat,good,squat_good,-8.116343,3.332729,4.520253,-0.10925,-0.03091,-0.013856,-6.351817,5.808333,-3.828329,1.231057,-0.880659,-1.433035
2026-08-19T15:48:43.298104+00:00,300751,Birendra,squat,good,squat_good,-8.128315,3.330335,4.503493,-0.111914,-0.027446,-0.011458,-7.343017,5.904101,-3.811569,1.111415,-0.799654,-1.63608
2026-08-19T15:48:43.298104+00:00,300773,Birendra,squat,good,squat_good,-8.145074,3.306392,4.503493,-0.113513,-0.026913,-0.00906,-8.207323,5.81791,-3.866636,0.954202,-0.999501,-1.68724
2026-08-19T15:48:43.298104+00:00,300792,Birendra,squat,good,squat_good,-8.154651,3.315969,4.496311,-0.117243,-0.022116,-0.007994,-8.094796,5.370194,-4.134786,0.831629,-1.203877,-1.595311
2026-08-19T15:48:43.298104+00:00,300815,Birendra,squat,good,squat_good,-8.137892,3.303998,4.522647,-0.120708,-0.020518,-0.006129,-8.283937,5.171476,-4.070143,0.787663,-1.220398,-1.446358
2026-08-19T15:48:43.298104+00:00,300831,Birendra,squat,good,squat_good,-8.130709,3.311181,4.532224,-0.123372,-0.022383,-0.004263,-8.070854,5.068525,-3.938462,0.744763,-1.158046,-1.20894
2026-08-19T15:48:43.298104+00:00,300851,Birendra,squat,good,squat_good,-8.116343,3.325546,4.584896,-0.129767,-0.029844,-0.002398,-7.951144,4.984728,-3.574543,0.652567,-0.86174,-1.106086
2026-08-19T15:48:43.298104+00:00,300872,Birendra,squat,good,squat_good,-8.111555,3.325546,4.589684,-0.133764,-0.027179,-0.00373,-7.096414,4.381389,-3.548207,0.673617,-0.39543,-0.785265
2026-08-19T15:48:43.298104+00:00,300892,Birendra,squat,good,squat_good,-8.140285,3.268085,4.580108,-0.135896,-0.023982,-0.007194,-7.323863,5.027823,-3.861847,0.850548,-0.083669,-0.728242
2026-08-19T15:48:43.298104+00:00,300911,Birendra,squat,good,squat_good,-8.171411,3.172317,4.568137,-0.127636,-0.022649,-0.011991,-7.764396,5.918467,-3.885789,0.803118,0.141225,-0.395164
2026-08-19T15:48:43.298104+00:00,300931,Birendra,squat,good,squat_good,-8.202535,3.172317,4.580108,-0.106851,-0.030377,-0.014922,-8.310274,5.226542,-3.177106,0.731972,0.282717,-0.241415
2026-08-19T15:48:43.298104+00:00,300951,Birendra,squat,good,squat_good,-8.185776,3.232172,4.584896,-0.092995,-0.044766,-0.021051,-8.611943,5.612009,-3.428497,0.627519,-0.020518,-0.112181
2026-08-19T15:48:43.298104+00:00,300972,Birendra,squat,good,squat_good,-8.164227,3.251326,4.563348,-0.087666,-0.052493,-0.024248,-7.908048,5.044583,-3.8403,0.463911,-0.093795,0.107917
2026-08-19T15:48:43.298104+00:00,300991,Birendra,squat,good,squat_good,-8.154651,3.277662,4.556166,-0.079406,-0.055424,-0.027979,-8.118738,5.178658,-4.031836,0.359458,-0.135629,0.130034
2026-08-19T15:48:43.298104+00:00,301011,Birendra,squat,good,squat_good,-8.180987,3.306392,4.592079,-0.064484,-0.056224,-0.030643,-7.295133,5.078102,-4.479551,0.172401,-0.173201,0.210772
2026-08-19T15:48:43.298104+00:00,301031,Birendra,squat,good,squat_good,-8.116343,3.342306,4.596867,-0.05649,-0.052493,-0.03011,-7.417237,4.548983,-3.632004,-0.124971,-0.024515,0.007194
2026-08-19T15:48:43.298104+00:00,301051,Birendra,squat,good,squat_good,-8.09719,3.349488,4.577713,-0.061553,-0.045299,-0.026646,-7.987057,4.802769,-4.070143,-0.209972,-0.034907,0.130567
2026-08-19T15:48:43.298104+00:00,301071,Birendra,squat,good,squat_good,-8.104373,3.337517,4.594473,-0.060487,-0.054625,-0.028778,-7.522582,4.697424,-4.367024,-0.299504,-0.017587,0.431136
2026-08-19T15:48:43.298104+00:00,301092,Birendra,squat,good,squat_good,-8.075643,3.318364,4.577713,-0.050095,-0.06102,-0.034907,-7.151481,4.125209,-4.63278,-0.248343,0.071145,0.693069
2026-08-19T15:48:43.298104+00:00,301111,Birendra,squat,good,squat_good,-8.06846,3.363853,4.596867,-0.052493,-0.057822,-0.038104,-7.151481,4.948815,-4.668694,-0.139093,0.34427,0.965127
2026-08-19T15:48:43.298104+00:00,301131,Birendra,squat,good,squat_good,-8.080431,3.385401,4.582502,-0.061286,-0.062885,-0.036772,-7.785944,5.585672,-4.479551,-0.107384,0.451121,1.133798
2026-08-19T15:48:43.298104+00:00,301151,Birendra,squat,good,squat_good,-8.094796,3.371036,4.623203,-0.062619,-0.062885,-0.034907,-7.49864,7.256825,-4.503493,-0.372781,0.428205,1.216135
2026-08-19T15:48:43.298104+00:00,301172,Birendra,squat,good,squat_good,-8.111555,3.29921,4.580108,-0.064217,-0.050095,-0.033041,-7.297527,6.98628,-4.481946,-0.811112,0.539587,1.198282
2026-08-19T15:48:43.298104+00:00,301192,Birendra,squat,good,squat_good,-8.140285,3.234566,4.582502,-0.061819,-0.042101,-0.026113,-7.326257,6.969521,-4.261679,-1.064518,0.661093,1.105286
2026-08-19T15:48:43.298104+00:00,301211,Birendra,squat,good,squat_good,-8.135497,3.277662,4.575319,-0.055158,-0.041035,-0.021317,-7.776367,6.373365,-4.230555,-1.241449,0.827366,1.143391
2026-08-19T15:48:43.298104+00:00,301231,Birendra,squat,good,squat_good,-8.140285,3.28245,4.58729,-0.051694,-0.042101,-0.018919,-7.881712,6.533776,-4.639963,-1.240383,0.894248,1.270493
2026-08-19T15:48:43.298104+00:00,301251,Birendra,squat,good,squat_good,-8.152257,3.272874,4.594473,-0.054891,-0.040769,-0.018386,-7.747637,7.438785,-5.003881,-1.330714,0.892116,1.429571
2026-08-19T15:48:43.298104+00:00,301271,Birendra,squat,good,squat_good,-8.128315,3.303998,4.560954,-0.061819,-0.033841,-0.014389,-7.814674,8.008605,-5.025429,-1.61796,0.88732,1.503648
2026-08-19T15:48:43.298104+00:00,301292,Birendra,squat,good,squat_good,-8.104373,3.359065,4.580108,-0.071412,-0.031975,-0.008793,-7.989451,7.627927,-4.738125,-1.868701,0.883057,1.65793
2026-08-19T15:48:43.298104+00:00,301310,Birendra,squat,good,squat_good,-8.11395,3.371036,4.563348,-0.32246,-0.081945,-0.02022,-8.11395,3.371036,4.563348,-0.080738,-0.020518,-0.005063
2026-08-19T15:48:43.298104+00:00,301328,Birendra,squat,good,squat_good,-16.2279,-117.2393,16.54872,-0.750279,0.272442,0.0,-16.2279,-117.2393,16.54872,-0.187856,0.068214,0.0
2026-08-19T15:48:43.298104+00:00,301400,Birendra,squat,good,squat_good,-8.11395,-58.61963,8.274361,-0.750279,0.272442,0.0,-5.573701,8.961497,-4.79798,-1.830597,1.131933,2.681678
2026-08-19T15:48:43.298104+00:00,301406,Birendra,squat,good,squat_good,-8.145074,3.342306,4.520253,-0.127369,0.029044,0.010925,-5.513846,8.944737,-4.666299,-1.859908,1.171902,2.6966
2026-08-19T15:48:43.298104+00:00,301411,Birendra,squat,good,squat_good,-8.140285,3.342306,4.517859,-0.1311,0.031443,0.011191,-5.468357,8.956709,-4.570531,-1.867636,1.19242,2.720848
2026-08-19T15:48:43.298104+00:00,301417,Birendra,squat,good,squat_good,-8.157045,3.32794,4.522647,-0.135096,0.031176,0.011191,-5.365406,8.992621,-4.458004,-1.864704,1.206276,2.767479
2026-08-19T15:48:43.298104+00:00,301431,Birendra,squat,good,squat_good,-8.169016,3.313575,4.48434,-0.142291,0.026113,0.010925,-4.841076,9.138668,-4.15394,-1.882557,1.237452,2.884723
2026-08-19T15:48:43.298104+00:00,301451,Birendra,squat,good,squat_good,-8.183381,3.292027,4.462792,-0.143623,0.013323,0.006395,-4.122815,9.514558,-4.031836,-1.836992,1.315525,2.977452
2026-08-19T15:48:43.298104+00:00,301471,Birendra,squat,good,squat_good,-8.236053,3.277662,4.479551,-0.142291,-0.003464,-0.000266,-3.529053,10.1179,-3.677494,-2.013657,1.376812,2.946276
2026-08-19T15:48:43.298104+00:00,301492,Birendra,squat,good,squat_good,-8.240842,3.265691,4.465186,-0.146021,-0.029577,-0.006928,-2.863465,9.648633,-3.047819,-2.202312,1.322986,2.928689
2026-08-19T15:48:43.298104+00:00,301511,Birendra,squat,good,squat_good,-8.252813,3.232172,4.441244,-0.13483,-0.038637,-0.009326,-1.984793,9.181764,-2.384625,-2.323819,1.342971,2.869002
2026-08-19T15:48:43.298104+00:00,301531,Birendra,squat,good,squat_good,-8.2169,3.244143,4.458004,-0.119375,-0.038371,-0.011991,-1.687912,8.355764,-1.309628,-2.371783,1.367219,2.856478
2026-08-19T15:48:43.298104+00:00,301551,Birendra,squat,good,squat_good,-8.202535,3.308787,4.446033,-0.107917,-0.0437,-0.013856,-0.861913,8.087613,-0.696713,-2.219366,1.33098,2.847152
2026-08-19T15:48:43.298104+00:00,301571,Birendra,squat,good,squat_good,-8.176199,3.354277,4.474763,-0.106319,-0.060487,-0.01279,0.011971,8.279149,-0.37589,-2.143957,1.334444,2.840224
2026-08-19T15:48:43.298104+00:00,301592,Birendra,squat,good,squat_good,-8.133103,3.354277,4.481946,-0.111115,-0.059954,-0.013057,0.761356,7.410054,0.287304,-2.132233,1.407455,2.828499
2026-08-19T15:48:43.298104+00:00,301611,Birendra,squat,good,squat_good,-8.080431,3.361459,4.489128,-0.111914,-0.054092,-0.00826,1.465251,7.642292,0.68953,-2.018986,1.506845,2.676882
2026-08-19T15:48:43.298104+00:00,301631,Birendra,squat,good,squat_good,-8.080431,3.332729,4.472369,-0.106319,-0.047164,0.000266,1.814805,7.860164,0.785298,-1.979017,1.662992,2.442928
2026-08-19T15:48:43.298104+00:00,301651,Birendra,squat,good,squat_good,-8.135497,3.313575,4.508282,-0.100989,-0.041568,0.007194,1.87466,7.675811,1.879448,-2.14449,1.690704,2.390968
2026-08-19T15:48:43.298104+00:00,301671,Birendra,squat,good,squat_good,-8.147469,3.320758,4.510676,-0.094328,-0.034907,0.007994,2.947262,6.931214,2.331953,-2.05336,1.76558,2.16181
2026-08-19T15:48:43.298104+00:00,301692,Birendra,squat,good,squat_good,-8.149862,3.335123,4.525041,-0.088998,-0.028778,0.006395,4.206613,7.424419,2.394202,-2.127703,2.215636,1.864438
2026-08-19T15:48:43.298104+00:00,301711,Birendra,squat,good,squat_good,-8.137892,3.337517,4.51307,-0.088998,-0.022116,0.005329,3.220201,6.919243,3.20823,-2.266796,2.366187,1.641942
2026-08-19T15:48:44.443214+00:00,301735,Birendra,squat,good,squat_good,-8.133103,3.313575,4.489128,-0.090864,-0.021317,0.00373,3.433285,5.544971,4.209007,-2.084536,2.377911,1.473804
2026-08-19T15:48:44.443214+00:00,301752,Birendra,squat,good,squat_good,-8.166622,3.313575,4.474763,-0.089531,-0.030643,-0.001599,1.606509,5.918467,5.432444,-1.793559,1.604904,1.743464
2026-08-19T15:48:44.443214+00:00,301772,Birendra,squat,good,squat_good,-8.183381,3.280056,4.522647,-0.07834,-0.037571,-0.00826,3.74932,6.840234,4.637568,-1.626487,1.007761,1.885489
2026-08-19T15:48:44.443214+00:00,301793,Birendra,squat,good,squat_good,-8.154651,3.289633,4.486734,-0.07381,-0.03544,-0.011458,3.564966,5.913678,4.795586,-1.680579,0.825501,1.852181
2026-08-19T15:48:44.443214+00:00,301812,Birendra,squat,good,squat_good,-8.135497,3.313575,4.474763,-0.077541,-0.033308,-0.010658,4.139575,5.942409,4.982334,-1.643274,0.638711,1.785299
2026-08-19T15:48:44.443214+00:00,301832,Birendra,squat,good,squat_good,-8.164227,3.320758,4.453215,-0.079939,-0.036772,-0.013057,4.738125,5.023035,5.60722,-1.567865,0.66589,1.629951
2026-08-19T15:48:44.443214+00:00,301851,Birendra,squat,good,squat_good,-8.152257,3.347094,4.479551,-0.084735,-0.036505,-0.015188,5.104438,4.345476,5.600038,-1.342438,0.80898,1.529761
2026-08-19T15:48:44.443214+00:00,301872,Birendra,squat,good,squat_good,-8.137892,3.39019,4.508282,-0.093795,-0.035706,-0.012524,5.190629,4.951209,5.542577,-1.131933,1.027213,1.472472
2026-08-19T15:48:44.443214+00:00,301892,Birendra,squat,good,squat_good,-8.149862,3.378219,4.489128,-0.098325,-0.032508,-0.01279,4.03423,5.889736,5.832275,-1.05679,0.927822,1.515106
2026-08-19T15:48:44.443214+00:00,301912,Birendra,squat,good,squat_good,-8.152257,3.363853,4.491522,-0.10392,-0.035173,-0.013856,5.073313,5.307945,5.609614,-1.106086,0.546248,1.777305
2026-08-19T15:48:44.443214+00:00,301932,Birendra,squat,good,squat_good,-8.166622,3.356671,4.522647,-0.109783,-0.041568,-0.012524,5.74369,4.802769,5.961562,-1.107951,0.724245,1.808481
2026-08-19T15:48:44.443214+00:00,301951,Birendra,squat,good,squat_good,-8.145074,3.32794,4.517859,-0.110848,-0.045565,-0.013323,5.063736,4.908113,6.272809,-1.146055,0.877461,1.850315
2026-08-19T15:48:44.443214+00:00,301971,Birendra,squat,good,squat_good,-8.169016,3.330335,4.510676,-0.112714,-0.0437,-0.014389,4.663905,3.924097,7.76679,-1.2609,0.759685,1.891617
2026-08-19T15:48:44.443214+00:00,301991,Birendra,squat,good,squat_good,-8.104373,3.375824,4.532224,-0.116178,-0.038371,-0.013856,5.001487,1.347936,9.131485,-1.148986,0.629917,1.684309
2026-08-19T15:48:44.443214+00:00,302012,Birendra,squat,good,squat_good,-8.11395,3.306392,4.522647,-0.117243,-0.028245,-0.01279,4.671088,0.248997,9.651027,-0.9137,0.502815,1.310462
2026-08-19T15:48:44.443214+00:00,302031,Birendra,squat,good,squat_good,-8.118738,3.222595,4.568137,-0.107917,-0.029044,-0.016521,4.295198,-1.149217,10.29267,-0.647504,0.113513,0.786597
2026-08-19T15:48:44.443214+00:00,302051,Birendra,squat,good,squat_good,-8.152257,3.141193,4.532224,-0.087666,-0.033841,-0.025847,5.027823,-1.939303,10.06762,-0.220364,-0.194518,0.124172
2026-08-19T15:48:44.443214+00:00,302071,Birendra,squat,good,squat_good,-8.152257,3.08852,4.568137,-0.063685,-0.038104,-0.035972,4.941632,-0.878672,9.727641,0.179063,-0.377844,-0.493222
2026-08-19T15:48:44.443214+00:00,302092,Birendra,squat,good,squat_good,-8.133103,3.122039,4.575319,-0.039969,-0.038371,-0.042634,5.116409,0.991199,8.561666,0.45272,-0.625387,-0.947274
2026-08-19T15:48:44.443214+00:00,302112,Birendra,squat,good,squat_good,-8.147469,3.220201,4.616021,-0.022116,-0.046098,-0.043433,5.446809,3.632004,7.225701,0.581155,-0.636579,-1.115145
2026-08-19T15:48:44.443214+00:00,302131,Birendra,squat,good,squat_good,-8.121132,3.330335,4.630386,-0.021051,-0.049828,-0.039703,5.956774,4.690241,7.13951,0.480165,-0.608334,-1.026147
2026-08-19T15:48:44.443214+00:00,302151,Birendra,squat,good,squat_good,-8.104373,3.39019,4.630386,-0.037038,-0.050628,-0.032775,6.380548,4.316746,7.563283,0.540386,-0.499084,-0.890518
2026-08-19T15:48:44.443214+00:00,302171,Birendra,squat,good,squat_good,-8.145074,3.473987,4.589684,-0.062086,-0.04823,-0.018652,6.272809,4.848258,7.656657,0.651501,-0.346668,-0.785798
2026-08-19T15:48:44.443214+00:00,302192,Birendra,squat,good,squat_good,-8.154651,3.454833,4.537012,-0.078873,-0.043433,-0.009593,6.248867,4.642357,7.558495,0.630983,-0.377844,-0.746894
2026-08-19T15:48:44.443214+00:00,302212,Birendra,squat,good,squat_good,-8.192958,3.3447,4.551377,-0.081804,-0.041835,-0.002665,6.141128,4.10845,7.884106,0.590747,-0.419412,-0.865204
2026-08-19T15:48:44.443214+00:00,302231,Birendra,squat,good,squat_good,-8.212111,3.25372,4.565742,-0.083403,-0.041568,-0.002931,5.463568,3.428497,8.087613,0.664025,-0.464977,-1.075443
2026-08-19T15:48:44.443214+00:00,302251,Birendra,squat,good,squat_good,-8.159439,3.258508,4.570531,-0.086334,-0.049828,-0.00826,5.023035,3.397372,7.869741,0.810579,-0.581155,-1.231856
2026-08-19T15:48:44.443214+00:00,302271,Birendra,squat,good,squat_good,-8.111555,3.28245,4.565742,-0.087666,-0.056224,-0.00906,5.013458,3.790021,7.599196,0.896113,-0.694668,-1.4357
2026-08-19T15:48:44.443214+00:00,302291,Birendra,squat,good,squat_good,-8.073248,3.325546,4.565742,-0.089798,-0.054092,-0.007727,4.920084,4.19943,7.419631,0.989375,-0.81351,-1.591847
2026-08-19T15:48:44.443214+00:00,302312,Birendra,squat,good,squat_good,-8.044518,3.363853,4.582502,-0.099657,-0.040236,-0.008527,4.953603,4.718972,6.904878,1.097292,-0.902775,-1.743198
2026-08-19T15:48:44.443214+00:00,302331,Birendra,squat,good,squat_good,-8.061277,3.349488,4.55856,-0.109783,-0.023182,-0.005329,4.778827,5.686229,6.301539,1.154848,-0.949139,-1.85751
2026-08-19T15:48:44.443214+00:00,302351,Birendra,squat,good,squat_good,-8.109161,3.296816,4.546589,-0.108184,-0.017054,-0.007194,4.625597,5.865794,6.172252,1.147387,-1.012557,-1.942511
2026-08-19T15:48:44.443214+00:00,302371,Birendra,squat,good,squat_good,-8.169016,3.234566,4.522647,-0.104187,-0.015721,-0.008793,4.460398,5.973533,6.169858,1.22253,-1.042135,-1.971822
2026-08-19T15:48:44.443214+00:00,302391,Birendra,squat,good,squat_good,-8.178593,3.260903,4.51307,-0.094328,-0.016787,-0.014123,4.419696,6.296751,5.786786,1.372548,-1.079972,-1.953703
2026-08-19T15:48:44.443214+00:00,302412,Birendra,squat,good,squat_good,-8.188169,3.265691,4.532224,-0.086067,-0.01279,-0.019185,4.261679,7.536947,4.680665,1.469807,-1.059721,-1.922527
2026-08-19T15:48:44.443214+00:00,302432,Birendra,squat,good,squat_good,-8.178593,3.277662,4.498705,-0.082337,-0.020518,-0.024515,3.945644,8.461109,4.077325,1.361623,-1.071179,-1.860441
2026-08-19T15:48:44.443214+00:00,302451,Birendra,squat,good,squat_good,-8.169016,3.318364,4.520253,-0.07834,-0.026913,-0.027979,4.000711,7.78355,4.098873,1.256904,-1.061586,-1.853779
2026-08-19T15:48:44.443214+00:00,302471,Birendra,squat,good,squat_good,-8.130709,3.349488,4.537012,-0.08287,-0.020518,-0.027979,3.79481,7.747637,4.19943,1.345103,-0.985645,-1.790361
2026-08-19T15:48:44.443214+00:00,302491,Birendra,squat,good,squat_good,-8.164227,3.347094,4.505888,-0.092196,-0.023449,-0.025047,3.797204,7.951144,3.98874,1.489792,-0.889185,-1.750126
2026-08-19T15:48:44.443214+00:00,302512,Birendra,squat,good,squat_good,-8.166622,3.332729,4.520253,-0.087933,-0.029311,-0.02185,3.251326,8.408437,3.016694,1.489525,-0.930487,-1.672585
2026-08-19T15:48:44.443214+00:00,302531,Birendra,squat,good,squat_good,-8.180987,3.284845,4.532224,-0.084202,-0.028511,-0.020518,3.196259,9.507375,2.336741,1.377345,-0.912634,-1.841789
2026-08-19T15:48:44.443214+00:00,302551,Birendra,squat,good,squat_good,-8.192958,3.260903,4.503493,-0.083136,-0.027712,-0.019452,2.116474,9.11712,2.530671,1.151384,-0.966726,-1.916132
2026-08-19T15:48:44.443214+00:00,302571,Birendra,squat,good,squat_good,-8.176199,3.301604,4.477157,-0.08207,-0.030643,-0.019185,2.492364,8.209718,2.521094,1.188956,-0.938747,-1.938515
2026-08-19T15:48:44.443214+00:00,302591,Birendra,squat,good,squat_good,-8.14268,3.318364,4.443638,-0.080738,-0.033574,-0.019985,2.063802,8.532935,2.078167,1.371482,-0.764481,-1.91773
2026-08-19T15:48:44.443214+00:00,302612,Birendra,squat,good,squat_good,-8.147469,3.337517,4.491522,-0.085268,-0.034374,-0.018919,1.49877,9.421184,1.055843,1.429305,-0.701329,-1.894548
2026-08-19T15:48:44.443214+00:00,302631,Birendra,squat,good,squat_good,-8.159439,3.3447,4.479551,-0.0874,-0.038904,-0.015455,0.6608,10.31183,0.442927,1.30087,-0.697599,-1.914533
2026-08-19T15:48:44.443214+00:00,302651,Birendra,squat,good,squat_good,-8.192958,3.330335,4.46758,-0.094861,-0.040236,-0.014123,0.538695,9.768343,0.519542,1.13593,-0.778337,-1.919596
2026-08-19T15:48:44.443214+00:00,302671,Birendra,squat,good,squat_good,-8.149862,3.351882,4.469975,-0.102322,-0.03917,-0.012257,0.1652,9.318233,0.960075,1.134331,-0.588083,-1.749326
2026-08-19T15:48:44.443214+00:00,302691,Birendra,squat,good,squat_good,-8.169016,3.339911,4.462792,-0.107118,-0.034107,-0.008527,0.782904,8.664616,0.237026,1.330181,-0.572628,-1.561737
2026-08-19T15:48:44.443214+00:00,302712,Birendra,squat,good,squat_good,-8.207323,3.311181,4.448427,-0.106851,-0.03544,-0.008527,0.234632,9.634268,-0.667982,1.455685,-0.32162,-1.604371
2026-08-19T15:48:45.509549+00:00,302732,Birendra,squat,good,squat_good,-8.183381,3.284845,4.498705,-0.108983,-0.037838,-0.010658,-1.405396,10.39802,-0.785298,1.279553,-0.293642,-1.61423
2026-08-19T15:48:45.509549+00:00,302751,Birendra,squat,good,squat_good,-8.173804,3.287239,4.481946,-0.114046,-0.035972,-0.011991,-1.42455,9.651027,-0.380678,1.151651,-0.406355,-1.494588
2026-08-19T15:48:45.509549+00:00,302771,Birendra,squat,good,squat_good,-8.137892,3.306392,4.481946,-0.115112,-0.033041,-0.012524,-0.876278,8.791509,-0.320823,1.251041,-0.363721,-1.374413
2026-08-19T15:48:45.509549+00:00,302792,Birendra,squat,good,squat_good,-8.183381,3.323152,4.472369,-0.116977,-0.03917,-0.010658,-0.957681,9.370906,-1.204283,1.397596,-0.208374,-1.36642
2026-08-19T15:48:45.509549+00:00,302812,Birendra,squat,good,squat_good,-8.192958,3.296816,4.48434,-0.116444,-0.046897,-0.009593,-2.070984,9.885659,-1.764527,1.275023,-0.160144,-1.478067
2026-08-19T15:48:45.509549+00:00,302832,Birendra,squat,good,squat_good,-8.185776,3.284845,4.46758,-0.11751,-0.0429,-0.00826,-3.08852,9.871294,-1.520318,1.067982,-0.339207,-1.505513
2026-08-19T15:48:45.509549+00:00,302851,Birendra,squat,good,squat_good,-8.197746,3.284845,4.474763,-0.120974,-0.044233,-0.007461,-3.349488,9.598354,-1.367089,0.9566,-0.575026,-1.4786
2026-08-19T15:48:45.509549+00:00,302871,Birendra,squat,good,squat_good,-8.180987,3.292027,4.419696,-0.119109,-0.037571,-0.008527,-1.970428,8.762778,-1.594538,0.955002,-0.804983,-1.177231
2026-08-19T15:48:45.509549+00:00,302891,Birendra,squat,good,squat_good,-8.195353,3.277662,4.446033,-0.120441,-0.045565,-0.009859,-1.604115,8.145074,-2.664747,1.122606,-0.41275,-1.267828
2026-08-19T15:48:45.509549+00:00,302912,Birendra,squat,good,squat_good,-8.185776,3.241749,4.477157,-0.119908,-0.048496,-0.008793,-4.235343,9.560047,-2.466028,1.051461,-0.151351,-1.457283
2026-08-19T15:48:45.509549+00:00,302932,Birendra,squat,good,squat_good,-8.173804,3.296816,4.48434,-0.123905,-0.045565,-0.010925,-4.213795,8.76996,-2.442086,0.936083,-0.309363,-1.438098
2026-08-19T15:48:45.509549+00:00,302952,Birendra,squat,good,squat_good,-8.157045,3.320758,4.496311,-0.127369,-0.046897,-0.011191,-3.881001,8.772355,-2.597709,0.925424,-0.393032,-1.323786
2026-08-19T15:48:45.509549+00:00,302972,Birendra,squat,good,squat_good,-8.166622,3.306392,4.481946,-0.133231,-0.049296,-0.009859,-3.835511,8.51857,-2.846706,0.873997,-0.45192,-1.179363
2026-08-19T15:48:45.509549+00:00,302994,Birendra,squat,good,squat_good,-8.164227,3.284845,4.52983,-0.137228,-0.054625,-0.00906,-4.944026,8.48984,-2.956839,0.83909,-0.579822,-1.150052
2026-08-19T15:48:45.509549+00:00,303012,Birendra,squat,good,squat_good,-8.159439,3.265691,4.534618,-0.13856,-0.052227,-0.008793,-4.757279,8.48984,-2.904167,0.76075,-0.831096,-1.183626
2026-08-19T15:48:45.509549+00:00,303032,Birendra,squat,good,squat_good,-8.154651,3.292027,4.508282,-0.137228,-0.04823,-0.013856,-4.848258,8.329428,-2.559402,0.575293,-0.938481,-1.3054
2026-08-19T15:48:45.509549+00:00,303052,Birendra,squat,good,squat_good,-8.140285,3.258508,4.539406,-0.128968,-0.050894,-0.020518,-4.369418,6.976704,-2.358289,0.566499,-1.015489,-1.190554
2026-08-19T15:48:45.509549+00:00,303071,Birendra,squat,good,squat_good,-8.118738,3.227384,4.515464,-0.117243,-0.046364,-0.02558,-4.209007,6.1938,-2.420538,0.745829,-0.835626,-1.21347
2026-08-19T15:48:45.509549+00:00,303091,Birendra,squat,good,squat_good,-8.123527,3.215413,4.546589,-0.104453,-0.0437,-0.027179,-5.020641,6.347029,-2.499547,0.881991,-0.619792,-1.387737
2026-08-19T15:48:45.509549+00:00,303111,Birendra,squat,good,squat_good,-8.130709,3.239355,4.556166,-0.097259,-0.046631,-0.029311,-5.638345,6.708553,-2.513912,0.852413,-0.608867,-1.546548
2026-08-19T15:48:45.509549+00:00,303132,Birendra,squat,good,squat_good,-8.130709,3.277662,4.537012,-0.088466,-0.0429,-0.029844,-5.844246,6.368577,-2.375048,0.746894,-0.67042,-1.716018
2026-08-19T15:48:45.509549+00:00,303151,Birendra,squat,good,squat_good,-8.157045,3.289633,4.584896,-0.07834,-0.038637,-0.031443,-6.236896,5.693412,-2.482787,0.732505,-0.734371,-1.814876
2026-08-19T15:48:45.509549+00:00,303171,Birendra,squat,good,squat_good,-8.14268,3.29921,4.639963,-0.076475,-0.036772,-0.027979,-6.890512,5.257667,-2.712631,0.840423,-0.800986,-1.872965
2026-08-19T15:48:45.509549+00:00,303191,Birendra,squat,good,squat_good,-8.176199,3.332729,4.546589,-0.0866,-0.038904,-0.022916,-7.659051,5.33907,-2.810793,0.893182,-0.858542,-1.992606
2026-08-19T15:48:45.509549+00:00,303211,Birendra,squat,good,squat_good,-8.133103,3.313575,4.553771,-0.094328,-0.041835,-0.019452,-8.11395,5.480328,-3.227384,0.868934,-0.947541,-2.027513
2026-08-19T15:48:45.509549+00:00,303232,Birendra,squat,good,squat_good,-8.082825,3.337517,4.553771,-0.099124,-0.038371,-0.019718,-8.224083,5.319916,-3.399766,0.775406,-0.927822,-2.019253
2026-08-19T15:48:45.509549+00:00,303251,Birendra,squat,good,squat_good,-8.094796,3.3447,4.560954,-0.112181,-0.025847,-0.013323,-8.643068,5.269638,-3.46441,0.709323,-0.79619,-1.919329
2026-08-19T15:48:45.509549+00:00,303271,Birendra,squat,good,squat_good,-8.137892,3.315969,4.582502,-0.124438,-0.021051,-0.002931,-8.860941,5.097255,-3.459621,0.638178,-0.650435,-1.654998
2026-08-19T15:48:45.509549+00:00,303291,Birendra,squat,good,squat_good,-8.12592,3.294421,4.606444,-0.139093,-0.021583,0.005596,-8.561666,5.284003,-3.627216,0.559838,-0.386371,-1.372015
2026-08-19T15:48:45.509549+00:00,303311,Birendra,squat,good,squat_good,-8.140285,3.263297,4.654328,-0.150018,-0.019985,0.006129,-9.021352,5.961562,-3.124433,0.362389,-0.007461,-1.197216
2026-08-19T15:48:45.509549+00:00,303332,Birendra,squat,good,squat_good,-8.159439,3.198653,4.644751,-0.154815,-0.024248,0.002931,-9.291897,6.344635,-2.868254,0.07381,0.022116,-1.033342
2026-08-19T15:48:45.509549+00:00,303351,Birendra,squat,good,squat_good,-8.159439,3.145981,4.639963,-0.154015,-0.027979,-0.002665,-8.793902,5.602432,-2.693477,-0.16494,0.102055,-0.809513
2026-08-19T15:48:45.509549+00:00,303371,Birendra,squat,good,squat_good,-8.140285,3.119645,4.608838,-0.142025,-0.028511,-0.009859,-9.11712,5.590461,-2.217031,-0.308297,0.075942,-0.774606
2026-08-19T15:48:45.509549+00:00,303391,Birendra,squat,good,squat_good,-8.12592,3.10528,4.599261,-0.117243,-0.021317,-0.017853,-9.050082,5.592855,-2.284068,-0.445792,-0.056757,-0.719182
2026-08-19T15:48:45.509549+00:00,303411,Birendra,squat,good,squat_good,-8.171411,3.100491,4.592079,-0.087666,-0.016254,-0.02558,-8.784326,4.922479,-2.149993,-0.573161,-0.090064,-0.59581
2026-08-19T15:48:45.509549+00:00,303432,Birendra,squat,good,squat_good,-8.152257,3.148375,4.606444,-0.066083,-0.016254,-0.030377,-8.477868,4.692636,-2.209848,-0.600873,-0.136695,-0.502548
2026-08-19T15:48:45.509549+00:00,303451,Birendra,squat,good,squat_good,-8.192958,3.193865,4.618415,-0.053825,-0.027712,-0.032508,-8.386889,4.46758,-2.360683,-0.697865,-0.183593,-0.419678
2026-08-19T15:48:45.509549+00:00,303471,Birendra,squat,good,squat_good,-8.183381,3.213019,4.592079,-0.046364,-0.037038,-0.031975,-8.334216,3.916914,-2.329558,-0.782867,-0.233688,-0.379975
2026-08-19T15:48:45.509549+00:00,303491,Birendra,squat,good,squat_good,-8.204929,3.244143,4.577713,-0.039436,-0.04743,-0.031176,-8.437167,3.548207,-2.142811,-0.884655,-0.268594,-0.376778
2026-08-19T15:48:45.509549+00:00,303511,Birendra,squat,good,squat_good,-8.204929,3.280056,4.556166,-0.039436,-0.052493,-0.03011,-8.48984,3.114856,-2.190695,-0.971522,-0.358925,-0.363188
2026-08-19T15:48:45.509549+00:00,303532,Birendra,squat,good,squat_good,-8.200141,3.308787,4.537012,-0.042101,-0.056757,-0.030377,-8.195353,3.028665,-2.245761,-1.060521,-0.316557,-0.348533
2026-08-19T15:48:45.509549+00:00,303551,Birendra,squat,good,squat_good,-8.130709,3.323152,4.539406,-0.044766,-0.055957,-0.025314,-8.226477,2.853889,-2.149993,-1.121807,-0.248609,-0.376245
2026-08-19T15:48:45.509549+00:00,303571,Birendra,squat,good,squat_good,-8.09719,3.359065,4.589684,-0.058355,-0.04823,-0.020518,-7.999028,2.801216,-2.11408,-1.12607,-0.154548,-0.431403
2026-08-19T15:48:45.509549+00:00,303591,Birendra,squat,good,squat_good,-8.061277,3.356671,4.58729,-0.074609,-0.036505,-0.01359,-8.286332,2.571373,-1.831564,-1.123939,-0.027446,-0.502815
2026-08-19T15:48:45.509549+00:00,303611,Birendra,squat,good,squat_good,-8.032547,3.39019,4.560954,-0.097259,-0.023982,-0.006129,-8.384495,2.786851,-1.87466,-1.127669,-0.057289,-0.547847
2026-08-19T15:48:45.509549+00:00,303631,Birendra,squat,good,squat_good,-8.092402,3.351882,4.565742,-0.11751,-0.011724,0.003198,-8.121132,2.552219,-1.879448,-1.136196,-0.067415,-0.616061
2026-08-19T15:48:45.509549+00:00,303652,Birendra,squat,good,squat_good,-8.137892,3.270479,4.5418,-0.123905,-0.002665,0.006129,-8.231265,2.432509,-1.707066,-1.121541,-0.052227,-0.705593
2026-08-19T15:48:45.509549+00:00,303671,Birendra,squat,good,squat_good,-8.180987,3.196259,4.501099,-0.120175,-0.001599,0.007461,-8.312668,2.341529,-1.671153,-1.088233,-0.102322,-0.741032
2026-08-19T15:48:45.509549+00:00,303691,Birendra,squat,good,squat_good,-8.212111,3.203442,4.517859,-0.113247,-0.004796,0.003997,-8.147469,1.908179,-1.472434,-1.003231,-0.140159,-0.716251
2026-08-19T15:48:45.509549+00:00,303711,Birendra,squat,good,squat_good,-8.214506,3.205836,4.493917,-0.10392,-0.015721,-0.001066,-8.073248,1.448492,-1.37906,-0.781534,-0.088732,-0.683476
2026-08-19T15:48:46.353271+00:00,303732,Birendra,squat,good,squat_good,-8.214506,3.236961,4.462792,-0.094328,-0.023182,-0.006129,-8.307879,1.63524,-1.345541,-0.50841,-0.013856,-0.611531
2026-08-19T15:48:46.353271+00:00,303752,Birendra,squat,good,squat_good,-8.228871,3.241749,4.446033,-0.087933,-0.029577,-0.010925,-8.583213,1.865083,-1.328782,-0.316291,0.001066,-0.532392
2026-08-19T15:48:46.353271+00:00,303771,Birendra,squat,good,squat_good,-8.23366,3.241749,4.481946,-0.080738,-0.037038,-0.013323,-8.633492,2.032677,-1.407791,-0.172668,-0.011191,-0.431669
2026-08-19T15:48:46.353271+00:00,303791,Birendra,squat,good,squat_good,-8.202535,3.268085,4.472369,-0.077807,-0.040769,-0.013057,-8.406042,2.044648,-1.501164,-0.057822,0.026646,-0.355727
2026-08-19T15:48:46.353271+00:00,303812,Birendra,squat,good,squat_good,-8.176199,3.244143,4.503493,-0.074343,-0.041302,-0.011191,-8.65025,2.176329,-1.434127,0.007461,0.097792,-0.324018
2026-08-19T15:48:46.353271+00:00,303831,Birendra,squat,good,squat_good,-8.176199,3.263297,4.515464,-0.067681,-0.039436,-0.008527,-8.853758,2.224213,-1.264138,0.042634,0.094594,-0.285648
2026-08-19T15:48:46.353271+00:00,303852,Birendra,squat,good,squat_good,-8.149862,3.256114,4.52983,-0.063951,-0.038637,-0.007727,-8.925584,2.255338,-1.240196,0.073011,0.072211,-0.264064
2026-08-19T15:48:46.353271+00:00,303871,Birendra,squat,good,squat_good,-8.121132,3.275268,4.539406,-0.060487,-0.038371,-0.009593,-9.002198,2.293645,-1.290475,0.083403,0.065017,-0.237685
2026-08-19T15:48:46.353271+00:00,303891,Birendra,squat,good,squat_good,-8.14268,3.268085,4.556166,-0.058089,-0.032508,-0.00906,-8.985439,2.080561,-1.288081,0.12124,0.081005,-0.201179
2026-08-19T15:48:46.353271+00:00,303911,Birendra,squat,good,squat_good,-8.161834,3.251326,4.565742,-0.062885,-0.027446,-0.005329,-8.968679,2.286463,-1.271321,0.167072,0.112447,-0.203311
2026-08-19T15:48:46.353271+00:00,303931,Birendra,squat,good,squat_good,-8.192958,3.205836,4.525041,-0.061819,-0.03464,-0.004263,-9.155427,2.396596,-1.233014,0.134297,0.116178,-0.18226
2026-08-19T15:48:46.353271+00:00,303956,Birendra,squat,good,squat_good,-8.183381,3.155558,4.51307,-0.046364,-0.041835,-0.006928,-9.062054,2.284068,-1.127669,0.112714,0.080738,-0.169204
2026-08-19T15:48:46.353271+00:00,303972,Birendra,squat,good,squat_good,-8.195353,3.20823,4.5418,-0.034107,-0.035173,-0.008793,-9.074024,2.39899,-1.055843,0.099657,0.085534,-0.158812
2026-08-19T15:48:46.353271+00:00,303992,Birendra,squat,good,squat_good,-8.171411,3.275268,4.560954,-0.032508,-0.034107,-0.011724,-8.961497,2.274492,-1.151611,0.086334,0.115911,-0.119642
2026-08-19T15:48:46.353271+00:00,304011,Birendra,squat,good,squat_good,-8.176199,3.275268,4.534618,-0.032508,-0.040769,-0.015721,-9.210494,2.284068,-0.964863,0.092196,0.124438,-0.140959
2026-08-19T15:48:46.353271+00:00,304031,Birendra,squat,good,squat_good,-8.183381,3.241749,4.527435,-0.027712,-0.045565,-0.023449,-9.227253,2.537854,-1.096544,0.057822,0.031443,-0.163342
2026-08-19T15:48:46.353271+00:00,304052,Birendra,squat,good,squat_good,-8.188169,3.22499,4.553771,-0.018119,-0.0437,-0.02558,-9.251195,2.267309,-1.106121,0.035706,-0.066616,-0.207041
2026-08-19T15:48:46.353271+00:00,304072,Birendra,squat,good,squat_good,-8.185776,3.258508,4.563348,-0.016787,-0.046098,-0.029044,-8.980651,2.315193,-1.256956,-0.014655,-0.05196,-0.140159
2026-08-19T15:48:46.353271+00:00,304091,Birendra,squat,good,squat_good,-8.171411,3.270479,4.532224,-0.01359,-0.048496,-0.031176,-9.074024,2.221819,-1.158794,0.001066,-0.01732,-0.097259
2026-08-19T15:48:46.353271+00:00,304111,Birendra,squat,good,squat_good,-8.11395,3.330335,4.534618,-0.014655,-0.049029,-0.031709,-9.126697,2.243367,-1.233014,-0.003997,0.003997,-0.057023
2026-08-19T15:48:46.353271+00:00,304131,Birendra,squat,good,squat_good,-8.14268,3.332729,4.517859,-0.022649,-0.043433,-0.03011,-9.186552,2.082955,-1.218649,0.00373,-0.010658,-0.028778
2026-08-19T15:48:46.353271+00:00,304152,Birendra,squat,good,squat_good,-8.159439,3.339911,4.553771,-0.032242,-0.046364,-0.03011,-9.141062,2.166753,-1.283292,0.003464,-0.049828,-0.02638
2026-08-19T15:48:46.353271+00:00,304171,Birendra,squat,good,squat_good,-8.147469,3.337517,4.565742,-0.037838,-0.047963,-0.030377,-9.076419,2.214637,-1.391031,-0.018386,-0.089531,-0.013323
2026-08-19T15:48:46.353271+00:00,304191,Birendra,squat,good,squat_good,-8.149862,3.335123,4.553771,-0.044766,-0.044499,-0.026913,-9.033323,2.063802,-1.383849,-0.043433,-0.10925,0.03917
2026-08-19T15:48:46.353271+00:00,304211,Birendra,squat,good,squat_good,-8.137892,3.351882,4.525041,-0.051694,-0.038904,-0.021583,-8.90643,2.032677,-1.489193,-0.038104,-0.10019,0.058888
2026-08-19T15:48:46.353271+00:00,304231,Birendra,squat,good,squat_good,-8.137892,3.39019,4.525041,-0.062619,-0.037305,-0.017853,-8.983045,2.020706,-1.49877,-0.047697,-0.099657,0.078873
2026-08-19T15:48:46.353271+00:00,304252,Birendra,squat,good,squat_good,-8.12592,3.375824,4.505888,-0.075675,-0.03917,-0.01732,-8.825027,1.982399,-1.553837,-0.056224,-0.118576,0.100456
2026-08-19T15:48:46.353271+00:00,304271,Birendra,squat,good,squat_good,-8.178593,3.39019,4.503493,-0.085801,-0.044233,-0.015988,-8.813056,1.939303,-1.553837,-0.065283,-0.096459,0.102322
2026-08-19T15:48:46.353271+00:00,304291,Birendra,squat,good,squat_good,-8.178593,3.406949,4.462792,-0.095926,-0.05196,-0.017853,-8.836999,1.951274,-1.525106,-0.074609,-0.106585,0.118576
2026-08-19T15:48:46.353271+00:00,304311,Birendra,squat,good,squat_good,-8.161834,3.385401,4.489128,-0.104187,-0.056757,-0.01732,-8.748413,1.910573,-1.584962,-0.094861,-0.09939,0.124172
2026-08-19T15:48:46.353271+00:00,304331,Birendra,squat,good,squat_good,-8.154651,3.387795,4.48434,-0.110582,-0.050361,-0.011458,-8.765172,1.944092,-1.594538,-0.113513,-0.092729,0.109516
2026-08-19T15:48:46.353271+00:00,304352,Birendra,squat,good,squat_good,-8.116343,3.385401,4.460398,-0.113779,-0.038904,-0.007194,-8.760384,1.908179,-1.575385,-0.152949,-0.098591,0.095394
2026-08-19T15:48:46.353271+00:00,304371,Birendra,squat,good,squat_good,-8.111555,3.39019,4.479551,-0.116977,-0.032508,-0.005329,-8.698134,1.817199,-1.596933,-0.179329,-0.103387,0.093795
2026-08-19T15:48:46.353271+00:00,304391,Birendra,squat,good,squat_good,-8.133103,3.375824,4.479551,-0.120974,-0.026913,-0.002132,-8.640674,1.771709,-1.582567,-0.185458,-0.076208,0.075675
2026-08-19T15:48:46.353271+00:00,304411,Birendra,squat,good,squat_good,-8.147469,3.351882,4.453215,-0.122839,-0.023182,0.000266,-8.702923,1.771709,-1.532289,-0.205443,-0.056757,0.07381
2026-08-19T15:48:46.353271+00:00,304431,Birendra,squat,good,squat_good,-8.152257,3.335123,4.465186,-0.123639,-0.018652,0.001066,-8.655039,1.745373,-1.520318,-0.202511,-0.042368,0.057289
2026-08-19T15:48:46.353271+00:00,304452,Birendra,squat,good,squat_good,-8.166622,3.303998,4.460398,-0.12124,-0.020251,0.001066,-8.750807,1.697489,-1.477222,-0.207841,-0.025047,0.039703
2026-08-19T15:48:46.353271+00:00,304471,Birendra,squat,good,squat_good,-8.178593,3.330335,4.46758,-0.118043,-0.023449,-0.000533,-8.736442,1.73819,-1.426944,-0.213703,-0.032508,0.023449
2026-08-19T15:48:46.353271+00:00,304491,Birendra,squat,good,squat_good,-8.169016,3.318364,4.453215,-0.113779,-0.021317,-0.001332,-8.74123,1.70946,-1.410185,-0.2169,-0.026113,0.001332
2026-08-19T15:48:46.353271+00:00,304511,Birendra,squat,good,squat_good,-8.130709,3.311181,4.477157,-0.110315,-0.018386,-0.001332,-8.798691,1.735796,-1.383849,-0.214236,-0.013323,-0.024248
2026-08-19T15:48:46.353271+00:00,304531,Birendra,squat,good,squat_good,-8.130709,3.330335,4.486734,-0.108184,-0.019185,-0.000799,-8.808268,1.685518,-1.319205,-0.22223,-0.01279,-0.033041
2026-08-19T15:48:46.353271+00:00,304551,Birendra,squat,good,squat_good,-8.152257,3.337517,4.46758,-0.112714,-0.016254,0.000266,-8.779537,1.692701,-1.321599,-0.227026,-0.007994,-0.046897
2026-08-19T15:48:46.353271+00:00,304572,Birendra,squat,good,squat_good,-8.161834,3.323152,4.498705,-0.114046,-0.019985,0.000266,-8.882488,1.623269,-1.295263,-0.223296,-0.005862,-0.051427
2026-08-19T15:48:46.353271+00:00,304591,Birendra,squat,good,squat_good,-8.173804,3.303998,4.527435,-0.107118,-0.025314,0.001332,-8.887277,1.649605,-1.300052,-0.208107,-0.005862,-0.058622
2026-08-19T15:48:46.353271+00:00,304611,Birendra,squat,good,squat_good,-8.190564,3.306392,4.505888,-0.109783,-0.024515,0.003997,-8.916007,1.66397,-1.235408,-0.201446,-0.00826,-0.068747
2026-08-19T15:48:46.353271+00:00,304631,Birendra,squat,good,squat_good,-8.209718,3.25372,4.426879,-0.110315,-0.031443,0.007994,-8.942344,1.723825,-1.194707,-0.206775,-0.018919,-0.075675
2026-08-19T15:48:46.353271+00:00,304652,Birendra,squat,good,squat_good,-8.185776,3.287239,4.448427,-0.107118,-0.0429,0.003997,-8.875306,1.661576,-1.146823,-0.203577,-0.034374,-0.085801
2026-08-19T15:48:46.353271+00:00,304672,Birendra,squat,good,squat_good,-8.183381,3.260903,4.520253,-0.10472,-0.048496,0.0,-8.880095,1.68073,-1.137246,-0.190254,-0.035173,-0.090864
2026-08-19T15:48:46.353271+00:00,304691,Birendra,squat,good,squat_good,-8.176199,3.289633,4.515464,-0.107917,-0.048763,-0.000533,-8.858546,1.666364,-1.163582,-0.166539,-0.051427,-0.080738
2026-08-19T15:48:46.353271+00:00,304711,Birendra,squat,good,squat_good,-8.159439,3.3447,4.503493,-0.109783,-0.053559,0.000799,-8.92319,1.762132,-1.18513,-0.14842,-0.051427,-0.096193
2026-08-19T15:51:15.541124+00:00,88830,Birendra,squat,good,squat_good,0.0,0.0,0.0,0.0,0.0,0.0,-9.363723,0.059855,0.52433,0.031443,-0.079139,-0.041835
2026-08-19T15:51:15.541124+00:00,88850,Birendra,squat,good,squat_good,0.0,0.0,0.0,0.0,0.0,0.0,-9.617508,0.126893,0.517148,0.022383,-0.061819,-0.079406
2026-08-19T15:51:15.541124+00:00,88872,Birendra,squat,good,squat_good,0.0,0.0,0.0,0.0,0.0,0.0,-9.768343,0.186748,0.481235,-0.003198,-0.077541,-0.112181
2026-08-19T15:51:15.541124+00:00,88892,Birendra,squat,good,squat_good,0.0,0.0,0.0,0.0,0.0,0.0,-9.749189,0.062249,0.488417,-0.031176,-0.110848,-0.126037
2026-08-19T15:51:15.541124+00:00,88911,Birendra,squat,good,squat_good,0.0,0.0,0.0,0.0,0.0,0.0,-9.509769,0.064643,0.514753,-0.045299,-0.118309,-0.116178
2026-08-19T15:51:15.541124+00:00,88930,Birendra,squat,good,squat_good,0.0,0.0,0.0,0.0,0.0,0.0,-9.425972,0.0,0.560243,-0.034374,-0.106851,-0.101522
2026-08-19T15:51:15.541124+00:00,88951,Birendra,squat,good,squat_good,0.0,0.0,0.0,0.0,0.0,0.0,-9.354146,0.047884,0.555455,-0.003997,-0.096726,-0.085002
2026-08-19T15:51:15.541124+00:00,88970,Birendra,squat,good,squat_good,0.0,0.0,0.0,0.0,0.0,0.0,-9.414001,0.234632,0.591368,-0.006129,-0.082603,-0.079939
2026-08-19T15:51:15.541124+00:00,88991,Birendra,squat,good,squat_good,0.0,0.0,0.0,0.0,0.0,0.0,-9.270349,0.270545,0.519542,-0.017054,-0.101789,-0.093795
2026-08-19T15:51:15.541124+00:00,89010,Birendra,squat,good,squat_good,0.0,0.0,0.0,0.0,0.0,0.0,-8.99741,0.361524,0.538695,-0.031975,-0.090331,-0.113779
2026-08-19T15:51:15.541124+00:00,89030,Birendra,squat,good,squat_good,0.0,0.0,0.0,0.0,0.0,0.0,-8.705317,0.308852,0.567426,-0.038637,-0.04823,-0.119109
2026-08-19T15:51:15.541124+00:00,89050,Birendra,squat,good,squat_good,0.0,0.0,0.0,0.0,0.0,0.0,-8.566454,0.385466,0.514753,-0.029311,0.019185,-0.128435
2026-08-19T15:51:15.541124+00:00,89070,Birendra,squat,good,squat_good,0.0,0.0,0.0,0.0,0.0,0.0,-8.669404,0.452504,0.471658,-0.026646,0.072744,-0.140959
2026-08-19T15:51:15.541124+00:00,89093,Birendra,squat,good,squat_good,0.0,0.0,0.0,0.0,0.0,0.0,-8.904037,0.588974,0.339977,-0.041835,0.093795,-0.176398
2026-08-19T15:51:15.541124+00:00,90911,Birendra,squat,good,squat_good,0.0,0.0,0.0,0.0,0.0,0.0,-9.203311,0.610521,-1.201889,-0.074343,0.072744,-0.075942
2026-08-19T15:51:15.541124+00:00,90917,Birendra,squat,good,squat_good,0.0,0.0,0.0,0.0,0.0,0.0,-9.215282,0.572214,-1.204283,-0.075409,0.070346,-0.079139
2026-08-19T15:51:15.541124+00:00,90922,Birendra,squat,good,squat_good,0.0,0.0,0.0,0.0,0.0,0.0,-9.255983,0.550666,-1.225831,-0.069813,0.06555,-0.081271
2026-08-19T15:51:15.541124+00:00,90929,Birendra,squat,good,squat_good,0.0,0.0,0.0,0.0,0.0,0.0,-9.289502,0.533907,-1.197101,-0.07008,0.061553,-0.078074
2026-08-19T15:51:15.541124+00:00,90934,Birendra,squat,good,squat_good,0.0,0.0,0.0,0.0,0.0,0.0,-9.277532,0.517148,-1.221043,-0.064217,0.057289,-0.073277
2026-08-19T15:51:15.541124+00:00,90940,Birendra,squat,good,squat_good,0.0,0.0,0.0,0.0,0.0,0.0,-9.263166,0.538695,-1.223437,-0.06475,0.058355,-0.069014
2026-08-19T15:51:15.541124+00:00,90945,Birendra,squat,good,squat_good,0.0,0.0,0.0,0.0,0.0,0.0,-9.246407,0.548272,-1.240196,-0.063951,0.060487,-0.065816
2026-08-19T15:51:15.541124+00:00,90951,Birendra,squat,good,squat_good,0.0,0.0,0.0,0.0,0.0,0.0,-9.279925,0.56982,-1.201889,-0.066349,0.063685,-0.062885
2026-08-19T15:51:15.541124+00:00,90956,Birendra,squat,good,squat_good,0.0,0.0,0.0,0.0,0.0,0.0,-9.31105,0.545878,-1.180341,-0.066882,0.063152,-0.053825
2026-08-19T15:51:15.541124+00:00,90962,Birendra,squat,good,squat_good,0.0,0.0,0.0,0.0,0.0,0.0,-9.294291,0.517148,-1.206678,-0.063418,0.064217,-0.046897
2026-08-19T15:51:15.541124+00:00,90967,Birendra,squat,good,squat_good,0.0,0.0,0.0,0.0,0.0,0.0,-9.332599,0.533907,-1.206678,-0.062086,0.063418,-0.043966
2026-08-19T15:51:15.541124+00:00,90973,Birendra,squat,good,squat_good,0.0,0.0,0.0,0.0,0.0,0.0,-9.356541,0.543484,-1.192312,-0.059954,0.057822,-0.038904
2026-08-19T15:51:15.541124+00:00,90979,Birendra,squat,good,squat_good,0.0,0.0,0.0,0.0,0.0,0.0,-9.315839,0.52433,-1.197101,-0.057023,0.051427,-0.032242
2026-08-19T15:51:15.541124+00:00,90984,Birendra,squat,good,squat_good,0.0,0.0,0.0,0.0,0.0,0.0,-9.308656,0.545878,-1.21386,-0.053292,0.04823,-0.029044
2026-08-19T15:51:15.541124+00:00,90990,Birendra,squat,good,squat_good,0.0,0.0,0.0,0.0,0.0,0.0,-9.308656,0.588974,-1.216254,-0.052493,0.0437,-0.026646
2026-08-19T15:51:15.541124+00:00,90995,Birendra,squat,good,squat_good,0.0,0.0,0.0,0.0,0.0,0.0,-9.294291,0.593762,-1.216254,-0.051694,0.03917,-0.020518
2026-08-19T15:51:15.541124+00:00,91001,Birendra,squat,good,squat_good,0.0,0.0,0.0,0.0,0.0,0.0,-9.260772,0.577003,-1.206678,-0.045565,0.036772,-0.012524
2026-08-19T15:51:15.541124+00:00,91006,Birendra,squat,good,squat_good,0.0,0.0,0.0,0.0,0.0,0.0,-9.258378,0.548272,-1.180341,-0.038104,0.032508,-0.003464
2026-08-19T15:51:15.541124+00:00,91012,Birendra,squat,good,squat_good,0.0,0.0,0.0,0.0,0.0,0.0,-9.258378,0.543484,-1.158794,-0.03091,0.029577,0.00453
2026-08-19T15:51:15.541124+00:00,91017,Birendra,squat,good,squat_good,0.0,0.0,0.0,0.0,0.0,0.0,-9.26556,0.536301,-1.158794,-0.016521,0.031176,0.017054
2026-08-19T15:51:15.541124+00:00,91023,Birendra,squat,good,squat_good,0.0,0.0,0.0,0.0,0.0,0.0,-9.306262,0.600945,-1.156399,-0.005329,0.031975,0.026646
2026-08-19T15:51:15.541124+00:00,91028,Birendra,squat,good,squat_good,0.0,0.0,0.0,0.0,0.0,0.0,-9.380483,0.634463,-1.146823,0.007461,0.02638,0.047697
2026-08-19T15:51:15.541124+00:00,91034,Birendra,squat,good,squat_good,0.0,0.0,0.0,0.0,0.0,0.0,-9.390059,0.581791,-1.137246,0.016787,0.019452,0.071145
2026-08-19T15:51:15.541124+00:00,91039,Birendra,squat,good,squat_good,0.0,0.0,0.0,0.0,0.0,0.0,-9.423578,0.548272,-1.125275,0.024248,0.011458,0.094328
2026-08-19T15:51:15.541124+00:00,91045,Birendra,squat,good,squat_good,0.0,0.0,0.0,0.0,0.0,0.0,-9.423578,0.47884,-1.122881,0.028511,0.001066,0.110049
2026-08-19T15:51:15.541124+00:00,91051,Birendra,squat,good,squat_good,0.0,0.0,0.0,0.0,0.0,0.0,-9.375694,0.464475,-1.177947,0.041035,-0.007461,0.124704
2026-08-19T15:51:15.541124+00:00,91056,Birendra,squat,good,squat_good,0.0,0.0,0.0,0.0,0.0,0.0,-9.411607,0.56982,-1.209072,0.058089,-0.001066,0.132965
2026-08-19T15:51:15.541124+00:00,91062,Birendra,squat,good,squat_good,0.0,0.0,0.0,0.0,0.0,0.0,-9.552865,0.773327,-1.187524,0.075675,0.000266,0.153216
2026-08-19T15:51:15.541124+00:00,91067,Birendra,squat,good,squat_good,0.0,0.0,0.0,0.0,0.0,0.0,-9.622296,0.876278,-1.173159,0.081271,-0.011991,0.185991
2026-08-19T15:51:15.541124+00:00,91073,Birendra,squat,good,squat_good,0.0,0.0,0.0,0.0,0.0,0.0,-9.665392,0.890643,-1.201889,0.086334,-0.031176,0.224361
2026-08-19T15:51:15.541124+00:00,91078,Birendra,squat,good,squat_good,0.0,0.0,0.0,0.0,0.0,0.0,-9.643845,0.852336,-1.233014,0.093795,-0.043433,0.255271
2026-08-19T15:51:15.541124+00:00,91084,Birendra,squat,good,squat_good,0.0,0.0,0.0,0.0,0.0,0.0,-9.636662,0.830788,-1.21386,0.106585,-0.048496,0.284848
2026-08-19T15:51:15.541124+00:00,91089,Birendra,squat,good,squat_good,0.0,0.0,0.0,0.0,0.0,0.0,-9.607931,0.787692,-1.204283,0.131899,-0.052227,0.328282
2026-08-19T15:51:15.541124+00:00,91095,Birendra,squat,good,squat_good,0.0,0.0,0.0,0.0,0.0,0.0,-9.560047,0.732626,-1.201889,0.158279,-0.050095,0.369051
2026-08-19T15:51:15.541124+00:00,91100,Birendra,squat,good,squat_good,0.0,0.0,0.0,0.0,0.0,0.0,-9.543288,0.703895,-1.223437,0.19585,-0.037838,0.403424
2026-08-19T15:51:15.541124+00:00,91106,Birendra,squat,good,squat_good,0.0,0.0,0.0,0.0,0.0,0.0,-9.555259,0.758962,-1.218649,0.22676,-0.026113,0.426873
2026-08-19T15:51:15.681823+00:00,91830,Birendra,squat,good,squat_good,0.0,0.0,0.0,0.0,0.0,0.0,-9.512163,0.837971,-0.955287,-0.023982,0.061553,-0.406888
2026-08-19T15:51:15.681823+00:00,91852,Birendra,squat,good,squat_good,0.0,0.0,0.0,0.0,0.0,0.0,-9.449914,0.682347,-1.01993,-0.023449,0.025047,-0.36159
2026-08-19T15:51:15.681823+00:00,91870,Birendra,squat,good,squat_good,0.0,0.0,0.0,0.0,0.0,0.0,-9.411607,0.577003,-0.979228,-0.016254,0.006662,-0.298438
2026-08-19T15:51:15.681823+00:00,91890,Birendra,squat,good,squat_good,0.0,0.0,0.0,0.0,0.0,0.0,-9.323022,0.438139,-1.01993,0.023182,-0.005862,-0.22676
2026-08-19T15:51:15.681823+00:00,91910,Birendra,squat,good,squat_good,0.0,0.0,0.0,0.0,0.0,0.0,-9.232041,0.474052,-1.055843,0.065283,-0.023182,-0.157213
2026-08-19T15:51:15.681823+00:00,91930,Birendra,squat,good,squat_good,0.0,0.0,0.0,0.0,0.0,0.0,-9.203311,0.533907,-1.058237,0.099657,-0.029311,-0.105253
2026-08-19T15:51:15.681823+00:00,91952,Birendra,squat,good,squat_good,0.0,0.0,0.0,0.0,0.0,0.0,-9.176975,0.617704,-1.098939,0.112714,-0.041302,-0.060753
2026-08-19T15:51:15.681823+00:00,91152,Birendra,squat,good,squat_good,0.0,0.0,0.0,0.0,0.0,0.0,-9.569624,1.525106,-1.33357,0.236619,-0.0874,0.612064
2026-08-19T15:51:15.681823+00:00,91158,Birendra,squat,good,squat_good,0.0,0.0,0.0,0.0,0.0,0.0,-9.579201,1.501164,-1.340753,0.215302,-0.107118,0.623789
2026-08-19T15:51:15.681823+00:00,91163,Birendra,squat,good,squat_good,0.0,0.0,0.0,0.0,0.0,0.0,-9.595961,1.541866,-1.381454,0.192386,-0.127636,0.632582
2026-08-19T15:51:15.681823+00:00,91169,Birendra,squat,good,squat_good,0.0,0.0,0.0,0.0,0.0,0.0,-9.586384,1.580173,-1.414973,0.170536,-0.146021,0.640576
2026-08-19T15:51:15.681823+00:00,91174,Birendra,squat,good,squat_good,0.0,0.0,0.0,0.0,0.0,0.0,-9.55047,1.656788,-1.412579,0.142025,-0.172135,0.651767
2026-08-19T15:51:15.681823+00:00,91180,Birendra,squat,good,squat_good,0.0,0.0,0.0,0.0,0.0,0.0,-9.488221,1.695095,-1.429338,0.114579,-0.189721,0.664025
2026-08-19T15:51:15.681823+00:00,91185,Birendra,squat,good,squat_good,0.0,0.0,0.0,0.0,0.0,0.0,-9.406818,1.692701,-1.446098,0.082603,-0.207041,0.672285
2026-08-19T15:51:15.681823+00:00,91191,Birendra,squat,good,squat_good,0.0,0.0,0.0,0.0,0.0,0.0,-9.351752,1.668759,-1.441309,0.057822,-0.217167,0.676815
2026-08-19T15:51:15.681823+00:00,91197,Birendra,squat,good,squat_good,0.0,0.0,0.0,0.0,0.0,0.0,-9.330204,1.66397,-1.414973,0.032775,-0.227292,0.676015
2026-08-19T15:51:15.681823+00:00,91203,Birendra,squat,good,squat_good,0.0,0.0,0.0,0.0,0.0,0.0,-9.270349,1.68073,-1.417367,0.008793,-0.236885,0.678413
2026-08-19T15:51:15.681823+00:00,91208,Birendra,squat,good,squat_good,0.0,0.0,0.0,0.0,0.0,0.0,-9.193734,1.699883,-1.436521,-0.01279,-0.241415,0.678413
2026-08-19T15:51:15.681823+00:00,91214,Birendra,squat,good,squat_good,0.0,0.0,0.0,0.0,0.0,0.0,-9.14585,1.671153,-1.42455,-0.044766,-0.242481,0.675749
2026-08-19T15:51:15.681823+00:00,91219,Birendra,squat,good,squat_good,0.0,0.0,0.0,0.0,0.0,0.0,-9.081207,1.613692,-1.37906,-0.071945,-0.240616,0.671752
2026-08-19T15:51:15.681823+00:00,91225,Birendra,squat,good,squat_good,0.0,0.0,0.0,0.0,0.0,0.0,-9.085996,1.541866,-1.347936,-0.089265,-0.239017,0.66589
2026-08-19T15:51:15.681823+00:00,91230,Birendra,squat,good,squat_good,0.0,0.0,0.0,0.0,0.0,0.0,-9.064447,1.503559,-1.338359,-0.102055,-0.236885,0.656564
2026-08-19T15:51:15.681823+00:00,91237,Birendra,squat,good,squat_good,0.0,0.0,0.0,0.0,0.0,0.0,-9.085996,1.508347,-1.283292,-0.107651,-0.235819,0.648303
2026-08-19T15:51:15.681823+00:00,91242,Birendra,squat,good,squat_good,0.0,0.0,0.0,0.0,0.0,0.0,-9.078813,1.510741,-1.252167,-0.111648,-0.234487,0.645106
2026-08-19T15:51:15.681823+00:00,91248,Birendra,squat,good,squat_good,0.0,0.0,0.0,0.0,0.0,0.0,-9.105149,1.505953,-1.218649,-0.111914,-0.234753,0.643773
2026-08-19T15:51:15.681823+00:00,91253,Birendra,squat,good,squat_good,0.0,0.0,0.0,0.0,0.0,0.0,-9.129091,1.508347,-1.252167,-0.112181,-0.240616,0.64857
2026-08-19T15:51:15.681823+00:00,91259,Birendra,squat,good,squat_good,0.0,0.0,0.0,0.0,0.0,0.0,-9.124303,1.510741,-1.266533,-0.111648,-0.24328,0.64777
2026-08-19T15:51:15.681823+00:00,91264,Birendra,squat,good,squat_good,0.0,0.0,0.0,0.0,0.0,0.0,-9.131485,1.582567,-1.290475,-0.110315,-0.246211,0.641375
2026-08-19T15:51:15.681823+00:00,91270,Birendra,squat,good,squat_good,0.0,0.0,0.0,0.0,0.0,0.0,-9.14585,1.642422,-1.290475,-0.113513,-0.253139,0.642175
2026-08-19T15:51:15.681823+00:00,91275,Birendra,squat,good,squat_good,0.0,0.0,0.0,0.0,0.0,0.0,-9.143456,1.66397,-1.292869,-0.123106,-0.266196,0.646438
2026-08-19T15:51:15.681823+00:00,91281,Birendra,squat,good,squat_good,0.0,0.0,0.0,0.0,0.0,0.0,-9.093178,1.63524,-1.338359,-0.132698,-0.278453,0.648037
2026-08-19T15:51:15.681823+00:00,91287,Birendra,squat,good,squat_good,0.0,0.0,0.0,0.0,0.0,0.0,-8.961497,1.582567,-1.369483,-0.142025,-0.282717,0.646438
2026-08-19T15:51:15.681823+00:00,91292,Birendra,squat,good,squat_good,0.0,0.0,0.0,0.0,0.0,0.0,-8.887277,1.539472,-1.359907,-0.147087,-0.277654,0.638178
2026-08-19T15:51:15.681823+00:00,91298,Birendra,squat,good,squat_good,0.0,0.0,0.0,0.0,0.0,0.0,-8.865729,1.54426,-1.340753,-0.154282,-0.271259,0.62672
2026-08-19T15:51:15.681823+00:00,91303,Birendra,squat,good,squat_good,0.0,0.0,0.0,0.0,0.0,0.0,-8.810662,1.546654,-1.369483,-0.156946,-0.269127,0.619259
2026-08-19T15:51:15.681823+00:00,91309,Birendra,squat,good,squat_good,0.0,0.0,0.0,0.0,0.0,0.0,-8.734048,1.551443,-1.386243,-0.166006,-0.259801,0.6086
2026-08-19T15:51:15.681823+00:00,91314,Birendra,squat,good,squat_good,0.0,0.0,0.0,0.0,0.0,0.0,-8.714894,1.592144,-1.414973,-0.176132,-0.250741,0.594744
2026-08-19T15:51:15.681823+00:00,91320,Birendra,squat,good,squat_good,0.0,0.0,0.0,0.0,0.0,0.0,-8.710106,1.659182,-1.422156,-0.189988,-0.243547,0.572095
2026-08-19T15:51:15.681823+00:00,91325,Birendra,squat,good,squat_good,0.0,0.0,0.0,0.0,0.0,0.0,-8.722076,1.735796,-1.429338,-0.211305,-0.236885,0.544116
2026-08-19T15:51:15.681823+00:00,91331,Birendra,squat,good,squat_good,0.0,0.0,0.0,0.0,0.0,0.0,-8.767567,1.788469,-1.391031,-0.23955,-0.234487,0.517737
2026-08-19T15:51:15.681823+00:00,91340,Birendra,squat,good,squat_good,0.0,0.0,0.0,0.0,0.0,0.0,-8.791509,1.764527,-1.362301,-0.262732,-0.237418,0.499084
2026-08-19T15:51:15.681823+00:00,91346,Birendra,squat,good,squat_good,0.0,0.0,0.0,0.0,0.0,0.0,-8.777143,1.606509,-1.297657,-0.298438,-0.25234,0.467908
2026-08-19T15:51:15.681823+00:00,91352,Birendra,squat,good,squat_good,0.0,0.0,0.0,0.0,0.0,0.0,-8.736442,1.527501,-1.283292,-0.308297,-0.261133,0.452453
2026-08-19T15:51:15.681823+00:00,91358,Birendra,squat,good,squat_good,0.0,0.0,0.0,0.0,0.0,0.0,-8.616732,1.446098,-1.302446,-0.315758,-0.26513,0.432202
2026-08-19T15:51:15.681823+00:00,91363,Birendra,squat,good,squat_good,0.0,0.0,0.0,0.0,0.0,0.0,-8.511387,1.431733,-1.316811,-0.318423,-0.261133,0.410086
2026-08-19T15:51:15.681823+00:00,91369,Birendra,squat,good,squat_good,0.0,0.0,0.0,0.0,0.0,0.0,-8.432379,1.403002,-1.295263,-0.318689,-0.247277,0.379975
2026-08-19T15:51:15.681823+00:00,91374,Birendra,squat,good,squat_good,0.0,0.0,0.0,0.0,0.0,0.0,-8.408437,1.403002,-1.302446,-0.320288,-0.236086,0.354928
2026-08-19T15:51:15.681823+00:00,91380,Birendra,squat,good,squat_good,0.0,0.0,0.0,0.0,0.0,0.0,-8.420407,1.388637,-1.264138,-0.321887,-0.225694,0.327216
2026-08-19T15:51:15.681823+00:00,91385,Birendra,squat,good,squat_good,0.0,0.0,0.0,0.0,0.0,0.0,-8.456321,1.343147,-1.240196,-0.324018,-0.220897,0.306698
2026-08-19T15:51:15.681823+00:00,91391,Birendra,squat,good,squat_good,0.0,0.0,0.0,0.0,0.0,0.0,-8.48984,1.312023,-1.233014,-0.32242,-0.224361,0.282184
2026-08-19T15:51:15.803540+00:00,91396,Birendra,squat,good,squat_good,0.0,0.0,0.0,0.0,0.0,0.0,-8.444349,1.273715,-1.256956,-0.31789,-0.224095,0.257669
2026-08-19T15:51:15.803540+00:00,91402,Birendra,squat,good,squat_good,0.0,0.0,0.0,0.0,0.0,0.0,-8.3821,1.256956,-1.249773,-0.313893,-0.219032,0.232888
2026-08-19T15:51:15.803540+00:00,91407,Birendra,squat,good,squat_good,0.0,0.0,0.0,0.0,0.0,0.0,-8.350976,1.225831,-1.223437,-0.309363,-0.207308,0.20491
2026-08-19T15:51:15.803540+00:00,91413,Birendra,squat,good,squat_good,0.0,0.0,0.0,0.0,0.0,0.0,-8.358158,1.189918,-1.206678,-0.306698,-0.196916,0.182793
2026-08-19T15:51:15.803540+00:00,91418,Birendra,squat,good,squat_good,0.0,0.0,0.0,0.0,0.0,0.0,-8.355764,1.146823,-1.206678,-0.298172,-0.187323,0.156147
2026-08-19T15:51:15.803540+00:00,91424,Birendra,squat,good,squat_good,0.0,0.0,0.0,0.0,0.0,0.0,-8.343793,1.098939,-1.194707,-0.289112,-0.180662,0.133498
2026-08-19T15:51:15.803540+00:00,91430,Birendra,squat,good,squat_good,0.0,0.0,0.0,0.0,0.0,0.0,-8.317456,1.070208,-1.197101,-0.276322,-0.171868,0.107917
2026-08-19T15:51:15.803540+00:00,91435,Birendra,squat,good,squat_good,0.0,0.0,0.0,0.0,0.0,0.0,-8.295909,1.089362,-1.204283,-0.265397,-0.165207,0.084735
2026-08-19T15:51:15.803540+00:00,91442,Birendra,squat,good,squat_good,0.0,0.0,0.0,0.0,0.0,0.0,-8.243237,1.091756,-1.221043,-0.250208,-0.151351,0.05196
2026-08-19T15:51:15.803540+00:00,91447,Birendra,squat,good,squat_good,0.0,0.0,0.0,0.0,0.0,0.0,-8.2169,1.098939,-1.235408,-0.242214,-0.141225,0.026646
2026-08-19T15:51:15.803540+00:00,91453,Birendra,squat,good,squat_good,0.0,0.0,0.0,0.0,0.0,0.0,-8.207323,1.118092,-1.235408,-0.238217,-0.127636,-0.003997
2026-08-19T15:51:15.803540+00:00,91458,Birendra,squat,good,squat_good,0.0,0.0,0.0,0.0,0.0,0.0,-8.226477,1.101333,-1.206678,-0.233155,-0.114312,-0.03464
2026-08-19T15:51:15.803540+00:00,91464,Birendra,squat,good,squat_good,0.0,0.0,0.0,0.0,0.0,0.0,-8.255207,1.09415,-1.194707,-0.228625,-0.105786,-0.061286
2026-08-19T15:51:15.803540+00:00,91469,Birendra,squat,good,squat_good,0.0,0.0,0.0,0.0,0.0,0.0,-8.298303,1.098939,-1.192312,-0.223828,-0.097792,-0.092462
2026-08-19T15:51:15.803540+00:00,91475,Birendra,squat,good,squat_good,0.0,0.0,0.0,0.0,0.0,0.0,-8.331821,1.077391,-1.180341,-0.220364,-0.092196,-0.11751
2026-08-19T15:51:15.803540+00:00,91480,Birendra,squat,good,squat_good,0.0,0.0,0.0,0.0,0.0,0.0,-8.339005,1.082179,-1.180341,-0.215035,-0.086067,-0.148686
2026-08-19T15:51:15.803540+00:00,91486,Birendra,squat,good,squat_good,0.0,0.0,0.0,0.0,0.0,0.0,-8.343793,1.072602,-1.187524,-0.212104,-0.079939,-0.176398
2026-08-19T15:51:15.803540+00:00,91491,Birendra,squat,good,squat_good,0.0,0.0,0.0,0.0,0.0,0.0,-8.384495,1.063026,-1.211466,-0.209706,-0.071945,-0.209706
2026-08-19T15:51:15.803540+00:00,91497,Birendra,squat,good,squat_good,0.0,0.0,0.0,0.0,0.0,0.0,-8.439561,1.046266,-1.225831,-0.206508,-0.066616,-0.237418
2026-08-19T15:51:15.803540+00:00,91502,Birendra,squat,good,squat_good,0.0,0.0,0.0,0.0,0.0,0.0,-8.492233,1.015141,-1.228225,-0.202245,-0.062086,-0.268594
2026-08-19T15:51:15.803540+00:00,91508,Birendra,squat,good,squat_good,0.0,0.0,0.0,0.0,0.0,0.0,-8.549694,0.986411,-1.247379,-0.198248,-0.061553,-0.293375
2026-08-19T15:51:15.803540+00:00,91513,Birendra,squat,good,squat_good,0.0,0.0,0.0,0.0,0.0,0.0,-8.597578,0.936133,-1.244985,-0.189988,-0.062086,-0.321354
2026-08-19T15:51:15.803540+00:00,91519,Birendra,squat,good,squat_good,0.0,0.0,0.0,0.0,0.0,0.0,-8.604761,0.919373,-1.273715,-0.182527,-0.060753,-0.345335
2026-08-19T15:51:15.803540+00:00,91525,Birendra,squat,good,squat_good,0.0,0.0,0.0,0.0,0.0,0.0,-8.588001,0.878672,-1.307234,-0.171602,-0.055424,-0.375179
2026-08-19T15:51:15.803540+00:00,91530,Birendra,squat,good,squat_good,0.0,0.0,0.0,0.0,0.0,0.0,-8.604761,0.849942,-1.321599,-0.163874,-0.049296,-0.397562
2026-08-19T15:51:15.803540+00:00,91536,Birendra,squat,good,squat_good,0.0,0.0,0.0,0.0,0.0,0.0,-8.62152,0.823605,-1.30484,-0.151617,-0.03464,-0.42634
2026-08-19T15:51:15.803540+00:00,91545,Birendra,squat,good,squat_good,0.0,0.0,0.0,0.0,0.0,0.0,-8.633492,0.790087,-1.300052,-0.141758,-0.024781,-0.444193
2026-08-19T15:51:15.803540+00:00,91551,Birendra,squat,good,squat_good,0.0,0.0,0.0,0.0,0.0,0.0,-8.676587,0.742203,-1.300052,-0.119642,-0.005329,-0.47457
2026-08-19T15:51:15.803540+00:00,91556,Birendra,squat,good,squat_good,0.0,0.0,0.0,0.0,0.0,0.0,-8.671799,0.758962,-1.302446,-0.105519,0.012257,-0.493755
2026-08-19T15:51:15.803540+00:00,91562,Birendra,squat,good,squat_good,0.0,0.0,0.0,0.0,0.0,0.0,-8.719683,0.758962,-1.292869,-0.096726,0.026646,-0.506812
2026-08-19T15:51:15.803540+00:00,91567,Birendra,squat,good,squat_good,0.0,0.0,0.0,0.0,0.0,0.0,-8.767567,0.792481,-1.300052,-0.086067,0.042101,-0.520934
2026-08-19T15:51:15.803540+00:00,91573,Birendra,squat,good,squat_good,0.0,0.0,0.0,0.0,0.0,0.0,-8.793902,0.78051,-1.309628,-0.078606,0.052227,-0.529994
2026-08-19T15:51:15.803540+00:00,91578,Birendra,squat,good,squat_good,0.0,0.0,0.0,0.0,0.0,0.0,-8.836999,0.761356,-1.307234,-0.067681,0.063152,-0.540652
2026-08-19T15:51:15.803540+00:00,91584,Birendra,squat,good,squat_good,0.0,0.0,0.0,0.0,0.0,0.0,-8.856153,0.756568,-1.268927,-0.059688,0.07008,-0.547047
2026-08-19T15:51:15.803540+00:00,91589,Birendra,squat,good,squat_good,0.0,0.0,0.0,0.0,0.0,0.0,-8.882488,0.727837,-1.252167,-0.047697,0.078074,-0.553176
2026-08-19T15:51:15.803540+00:00,91595,Birendra,squat,good,squat_good,0.0,0.0,0.0,0.0,0.0,0.0,-8.870518,0.711078,-1.244985,-0.038104,0.086067,-0.559571
2026-08-19T15:51:15.803540+00:00,91602,Birendra,squat,good,squat_good,0.0,0.0,0.0,0.0,0.0,0.0,-8.841787,0.744597,-1.242591,-0.025314,0.100456,-0.568098
2026-08-19T15:51:15.803540+00:00,91607,Birendra,squat,good,squat_good,0.0,0.0,0.0,0.0,0.0,0.0,-8.856153,0.756568,-1.266533,-0.015988,0.111381,-0.575825
2026-08-19T15:51:15.803540+00:00,91613,Birendra,squat,good,squat_good,0.0,0.0,0.0,0.0,0.0,0.0,-8.865729,0.794875,-1.233014,-0.013057,0.12657,-0.583286
2026-08-19T15:51:15.803540+00:00,91618,Birendra,squat,good,squat_good,0.0,0.0,0.0,0.0,0.0,0.0,-8.880095,0.804452,-1.23062,-0.009859,0.137761,-0.589948
2026-08-19T15:51:15.803540+00:00,91630,Birendra,squat,good,squat_good,0.0,0.0,0.0,0.0,0.0,0.0,-9.004593,0.830788,-1.189918,-0.001865,0.158012,-0.606202
2026-08-19T15:51:15.803540+00:00,91651,Birendra,squat,good,squat_good,0.0,0.0,0.0,0.0,0.0,0.0,-9.176975,0.857124,-1.199495,0.004263,0.151351,-0.6094
2026-08-19T15:51:15.803540+00:00,91670,Birendra,squat,good,squat_good,0.0,0.0,0.0,0.0,0.0,0.0,-9.267955,0.852336,-1.18513,0.0,0.141758,-0.605136
2026-08-19T15:51:15.803540+00:00,91690,Birendra,squat,good,squat_good,0.0,0.0,0.0,0.0,0.0,0.0,-9.31105,0.775721,-1.163582,0.009326,0.147887,-0.596343
2026-08-19T15:51:15.803540+00:00,91710,Birendra,squat,good,squat_good,0.0,0.0,0.0,0.0,0.0,0.0,-9.299079,0.756568,-1.127669,0.026113,0.155081,-0.5649
2026-08-19T15:51:15.803540+00:00,91730,Birendra,squat,good,squat_good,0.0,0.0,0.0,0.0,0.0,0.0,-9.339781,0.78051,-1.067814,0.047164,0.175599,-0.533991
2026-08-19T15:51:15.803540+00:00,91753,Birendra,squat,good,squat_good,0.0,0.0,0.0,0.0,0.0,0.0,-9.423578,0.833182,-1.031901,0.064217,0.172668,-0.503081
2026-08-19T15:51:15.803540+00:00,91770,Birendra,squat,good,squat_good,0.0,0.0,0.0,0.0,0.0,0.0,-9.43076,0.845153,-1.007959,0.062885,0.164407,-0.480965
2026-08-19T15:51:15.803540+00:00,91790,Birendra,squat,good,squat_good,0.0,0.0,0.0,0.0,0.0,0.0,-9.502586,0.895431,-0.991199,0.050361,0.150551,-0.466842
2026-08-19T15:51:15.803540+00:00,91811,Birendra,squat,good,squat_good,0.0,0.0,0.0,0.0,0.0,0.0,-9.557653,0.90022,-1.005565,0.019718,0.107384,-0.443394
2026-08-19T15:51:16.814605+00:00,91830,Birendra,squat,good,squat_good,0.0,0.0,0.0,0.0,0.0,0.0,-9.512163,0.837971,-0.955287,-0.023982,0.061553,-0.406888
2026-08-19T15:51:16.814605+00:00,91852,Birendra,squat,good,squat_good,0.0,0.0,0.0,0.0,0.0,0.0,-9.449914,0.682347,-1.01993,-0.023449,0.025047,-0.36159
2026-08-19T15:51:16.814605+00:00,91870,Birendra,squat,good,squat_good,0.0,0.0,0.0,0.0,0.0,0.0,-9.411607,0.577003,-0.979228,-0.016254,0.006662,-0.298438
2026-08-19T15:51:16.814605+00:00,91890,Birendra,squat,good,squat_good,0.0,0.0,0.0,0.0,0.0,0.0,-9.323022,0.438139,-1.01993,0.023182,-0.005862,-0.22676
2026-08-19T15:51:16.814605+00:00,91910,Birendra,squat,good,squat_good,0.0,0.0,0.0,0.0,0.0,0.0,-9.232041,0.474052,-1.055843,0.065283,-0.023182,-0.157213
2026-08-19T15:51:16.814605+00:00,91930,Birendra,squat,good,squat_good,0.0,0.0,0.0,0.0,0.0,0.0,-9.203311,0.533907,-1.058237,0.099657,-0.029311,-0.105253
2026-08-19T15:51:16.814605+00:00,91952,Birendra,squat,good,squat_good,0.0,0.0,0.0,0.0,0.0,0.0,-9.176975,0.617704,-1.098939,0.112714,-0.041302,-0.060753
2026-08-19T15:51:16.814605+00:00,91971,Birendra,squat,good,squat_good,0.0,0.0,0.0,0.0,0.0,0.0,-9.11712,0.617704,-1.13964,0.124971,-0.06475,-0.023982
2026-08-19T15:51:16.814605+00:00,91992,Birendra,squat,good,squat_good,0.0,0.0,0.0,0.0,0.0,0.0,-9.121908,0.624887,-1.158794,0.168937,-0.057556,0.033308
2026-08-19T15:51:16.814605+00:00,92011,Birendra,squat,good,squat_good,0.0,0.0,0.0,0.0,0.0,0.0,-9.0429,0.553061,-1.199495,0.244879,-0.029844,0.161476
2026-08-19T15:51:16.814605+00:00,92032,Birendra,squat,good,squat_good,0.0,0.0,0.0,0.0,0.0,0.0,-8.980651,0.581791,-1.266533,0.371982,0.054358,0.298172
2026-08-19T15:51:16.814605+00:00,92053,Birendra,squat,good,squat_good,0.0,0.0,0.0,0.0,0.0,0.0,-9.325416,1.149217,-1.359907,0.440995,0.086067,0.438864
2026-08-19T15:51:16.814605+00:00,92070,Birendra,squat,good,squat_good,0.0,0.0,0.0,0.0,0.0,0.0,-9.509769,1.537078,-1.362301,0.433268,0.047963,0.555308
2026-08-19T15:51:16.814605+00:00,92090,Birendra,squat,good,squat_good,0.0,0.0,0.0,0.0,0.0,0.0,-9.437943,1.668759,-1.403002,0.406089,0.011991,0.662426
2026-08-19T15:51:16.814605+00:00,92111,Birendra,squat,good,squat_good,0.0,0.0,0.0,0.0,0.0,0.0,-9.452309,1.862689,-1.371878,0.347201,-0.015988,0.74343
2026-08-19T15:51:16.814605+00:00,92130,Birendra,squat,good,squat_good,0.0,0.0,0.0,0.0,0.0,0.0,-9.41879,1.900996,-1.362301,0.266995,-0.060221,0.81724
2026-08-19T15:51:16.814605+00:00,92151,Birendra,squat,good,squat_good,0.0,0.0,0.0,0.0,0.0,0.0,-9.512163,1.999158,-1.280898,0.220364,-0.101789,0.898245
2026-08-19T15:51:16.814605+00:00,92173,Birendra,squat,good,squat_good,0.0,0.0,0.0,0.0,0.0,0.0,-9.536105,2.015918,-1.194707,0.211305,-0.147354,1.020018
2026-08-19T15:51:16.814605+00:00,92190,Birendra,squat,good,squat_good,0.0,0.0,0.0,0.0,0.0,0.0,-9.552865,1.939303,-1.154005,0.243813,-0.16494,1.169237
2026-08-19T15:51:16.814605+00:00,92210,Birendra,squat,good,squat_good,0.0,0.0,0.0,0.0,0.0,0.0,-9.476251,2.209848,-1.244985,0.293908,-0.120441,1.288346
2026-08-19T15:51:16.814605+00:00,92231,Birendra,squat,good,squat_good,0.0,0.0,0.0,0.0,0.0,0.0,-9.821015,2.626439,-1.211466,0.308031,-0.115112,1.41385
2026-08-19T15:51:16.814605+00:00,92251,Birendra,squat,good,squat_good,0.0,0.0,0.0,0.0,0.0,0.0,-9.880871,2.612074,-1.225831,0.323752,-0.158545,1.617161
2026-08-19T15:51:16.814605+00:00,92271,Birendra,squat,good,squat_good,0.0,0.0,0.0,0.0,0.0,0.0,-10.00537,2.918532,-1.077391,0.431136,-0.136962,1.878827
2026-08-19T15:51:16.814605+00:00,92290,Birendra,squat,good,squat_good,0.0,0.0,0.0,0.0,0.0,0.0,-10.21845,3.071761,-1.391031,0.599008,-0.176132,2.235354
2026-08-19T15:51:16.814605+00:00,92310,Birendra,squat,good,squat_good,0.0,0.0,0.0,0.0,0.0,0.0,-9.813833,3.821146,-1.520318,0.70506,-0.110848,2.505813
2026-08-19T15:51:16.814605+00:00,92330,Birendra,squat,good,squat_good,0.0,0.0,0.0,0.0,0.0,0.0,-9.904813,4.762067,-1.82917,0.661093,-0.032775,2.643308
2026-08-19T15:51:16.814605+00:00,92350,Birendra,squat,good,squat_good,0.0,0.0,0.0,0.0,0.0,0.0,-9.962274,5.89213,-2.018312,0.426606,-0.078606,2.709657
2026-08-19T15:51:16.814605+00:00,92371,Birendra,squat,good,squat_good,0.0,0.0,0.0,0.0,0.0,0.0,-9.519346,5.590461,-1.970428,0.201446,-0.130567,2.83143
2026-08-19T15:51:16.814605+00:00,92390,Birendra,squat,good,squat_good,0.0,0.0,0.0,0.0,0.0,0.0,-9.655815,6.399701,-2.238579,0.133231,-0.068214,2.737103
2026-08-19T15:51:16.814605+00:00,92410,Birendra,squat,good,squat_good,0.0,0.0,0.0,0.0,0.0,0.0,-9.409213,6.591237,-2.276886,-0.057822,-0.116711,2.882058
2026-08-19T15:51:16.814605+00:00,92430,Birendra,squat,good,squat_good,0.0,0.0,0.0,0.0,0.0,0.0,-8.791509,6.768408,-2.44448,-0.175599,0.046631,2.920429
2026-08-19T15:51:16.814605+00:00,92450,Birendra,squat,good,squat_good,0.0,0.0,0.0,0.0,0.0,0.0,-8.200141,7.046135,-2.372654,-0.337874,0.196916,2.969191
2026-08-19T15:51:16.814605+00:00,92471,Birendra,squat,good,squat_good,0.0,0.0,0.0,0.0,0.0,0.0,-7.888895,7.237672,-2.300828,-0.466309,0.357593,3.064852
2026-08-19T15:51:16.814605+00:00,92490,Birendra,squat,good,squat_good,0.0,0.0,0.0,0.0,0.0,0.0,-7.314286,7.570466,-2.449268,-0.574227,0.477234,3.039005
2026-08-19T15:51:16.814605+00:00,92510,Birendra,squat,good,squat_good,0.0,0.0,0.0,0.0,0.0,0.0,-7.024588,8.075643,-2.463634,-0.803917,0.576358,2.928956
2026-08-19T15:51:16.814605+00:00,92530,Birendra,squat,good,squat_good,0.0,0.0,0.0,0.0,0.0,0.0,-7.022193,8.492233,-2.870648,-0.995504,0.697599,2.849283
2026-08-19T15:51:16.814605+00:00,92550,Birendra,squat,good,squat_good,0.0,0.0,0.0,0.0,0.0,0.0,-7.108385,8.892065,-2.636016,-1.27449,0.666423,2.856211
2026-08-19T15:51:16.814605+00:00,92571,Birendra,squat,good,squat_good,0.0,0.0,0.0,0.0,0.0,0.0,-6.287174,7.862558,-2.099715,-1.388536,0.628851,2.979584
2026-08-19T15:51:16.814605+00:00,92590,Birendra,squat,good,squat_good,0.0,0.0,0.0,0.0,0.0,0.0,-5.57849,8.319851,-2.092532,-1.285948,0.729574,3.018754
2026-08-19T15:51:16.814605+00:00,92610,Birendra,squat,good,squat_good,0.0,0.0,0.0,0.0,0.0,0.0,-5.171476,9.105149,-1.891419,-1.446358,0.786064,2.973188
2026-08-19T15:51:16.814605+00:00,92630,Birendra,squat,good,squat_good,0.0,0.0,0.0,0.0,0.0,0.0,-4.625597,9.629479,-1.788469,-1.716818,0.746095,2.70566
2026-08-19T15:51:16.814605+00:00,92650,Birendra,squat,good,squat_good,0.0,0.0,0.0,0.0,0.0,0.0,-4.288015,9.928755,-1.465251,-2.050162,0.599008,2.581755
2026-08-19T15:51:16.814605+00:00,92671,Birendra,squat,good,squat_good,0.0,0.0,0.0,0.0,0.0,0.0,-2.952051,8.032547,-0.804452,-2.200181,0.453786,2.725378
2026-08-19T15:51:16.814605+00:00,92690,Birendra,squat,good,squat_good,0.0,0.0,0.0,0.0,0.0,0.0,-1.699883,7.728483,-0.526724,-1.939047,0.598741,2.790662
2026-08-19T15:51:16.814605+00:00,92710,Birendra,squat,good,squat_good,0.0,0.0,0.0,0.0,0.0,0.0,-1.103727,8.449138,-0.423774,-1.755188,0.859075,2.841556
2026-08-19T15:51:16.814605+00:00,92730,Birendra,squat,good,squat_good,0.0,0.0,0.0,0.0,0.0,0.0,-0.921768,8.7125,0.093374,-1.708291,1.030677,2.880459
2026-08-19T15:51:16.814605+00:00,92750,Birendra,squat,good,squat_good,0.0,0.0,0.0,0.0,0.0,0.0,-0.237026,8.853758,0.653617,-1.658463,1.11408,2.843688
2026-08-19T15:51:16.814605+00:00,92772,Birendra,squat,good,squat_good,0.0,0.0,0.0,0.0,0.0,0.0,0.672771,8.190564,1.13964,-1.666723,1.190821,2.81491
2026-08-19T15:51:16.814605+00:00,92791,Birendra,squat,good,squat_good,0.0,0.0,0.0,0.0,0.0,0.0,1.474828,8.192958,1.601721,-1.615029,1.318456,2.658496
2026-08-19T15:51:16.814605+00:00,92811,Birendra,squat,good,squat_good,0.0,0.0,0.0,0.0,0.0,0.0,1.924938,8.231265,1.558625,-1.599308,1.43117,2.425075
2026-08-19T15:51:17.554226+00:00,92831,Birendra,squat,good,squat_good,0.0,0.0,0.0,0.0,0.0,0.0,2.145205,8.391677,1.850718,-1.759985,1.520168,2.187124
2026-08-19T15:51:17.554226+00:00,92851,Birendra,squat,good,squat_good,0.0,0.0,0.0,0.0,0.0,0.0,2.621651,7.742848,2.145205,-1.852714,1.694701,1.977951
2026-08-19T15:51:17.554226+00:00,92871,Birendra,squat,good,squat_good,0.0,0.0,0.0,0.0,0.0,0.0,2.817975,6.92882,2.870648,-1.844986,2.048563,1.636613
2026-08-19T15:51:17.554226+00:00,92891,Birendra,squat,good,squat_good,0.0,0.0,0.0,0.0,0.0,0.0,3.356671,7.295133,2.928109,-1.902276,2.27026,1.613963
2026-08-19T15:51:17.554226+00:00,92912,Birendra,squat,good,squat_good,0.0,0.0,0.0,0.0,0.0,0.0,2.327164,7.64708,3.536236,-1.993939,2.530861,1.241182
2026-08-19T15:51:17.554226+00:00,92931,Birendra,squat,good,squat_good,0.0,0.0,0.0,0.0,0.0,0.0,-0.28491,7.733272,4.237737,-1.706692,1.402925,1.377611
2026-08-19T15:51:17.554226+00:00,92950,Birendra,squat,good,squat_good,0.0,0.0,0.0,0.0,0.0,0.0,2.106898,8.66701,3.785233,-1.670453,0.559038,1.637678
2026-08-19T15:51:17.554226+00:00,92970,Birendra,squat,good,squat_good,0.0,0.0,0.0,0.0,0.0,0.0,2.901772,8.025364,3.600879,-1.710689,0.571562,1.716018
2026-08-19T15:51:17.554226+00:00,92991,Birendra,squat,good,squat_good,0.0,0.0,0.0,0.0,0.0,0.0,3.39019,7.24246,3.718195,-1.479666,0.736769,1.89668
2026-08-19T15:51:17.554226+00:00,93011,Birendra,squat,good,squat_good,0.0,0.0,0.0,0.0,0.0,0.0,3.706224,8.030152,3.632004,-1.277954,0.946208,2.072012
2026-08-19T15:51:17.554226+00:00,93031,Birendra,squat,good,squat_good,0.0,0.0,0.0,0.0,0.0,0.0,4.103662,6.58166,4.721366,-1.308331,1.273158,2.275057
2026-08-19T15:51:17.554226+00:00,93050,Birendra,squat,good,squat_good,0.0,0.0,0.0,0.0,0.0,0.0,3.74932,3.995923,6.959944,-1.211338,1.562802,2.376046
2026-08-19T15:51:17.554226+00:00,93070,Birendra,squat,good,squat_good,0.0,0.0,0.0,0.0,0.0,0.0,2.561796,2.025495,9.478644,-0.872931,1.507112,2.238551
2026-08-19T15:51:17.554226+00:00,93091,Birendra,squat,good,squat_good,0.0,0.0,0.0,0.0,0.0,0.0,-0.026336,1.314417,10.87925,-0.912634,0.481764,2.185792
2026-08-19T15:51:17.554226+00:00,93110,Birendra,squat,good,squat_good,0.0,0.0,0.0,0.0,0.0,0.0,3.715801,-0.739808,9.703699,-0.433268,-0.140159,1.117544
2026-08-19T15:51:17.554226+00:00,93131,Birendra,squat,good,squat_good,0.0,0.0,0.0,0.0,0.0,0.0,2.099715,-0.56982,9.394848,-0.136695,-0.253139,-0.1311
2026-08-19T15:51:17.554226+00:00,93150,Birendra,squat,good,squat_good,0.0,0.0,0.0,0.0,0.0,0.0,2.975993,1.900996,8.607155,0.05276,-1.094095,-0.97925
2026-08-19T15:51:17.554226+00:00,93170,Birendra,squat,good,squat_good,0.0,0.0,0.0,0.0,0.0,0.0,4.118027,3.287239,6.811504,0.266196,-1.187623,-1.588916
2026-08-19T15:51:17.554226+00:00,93191,Birendra,squat,good,squat_good,0.0,0.0,0.0,0.0,0.0,0.0,3.560178,6.153099,6.493075,0.398628,-1.078374,-1.68804
2026-08-19T15:51:17.554226+00:00,93214,Birendra,squat,good,squat_good,0.0,0.0,0.0,0.0,0.0,0.0,4.446033,6.337452,6.746861,0.496153,-0.924891,-1.456217
2026-08-19T15:51:17.554226+00:00,93230,Birendra,squat,good,squat_good,0.0,0.0,0.0,0.0,0.0,0.0,4.800375,7.211336,6.540959,0.667222,-0.701329,-1.249976
2026-08-19T15:51:17.554226+00:00,93250,Birendra,squat,good,squat_good,0.0,0.0,0.0,0.0,0.0,0.0,4.848258,8.255207,6.030994,0.659495,-0.555574,-1.042135
2026-08-19T15:51:17.554226+00:00,93271,Birendra,squat,good,squat_good,0.0,0.0,0.0,0.0,0.0,0.0,4.474763,8.137892,6.117185,0.566766,-0.527596,-1.001899
2026-08-19T15:51:17.554226+00:00,93291,Birendra,squat,good,squat_good,0.0,0.0,0.0,0.0,0.0,0.0,4.132392,7.220912,6.356606,0.522799,-0.531859,-1.040269
2026-08-19T15:51:17.554226+00:00,93310,Birendra,squat,good,squat_good,0.0,0.0,0.0,0.0,0.0,0.0,4.077325,6.514623,6.564901,0.617394,-0.458848,-1.110616
2026-08-19T15:51:17.554226+00:00,93330,Birendra,squat,good,squat_good,0.0,0.0,0.0,0.0,0.0,0.0,3.466804,6.938396,6.634333,0.729308,-0.415149,-1.188689
2026-08-19T15:51:17.554226+00:00,93350,Birendra,squat,good,squat_good,0.0,0.0,0.0,0.0,0.0,0.0,3.256114,7.235278,6.349423,0.736769,-0.547047,-1.315259
2026-08-19T15:51:17.554226+00:00,93370,Birendra,squat,good,squat_good,0.0,0.0,0.0,0.0,0.0,0.0,3.246537,6.971915,6.186617,0.684009,-0.597409,-1.494055
2026-08-19T15:51:17.554226+00:00,93391,Birendra,squat,good,squat_good,0.0,0.0,0.0,0.0,0.0,0.0,2.6839,6.497863,6.248867,0.725311,-0.688273,-1.620891
2026-08-19T15:51:17.554226+00:00,93410,Birendra,squat,good,squat_good,0.0,0.0,0.0,0.0,0.0,0.0,2.94008,6.517017,5.626374,0.939813,-0.818306,-1.748527
2026-08-19T15:51:17.554226+00:00,93430,Birendra,squat,good,squat_good,0.0,0.0,0.0,0.0,0.0,0.0,2.949656,7.175423,5.114015,1.063985,-0.846285,-1.803418
2026-08-19T15:51:17.554226+00:00,93450,Birendra,squat,good,squat_good,0.0,0.0,0.0,0.0,0.0,0.0,3.205836,7.266402,4.642357,1.142325,-0.851081,-1.814077
2026-08-19T15:51:17.554226+00:00,93470,Birendra,squat,good,squat_good,0.0,0.0,0.0,0.0,0.0,0.0,2.937685,7.563283,3.981557,1.2617,-0.76608,-1.851115
2026-08-19T15:51:17.554226+00:00,93491,Birendra,squat,good,squat_good,0.0,0.0,0.0,0.0,0.0,0.0,2.181118,8.367735,3.641581,1.325651,-0.647504,-1.90121
2026-08-19T15:51:17.554226+00:00,93510,Birendra,squat,good,squat_good,0.0,0.0,0.0,0.0,0.0,0.0,1.541866,8.868123,3.53863,1.3054,-0.643773,-1.938248
2026-08-19T15:51:17.554226+00:00,93530,Birendra,squat,good,squat_good,0.0,0.0,0.0,0.0,0.0,0.0,1.695095,8.379706,3.557784,1.254772,-0.671752,-2.017654
2026-08-19T15:51:17.554226+00:00,93550,Birendra,squat,good,squat_good,0.0,0.0,0.0,0.0,0.0,0.0,1.417367,8.736442,2.930503,1.334977,-0.610732,-2.105853
2026-08-19T15:51:17.554226+00:00,93570,Birendra,squat,good,squat_good,0.0,0.0,0.0,0.0,0.0,0.0,0.840365,9.303867,2.568978,1.268095,-0.605936,-2.142092
2026-08-19T15:51:17.554226+00:00,93590,Birendra,squat,good,squat_good,0.0,0.0,0.0,0.0,0.0,0.0,0.627281,8.829816,2.686294,1.168438,-0.645905,-2.165008
2026-08-19T15:51:17.554226+00:00,93610,Birendra,squat,good,squat_good,0.0,0.0,0.0,0.0,0.0,0.0,0.440533,8.267179,2.516306,1.296074,-0.56117,-2.225761
2026-08-19T15:51:17.554226+00:00,93630,Birendra,squat,good,squat_good,0.0,0.0,0.0,0.0,0.0,0.0,-0.490811,8.99741,1.970428,1.432769,-0.412217,-2.252141
2026-08-19T15:51:17.554226+00:00,93650,Birendra,squat,good,squat_good,0.0,0.0,0.0,0.0,0.0,0.0,-1.549049,9.349358,1.697489,1.424775,-0.450055,-2.23109
2026-08-19T15:51:17.554226+00:00,93670,Birendra,squat,good,squat_good,0.0,0.0,0.0,0.0,0.0,0.0,-2.157176,9.583989,1.477222,1.369617,-0.544383,-2.20551
2026-08-19T15:51:17.554226+00:00,93691,Birendra,squat,good,squat_good,0.0,0.0,0.0,0.0,0.0,0.0,-2.291251,9.186552,1.422156,1.348833,-0.673351,-2.04883
2026-08-19T15:51:17.554226+00:00,93710,Birendra,squat,good,squat_good,0.0,0.0,0.0,0.0,0.0,0.0,-2.322376,8.880095,1.244985,1.506312,-0.649902,-1.858043
2026-08-19T15:51:17.554226+00:00,93730,Birendra,squat,good,squat_good,0.0,0.0,0.0,0.0,0.0,0.0,-2.645593,8.99741,0.727837,1.690971,-0.567832,-1.662726
2026-08-19T15:51:17.554226+00:00,93750,Birendra,squat,good,squat_good,0.0,0.0,0.0,0.0,0.0,0.0,-2.961627,9.540894,-0.158017,1.811146,-0.59581,-1.538554
2026-08-19T15:51:17.554226+00:00,93770,Birendra,squat,good,squat_good,0.0,0.0,0.0,0.0,0.0,0.0,-3.294421,9.933543,-0.395043,1.714419,-0.65683,-1.476469
2026-08-19T15:51:17.554226+00:00,93790,Birendra,squat,good,squat_good,0.0,0.0,0.0,0.0,0.0,0.0,-3.246537,9.296685,-0.584185,1.737335,-0.653099,-1.292077
2026-08-19T15:51:17.554226+00:00,93811,Birendra,squat,good,squat_good,0.0,0.0,0.0,0.0,0.0,0.0,-3.725378,8.920795,-0.505177,1.84925,-0.531326,-0.986977
2026-08-19T15:51:18.789190+00:00,93831,Birendra,squat,good,squat_good,0.0,0.0,0.0,0.0,0.0,0.0,-4.125209,8.540117,-0.474052,1.981948,-0.441795,-0.762083
2026-08-19T15:51:18.789190+00:00,93851,Birendra,squat,good,squat_good,0.0,0.0,0.0,0.0,0.0,0.0,-3.950433,8.765172,-1.115698,2.016855,-0.434334,-0.905706
2026-08-19T15:51:18.789190+00:00,93872,Birendra,squat,good,squat_good,0.0,0.0,0.0,0.0,0.0,0.0,-4.833893,10.26873,-1.922544,1.724545,-0.557972,-1.362156
2026-08-19T15:51:18.789190+00:00,93891,Birendra,squat,good,squat_good,0.0,0.0,0.0,0.0,0.0,0.0,-5.758055,9.797073,-2.351106,1.232389,-1.05306,-1.275289
2026-08-19T15:51:18.789190+00:00,93912,Birendra,squat,good,squat_good,0.0,0.0,0.0,0.0,0.0,0.0,-5.137957,8.719683,-2.298434,0.9574,-1.344037,-1.101556
2026-08-19T15:51:18.789190+00:00,93930,Birendra,squat,good,squat_good,0.0,0.0,0.0,0.0,0.0,0.0,-4.63278,7.345411,-2.020706,0.923559,-1.168172,-1.181495
2026-08-19T15:51:18.789190+00:00,93950,Birendra,squat,good,squat_good,0.0,0.0,0.0,0.0,0.0,0.0,-4.206613,7.235278,-2.272097,0.942211,-0.775939,-1.524698
2026-08-19T15:51:18.789190+00:00,93971,Birendra,squat,good,squat_good,0.0,0.0,0.0,0.0,0.0,0.0,-4.833893,7.800309,-2.944868,0.88359,-0.441795,-1.870567
2026-08-19T15:51:18.789190+00:00,93991,Birendra,squat,good,squat_good,0.0,0.0,0.0,0.0,0.0,0.0,-6.414066,7.965509,-3.311181,0.717051,-0.468708,-1.83193
2026-08-19T15:51:18.789190+00:00,94011,Birendra,squat,good,squat_good,0.0,0.0,0.0,0.0,0.0,0.0,-6.864176,7.587225,-3.177106,0.552643,-0.591547,-1.708291
2026-08-19T15:51:18.789190+00:00,94030,Birendra,squat,good,squat_good,0.0,0.0,0.0,0.0,0.0,0.0,-7.278373,7.024588,-2.858677,0.485228,-0.597142,-1.546815
2026-08-19T15:51:18.789190+00:00,94050,Birendra,squat,good,squat_good,0.0,0.0,0.0,0.0,0.0,0.0,-7.639898,6.725313,-2.595315,0.504147,-0.620591,-1.512974
2026-08-19T15:51:18.789190+00:00,94070,Birendra,squat,good,squat_good,0.0,0.0,0.0,0.0,0.0,0.0,-7.184999,6.971915,-2.839523,0.489492,-0.782334,-1.490058
2026-08-19T15:51:18.789190+00:00,94090,Birendra,squat,good,squat_good,0.0,0.0,0.0,0.0,0.0,0.0,-7.218518,7.067683,-2.89459,0.372248,-0.886254,-1.412251
2026-08-19T15:51:18.789190+00:00,94110,Birendra,squat,good,squat_good,0.0,0.0,0.0,0.0,0.0,0.0,-7.371747,6.287174,-2.547431,0.313626,-0.927556,-1.167372
2026-08-19T15:51:18.789190+00:00,94130,Birendra,squat,good,squat_good,0.0,0.0,0.0,0.0,0.0,0.0,-7.173028,5.913678,-2.240973,0.394631,-0.659228,-1.029877
2026-08-19T15:51:18.789190+00:00,94150,Birendra,squat,good,squat_good,0.0,0.0,0.0,0.0,0.0,0.0,-7.302315,6.038177,-2.161964,0.410086,-0.244346,-1.072245
2026-08-19T15:51:18.789190+00:00,94170,Birendra,squat,good,squat_good,0.0,0.0,0.0,0.0,0.0,0.0,-7.175423,6.212954,-2.063802,0.270726,-0.031709,-1.181495
2026-08-19T15:51:18.789190+00:00,94190,Birendra,squat,good,squat_good,0.0,0.0,0.0,0.0,0.0,0.0,-7.469909,5.911284,-1.802834,0.078606,0.090064,-1.337375
2026-08-19T15:51:18.789190+00:00,94210,Birendra,squat,good,squat_good,0.0,0.0,0.0,0.0,0.0,0.0,-8.116343,5.489904,-1.575385,-0.058089,-0.006129,-1.438365
2026-08-19T15:51:18.789190+00:00,94230,Birendra,squat,good,squat_good,0.0,0.0,0.0,0.0,0.0,0.0,-8.279149,5.406107,-1.391031,-0.187057,-0.213436,-1.507378
2026-08-19T15:51:18.789190+00:00,94250,Birendra,squat,good,squat_good,0.0,0.0,0.0,0.0,0.0,0.0,-8.173804,4.93445,-1.280898,-0.331213,-0.332012,-1.57426
2026-08-19T15:51:18.789190+00:00,94270,Birendra,squat,good,squat_good,0.0,0.0,0.0,0.0,0.0,0.0,-7.984663,4.448427,-1.290475,-0.40822,-0.308297,-1.662726
2026-08-19T15:51:18.789190+00:00,94290,Birendra,squat,good,squat_good,0.0,0.0,0.0,0.0,0.0,0.0,-8.087613,4.177882,-1.328782,-0.486294,-0.210505,-1.729075
2026-08-19T15:51:18.789190+00:00,94311,Birendra,squat,good,squat_good,0.0,0.0,0.0,0.0,0.0,0.0,-8.556877,4.039018,-1.180341,-0.577957,-0.095926,-1.805017
2026-08-19T15:51:18.789190+00:00,94330,Birendra,squat,good,squat_good,0.0,0.0,0.0,0.0,0.0,0.0,-8.856153,3.495534,-1.096544,-0.626187,-0.096726,-1.753856
2026-08-19T15:51:18.789190+00:00,94350,Birendra,squat,good,squat_good,0.0,0.0,0.0,0.0,0.0,0.0,-8.827422,3.04303,-1.084573,-0.546515,-0.03464,-1.707758
2026-08-19T15:51:18.789190+00:00,94370,Birendra,squat,good,squat_good,0.0,0.0,0.0,0.0,0.0,0.0,-9.179369,2.930503,-0.986411,-0.45725,0.0437,-1.654732
2026-08-19T15:51:18.789190+00:00,94390,Birendra,squat,good,squat_good,0.0,0.0,0.0,0.0,0.0,0.0,-9.361329,2.86586,-0.933739,-0.410885,0.057822,-1.601972
2026-08-19T15:51:18.789190+00:00,94411,Birendra,squat,good,squat_good,0.0,0.0,0.0,0.0,0.0,0.0,-9.425972,2.822764,-0.962469,-0.414882,0.079139,-1.616095
2026-08-19T15:51:18.789190+00:00,94430,Birendra,squat,good,squat_good,0.0,0.0,0.0,0.0,0.0,0.0,-9.552865,2.786851,-0.993594,-0.483096,0.100723,-1.672851
2026-08-19T15:51:18.789190+00:00,94450,Birendra,squat,good,squat_good,0.0,0.0,0.0,0.0,0.0,0.0,-9.698911,2.44448,-0.924162,-0.605669,0.042101,-1.70536
2026-08-19T15:51:18.789190+00:00,94470,Birendra,squat,good,squat_good,0.0,0.0,0.0,0.0,0.0,0.0,-9.655815,2.030283,-0.940921,-0.715452,-0.012257,-1.712288
2026-08-19T15:51:18.789190+00:00,94490,Birendra,squat,good,squat_good,0.0,0.0,0.0,0.0,0.0,0.0,-9.672575,1.604115,-1.120486,-0.784998,-0.037305,-1.656864
2026-08-19T15:51:18.789190+00:00,94511,Birendra,squat,good,squat_good,0.0,0.0,0.0,0.0,0.0,0.0,-9.895236,1.568202,-1.132457,-0.882524,-0.004796,-1.560404
2026-08-19T15:51:18.789190+00:00,94530,Birendra,squat,good,squat_good,0.0,0.0,0.0,0.0,0.0,0.0,-9.500193,0.909797,-1.45328,-0.914766,-0.019718,-1.33924
2026-08-19T15:51:18.789190+00:00,94550,Birendra,squat,good,squat_good,0.0,0.0,0.0,0.0,0.0,0.0,-10.64941,0.624887,-0.916979,-0.983247,-0.208907,-1.097559
2026-08-19T15:51:18.789190+00:00,94570,Birendra,squat,good,squat_good,0.0,0.0,0.0,0.0,0.0,0.0,-9.416395,-0.466869,-1.307234,-0.657629,-0.407421,-0.893982
2026-08-19T15:51:18.789190+00:00,94590,Birendra,squat,good,squat_good,0.0,0.0,0.0,0.0,0.0,0.0,-9.519346,-0.141258,-1.024718,-0.391433,-0.227026,-0.779136
2026-08-19T15:51:18.789190+00:00,94611,Birendra,squat,good,squat_good,0.0,0.0,0.0,0.0,0.0,0.0,-9.904813,0.117316,-1.031901,-0.322953,-0.28698,-0.523865
2026-08-19T15:51:18.789190+00:00,94631,Birendra,squat,good,squat_good,0.0,0.0,0.0,0.0,0.0,0.0,-9.457097,0.181959,-1.146823,-0.303234,-0.255005,-0.357859
2026-08-19T15:51:18.789190+00:00,94650,Birendra,squat,good,squat_good,0.0,0.0,0.0,0.0,0.0,0.0,-9.552865,0.349553,-1.079785,-0.35626,-0.158012,-0.274989
2026-08-19T15:51:18.789190+00:00,94670,Birendra,squat,good,squat_good,0.0,0.0,0.0,0.0,0.0,0.0,-9.720459,0.342371,-0.955287,-0.403158,-0.164674,-0.185458
2026-08-19T15:51:18.789190+00:00,94690,Birendra,squat,good,squat_good,0.0,0.0,0.0,0.0,0.0,0.0,-9.634268,0.311246,-0.826,-0.415415,-0.20038,-0.109783
2026-08-19T15:51:18.789190+00:00,94711,Birendra,squat,good,squat_good,0.0,0.0,0.0,0.0,0.0,0.0,-9.607931,0.349553,-0.701501,-0.409819,-0.25607,-0.065283
2026-08-19T15:51:18.789190+00:00,94731,Birendra,squat,good,squat_good,0.0,0.0,0.0,0.0,0.0,0.0,-9.423578,0.40462,-0.663194,-0.415149,-0.310695,-0.049828
2026-08-19T15:51:18.789190+00:00,94750,Birendra,squat,good,squat_good,0.0,0.0,0.0,0.0,0.0,0.0,-9.349358,0.423774,-0.634463,-0.445792,-0.344536,-0.067415
2026-08-19T15:51:18.789190+00:00,94770,Birendra,squat,good,squat_good,0.0,0.0,0.0,0.0,0.0,0.0,-9.155427,0.493206,-0.610521,-0.524132,-0.367185,-0.124172
2026-08-19T15:51:18.789190+00:00,94790,Birendra,squat,good,squat_good,0.0,0.0,0.0,0.0,0.0,0.0,-9.160215,0.323217,-0.42138,-0.60407,-0.375446,-0.157213
2026-08-19T15:51:18.789190+00:00,94811,Birendra,squat,good,squat_good,0.0,0.0,0.0,0.0,0.0,0.0,-8.992621,0.021548,-0.335188,-0.595011,-0.360257,-0.11298
2026-08-19T15:51:19.544135+00:00,94832,Birendra,squat,good,squat_good,0.0,0.0,0.0,0.0,0.0,0.0,-8.925584,-0.124498,-0.383072,-0.525198,-0.259268,-0.078074
2026-08-19T15:51:19.544135+00:00,94850,Birendra,squat,good,squat_good,0.0,0.0,0.0,0.0,0.0,0.0,-9.105149,-0.014365,-0.42138,-0.471639,-0.189188,-0.051694
2026-08-19T15:51:19.544135+00:00,94870,Birendra,squat,good,squat_good,0.0,0.0,0.0,0.0,0.0,0.0,-9.157822,0.050278,-0.447716,-0.455384,-0.164407,-0.029577
2026-08-19T15:51:19.544135+00:00,94890,Birendra,squat,good,squat_good,0.0,0.0,0.0,0.0,0.0,0.0,-9.224859,0.100556,-0.4956,-0.467109,-0.163342,-0.025314
2026-08-19T15:51:19.544135+00:00,94910,Birendra,squat,good,squat_good,0.0,0.0,0.0,0.0,0.0,0.0,-9.32781,0.004788,-0.454898,-0.488426,-0.180928,-0.033841
2026-08-19T15:51:19.544135+00:00,94931,Birendra,squat,good,squat_good,0.0,0.0,0.0,0.0,0.0,0.0,-9.478644,-0.167594,-0.428562,-0.488426,-0.225427,-0.016521
2026-08-19T15:51:19.544135+00:00,94950,Birendra,squat,good,squat_good,0.0,0.0,0.0,0.0,0.0,0.0,-9.334992,-0.289698,-0.397437,-0.470839,-0.255271,0.02558
2026-08-19T15:51:19.544135+00:00,94970,Birendra,squat,good,squat_good,0.0,0.0,0.0,0.0,0.0,0.0,-9.143456,-0.423774,-0.316035,-0.427672,-0.214769,0.059688
2026-08-19T15:51:19.544135+00:00,94990,Birendra,squat,good,squat_good,0.0,0.0,0.0,0.0,0.0,0.0,-9.141062,-0.442927,-0.272939,-0.371182,-0.155881,0.097259
2026-08-19T15:51:19.544135+00:00,95010,Birendra,squat,good,squat_good,0.0,0.0,0.0,0.0,0.0,0.0,-9.184157,-0.316035,-0.150835,-0.338674,-0.122573,0.132165
2026-08-19T15:51:19.544135+00:00,95031,Birendra,squat,good,squat_good,0.0,0.0,0.0,0.0,0.0,0.0,-9.129091,-0.241814,-0.105345,-0.331479,-0.107384,0.13856
2026-08-19T15:51:19.544135+00:00,95050,Birendra,squat,good,squat_good,0.0,0.0,0.0,0.0,0.0,0.0,-9.19134,-0.217872,-0.057461,-0.347734,-0.109516,0.119908
2026-08-19T15:51:19.544135+00:00,95071,Birendra,squat,good,squat_good,0.0,0.0,0.0,0.0,0.0,0.0,-9.217676,-0.265756,-0.050278,-0.354928,-0.135629,0.104986
2026-08-19T15:51:19.544135+00:00,95093,Birendra,squat,good,squat_good,0.0,0.0,0.0,0.0,0.0,0.0,-9.155427,-0.306458,-0.031125,-0.345069,-0.139626,0.080205
2026-08-19T15:51:19.544135+00:00,95111,Birendra,squat,good,squat_good,0.0,0.0,0.0,0.0,0.0,0.0,-9.129091,-0.258574,0.002394,-0.33974,-0.116977,0.0437
2026-08-19T15:51:19.544135+00:00,95134,Birendra,squat,good,squat_good,0.0,0.0,0.0,0.0,0.0,0.0,-9.220071,-0.306458,0.076614,-0.34427,-0.120974,0.024515
2026-08-19T15:51:19.544135+00:00,95150,Birendra,squat,good,squat_good,0.0,0.0,0.0,0.0,0.0,0.0,-9.141062,-0.371101,0.069432,-0.321887,-0.118043,-0.003464
2026-08-19T15:51:19.544135+00:00,95170,Birendra,squat,good,squat_good,0.0,0.0,0.0,0.0,0.0,0.0,-9.176975,-0.416591,0.112527,-0.289645,-0.107917,-0.030643
2026-08-19T15:51:19.544135+00:00,95190,Birendra,squat,good,squat_good,0.0,0.0,0.0,0.0,0.0,0.0,-9.263166,-0.414197,0.134075,-0.254738,-0.131632,-0.050628
2026-08-19T15:51:19.544135+00:00,95210,Birendra,squat,good,squat_good,0.0,0.0,0.0,0.0,0.0,0.0,-9.270349,-0.418985,0.153229,-0.224628,-0.155614,-0.071412
2026-08-19T15:51:19.544135+00:00,95231,Birendra,squat,good,squat_good,0.0,0.0,0.0,0.0,0.0,0.0,-9.346964,-0.462081,0.177171,-0.188922,-0.177464,-0.084735
2026-08-19T15:51:19.544135+00:00,95250,Birendra,squat,good,squat_good,0.0,0.0,0.0,0.0,0.0,0.0,-9.255983,-0.402226,0.19393,-0.158279,-0.166273,-0.10019
2026-08-19T15:51:19.544135+00:00,95270,Birendra,squat,good,squat_good,0.0,0.0,0.0,0.0,0.0,0.0,-9.303867,-0.361524,0.213084,-0.146021,-0.138294,-0.110049
2026-08-19T15:51:19.544135+00:00,95290,Birendra,squat,good,squat_good,0.0,0.0,0.0,0.0,0.0,0.0,-9.3733,-0.332794,0.244209,-0.140959,-0.123639,-0.124438
2026-08-19T15:51:19.544135+00:00,95310,Birendra,squat,good,squat_good,0.0,0.0,0.0,0.0,0.0,0.0,-9.385271,-0.323217,0.232238,-0.137761,-0.126037,-0.1303
2026-08-19T15:51:19.544135+00:00,95331,Birendra,squat,good,squat_good,0.0,0.0,0.0,0.0,0.0,0.0,-9.32781,-0.323217,0.23942,-0.128968,-0.120441,-0.132165
2026-08-19T15:51:19.544135+00:00,95350,Birendra,squat,good,squat_good,0.0,0.0,0.0,0.0,0.0,0.0,-9.306262,-0.337582,0.272939,-0.111381,-0.10392,-0.139893
2026-08-19T15:51:19.544135+00:00,95370,Birendra,squat,good,squat_good,0.0,0.0,0.0,0.0,0.0,0.0,-9.306262,-0.31364,0.282516,-0.098325,-0.091663,-0.141492
2026-08-19T15:51:19.544135+00:00,95390,Birendra,squat,good,squat_good,0.0,0.0,0.0,0.0,0.0,0.0,-9.334992,-0.335188,0.289698,-0.072478,-0.076475,-0.143623
2026-08-19T15:51:19.544135+00:00,95410,Birendra,squat,good,squat_good,0.0,0.0,0.0,0.0,0.0,0.0,-9.325416,-0.294487,0.275333,-0.039703,-0.067149,-0.137495
2026-08-19T15:51:19.544135+00:00,95430,Birendra,squat,good,squat_good,0.0,0.0,0.0,0.0,0.0,0.0,-9.284714,-0.21069,0.215478,-0.022649,-0.053292,-0.1311
2026-08-19T15:51:19.544135+00:00,95451,Birendra,squat,good,squat_good,0.0,0.0,0.0,0.0,0.0,0.0,-9.275137,-0.184354,0.186748,-0.020518,-0.03917,-0.124704
2026-08-19T15:51:19.544135+00:00,95470,Birendra,squat,good,squat_good,0.0,0.0,0.0,0.0,0.0,0.0,-9.296685,-0.1652,0.220267,-0.023715,-0.024248,-0.120974
2026-08-19T15:51:19.544135+00:00,95490,Birendra,squat,good,squat_good,0.0,0.0,0.0,0.0,0.0,0.0,-9.318233,-0.138864,0.174777,-0.031709,-0.01732,-0.114312
2026-08-19T15:51:19.544135+00:00,95510,Birendra,squat,good,squat_good,0.0,0.0,0.0,0.0,0.0,0.0,-9.313444,-0.150835,0.146046,-0.045032,-0.007994,-0.103387
2026-08-19T15:51:19.544135+00:00,95531,Birendra,squat,good,squat_good,0.0,0.0,0.0,0.0,0.0,0.0,-9.346964,-0.179565,0.086191,-0.05649,0.005329,-0.089531
2026-08-19T15:51:19.544135+00:00,95551,Birendra,squat,good,squat_good,0.0,0.0,0.0,0.0,0.0,0.0,-9.351752,-0.191536,0.098162,-0.058089,0.014922,-0.072211
2026-08-19T15:51:19.544135+00:00,95570,Birendra,squat,good,squat_good,0.0,0.0,0.0,0.0,0.0,0.0,-9.368511,-0.213084,0.09098,-0.061553,0.029044,-0.052227
2026-08-19T15:51:19.544135+00:00,95590,Birendra,squat,good,squat_good,0.0,0.0,0.0,0.0,0.0,0.0,-9.392453,-0.253785,0.07422,-0.065283,0.034907,-0.026913
2026-08-19T15:51:19.544135+00:00,95610,Birendra,squat,good,squat_good,0.0,0.0,0.0,0.0,0.0,0.0,-9.394848,-0.253785,0.069432,-0.069547,0.033841,0.000266
2026-08-19T15:51:19.544135+00:00,95630,Birendra,squat,good,squat_good,0.0,0.0,0.0,0.0,0.0,0.0,-9.442732,-0.268151,0.055067,-0.076208,0.033041,0.026646
2026-08-19T15:51:19.544135+00:00,95651,Birendra,squat,good,squat_good,0.0,0.0,0.0,0.0,0.0,0.0,-9.421184,-0.263362,0.067038,-0.083136,0.033308,0.046364
2026-08-19T15:51:19.544135+00:00,95670,Birendra,squat,good,squat_good,0.0,0.0,0.0,0.0,0.0,0.0,-9.411607,-0.287304,0.052672,-0.089798,0.029844,0.053292
2026-08-19T15:51:19.544135+00:00,95690,Birendra,squat,good,squat_good,0.0,0.0,0.0,0.0,0.0,0.0,-9.44752,-0.316035,0.105345,-0.09939,0.026913,0.064217
2026-08-19T15:51:19.544135+00:00,95710,Birendra,squat,good,squat_good,0.0,0.0,0.0,0.0,0.0,0.0,-9.390059,-0.31364,0.105345,-0.108717,0.008527,0.082603
2026-08-19T15:51:19.544135+00:00,95730,Birendra,squat,good,squat_good,0.0,0.0,0.0,0.0,0.0,0.0,-9.390059,-0.351948,0.086191,-0.111648,0.014922,0.078074
2026-08-19T15:51:19.544135+00:00,95751,Birendra,squat,good,squat_good,0.0,0.0,0.0,0.0,0.0,0.0,-9.469068,-0.349553,0.117316,-0.119642,0.014123,0.071945
2026-08-19T15:51:19.544135+00:00,95770,Birendra,squat,good,squat_good,0.0,0.0,0.0,0.0,0.0,0.0,-9.464279,-0.402226,0.174777,-0.130034,-0.003464,0.07008
2026-08-19T15:51:19.544135+00:00,95790,Birendra,squat,good,squat_good,0.0,0.0,0.0,0.0,0.0,0.0,-9.504981,-0.435745,0.181959,-0.136162,-0.002665,0.060221
2026-08-19T15:51:19.544135+00:00,95810,Birendra,squat,good,squat_good,0.0,0.0,0.0,0.0,0.0,0.0,-9.500193,-0.466869,0.172383,-0.135896,-0.017853,0.064217
2026-08-19T15:51:20.877594+00:00,95831,Birendra,squat,good,squat_good,0.0,0.0,0.0,0.0,0.0,0.0,-9.473856,-0.454898,0.150835,-0.138294,-0.020784,0.057822
2026-08-19T15:51:20.877594+00:00,95855,Birendra,squat,good,squat_good,0.0,0.0,0.0,0.0,0.0,0.0,-9.528923,-0.469264,0.220267,-0.132965,-0.037838,0.052227
2026-08-19T15:51:20.877594+00:00,95871,Birendra,squat,good,squat_good,0.0,0.0,0.0,0.0,0.0,0.0,-9.516952,-0.529119,0.237026,-0.1303,-0.056757,0.055424
2026-08-19T15:51:20.877594+00:00,95891,Birendra,squat,good,squat_good,0.0,0.0,0.0,0.0,0.0,0.0,-9.454702,-0.59855,0.23942,-0.115378,-0.067948,0.056757
2026-08-19T15:51:20.877594+00:00,95910,Birendra,squat,good,squat_good,0.0,0.0,0.0,0.0,0.0,0.0,-9.449914,-0.536301,0.229843,-0.095127,-0.06475,0.052227
2026-08-19T15:51:20.877594+00:00,95930,Birendra,squat,good,squat_good,0.0,0.0,0.0,0.0,0.0,0.0,-9.392453,-0.512359,0.234632,-0.085801,-0.071412,0.05196
2026-08-19T15:51:20.877594+00:00,95951,Birendra,squat,good,squat_good,0.0,0.0,0.0,0.0,0.0,0.0,-9.366117,-0.502782,0.227449,-0.072744,-0.066349,0.035173
2026-08-19T15:51:20.877594+00:00,95970,Birendra,squat,good,squat_good,0.0,0.0,0.0,0.0,0.0,0.0,-9.390059,-0.428562,0.248997,-0.073011,-0.063418,0.020518
2026-08-19T15:51:20.877594+00:00,95990,Birendra,squat,good,squat_good,0.0,0.0,0.0,0.0,0.0,0.0,-9.375694,-0.469264,0.25618,-0.074609,-0.071145,-0.003464
2026-08-19T15:51:20.877594+00:00,96010,Birendra,squat,good,squat_good,0.0,0.0,0.0,0.0,0.0,0.0,-9.332599,-0.447716,0.208296,-0.074077,-0.073011,-0.018919
2026-08-19T15:51:20.877594+00:00,96030,Birendra,squat,good,squat_good,0.0,0.0,0.0,0.0,0.0,0.0,-9.380483,-0.392649,0.201113,-0.078606,-0.061819,-0.032242
2026-08-19T15:51:20.877594+00:00,96051,Birendra,squat,good,squat_good,0.0,0.0,0.0,0.0,0.0,0.0,-9.397242,-0.505177,0.191536,-0.059688,-0.066083,-0.039436
2026-08-19T15:51:20.877594+00:00,96070,Birendra,squat,good,squat_good,0.0,0.0,0.0,0.0,0.0,0.0,-9.344569,-0.497994,0.203507,-0.045032,-0.057556,-0.039969
2026-08-19T15:51:20.877594+00:00,96090,Birendra,squat,good,squat_good,0.0,0.0,0.0,0.0,0.0,0.0,-9.394848,-0.459687,0.160412,-0.028245,-0.041835,-0.051427
2026-08-19T15:51:20.877594+00:00,96110,Birendra,squat,good,squat_good,0.0,0.0,0.0,0.0,0.0,0.0,-9.423578,-0.40462,0.079009,-0.026646,-0.054358,-0.043167
2026-08-19T15:51:20.877594+00:00,96130,Birendra,squat,good,squat_good,0.0,0.0,0.0,0.0,0.0,0.0,-9.423578,-0.395043,0.088585,-0.022916,-0.045832,-0.050095
2026-08-19T15:51:20.877594+00:00,96151,Birendra,squat,good,squat_good,0.0,0.0,0.0,0.0,0.0,0.0,-9.440337,-0.42138,0.07422,-0.023449,-0.041302,-0.049562
2026-08-19T15:51:20.877594+00:00,96170,Birendra,squat,good,squat_good,0.0,0.0,0.0,0.0,0.0,0.0,-9.449914,-0.378284,0.026336,-0.020518,-0.049029,-0.037305
2026-08-19T15:51:20.877594+00:00,96190,Birendra,squat,good,squat_good,0.0,0.0,0.0,0.0,0.0,0.0,-9.409213,-0.371101,0.062249,-0.028778,-0.046364,-0.030643
2026-08-19T15:51:20.877594+00:00,96210,Birendra,squat,good,squat_good,0.0,0.0,0.0,0.0,0.0,0.0,-9.411607,-0.361524,0.033519,-0.03917,-0.03917,-0.025847
2026-08-19T15:51:20.877594+00:00,96230,Birendra,squat,good,squat_good,0.0,0.0,0.0,0.0,0.0,0.0,-9.40203,-0.335188,0.026336,-0.054092,-0.040236,-0.01359
2026-08-19T15:51:20.877594+00:00,96251,Birendra,squat,good,squat_good,0.0,0.0,0.0,0.0,0.0,0.0,-9.397242,-0.356736,0.007183,-0.066616,-0.037305,-0.009593
2026-08-19T15:51:20.877594+00:00,96270,Birendra,squat,good,squat_good,0.0,0.0,0.0,0.0,0.0,0.0,-9.330204,-0.392649,0.059855,-0.07008,-0.03544,-0.005329
2026-08-19T15:51:20.877594+00:00,96290,Birendra,squat,good,squat_good,0.0,0.0,0.0,0.0,0.0,0.0,-9.339781,-0.40462,0.050278,-0.071678,-0.032508,0.00453
2026-08-19T15:51:20.877594+00:00,96310,Birendra,squat,good,squat_good,0.0,0.0,0.0,0.0,0.0,0.0,-9.289502,-0.430956,0.055067,-0.065816,-0.032242,0.013856
2026-08-19T15:51:20.877594+00:00,96330,Birendra,squat,good,squat_good,0.0,0.0,0.0,0.0,0.0,0.0,-9.334992,-0.426168,0.071826,-0.059954,-0.032775,0.02185
2026-08-19T15:51:20.877594+00:00,96350,Birendra,squat,good,squat_good,0.0,0.0,0.0,0.0,0.0,0.0,-9.279925,-0.462081,0.062249,-0.054358,-0.035173,0.032508
2026-08-19T15:51:20.877594+00:00,96371,Birendra,squat,good,squat_good,0.0,0.0,0.0,0.0,0.0,0.0,-9.279925,-0.483629,0.033519,-0.049296,-0.030377,0.037571
2026-08-19T15:51:20.877594+00:00,96390,Birendra,squat,good,squat_good,0.0,0.0,0.0,0.0,0.0,0.0,-9.26556,-0.45011,0.038307,-0.050095,-0.022383,0.038904
2026-08-19T15:51:20.877594+00:00,96410,Birendra,squat,good,squat_good,0.0,0.0,0.0,0.0,0.0,0.0,-9.306262,-0.428562,0.052672,-0.052493,-0.013057,0.032775
2026-08-19T15:51:20.877594+00:00,96430,Birendra,squat,good,squat_good,0.0,0.0,0.0,0.0,0.0,0.0,-9.351752,-0.368707,0.076614,-0.071945,-0.006928,0.021583
2026-08-19T15:51:20.877594+00:00,96451,Birendra,squat,good,squat_good,0.0,0.0,0.0,0.0,0.0,0.0,-9.354146,-0.407014,0.069432,-0.091663,-0.005063,0.01359
2026-08-19T15:51:20.877594+00:00,96471,Birendra,squat,good,squat_good,0.0,0.0,0.0,0.0,0.0,0.0,-9.382876,-0.474052,0.088585,-0.096459,-0.006662,0.001066
2026-08-19T15:51:20.877594+00:00,96490,Birendra,squat,good,squat_good,0.0,0.0,0.0,0.0,0.0,0.0,-9.354146,-0.488417,0.112527,-0.100456,-0.013057,0.005862
2026-08-19T15:51:20.877594+00:00,96510,Birendra,squat,good,squat_good,0.0,0.0,0.0,0.0,0.0,0.0,-9.366117,-0.538695,0.110133,-0.096459,0.002931,0.010658
2026-08-19T15:51:20.877594+00:00,96530,Birendra,squat,good,squat_good,0.0,0.0,0.0,0.0,0.0,0.0,-9.428367,-0.512359,0.081403,-0.088199,0.0,0.017853
2026-08-19T15:51:20.877594+00:00,96551,Birendra,squat,good,squat_good,0.0,0.0,0.0,0.0,0.0,0.0,-9.445126,-0.572214,0.093374,-0.06928,-0.002398,0.021317
2026-08-19T15:51:20.877594+00:00,96570,Birendra,squat,good,squat_good,0.0,0.0,0.0,0.0,0.0,0.0,-9.459491,-0.538695,0.107739,-0.040502,-0.008793,0.016787
2026-08-19T15:51:20.877594+00:00,96590,Birendra,squat,good,squat_good,0.0,0.0,0.0,0.0,0.0,0.0,-9.452309,-0.469264,0.088585,-0.041835,-0.014389,0.019985
2026-08-19T15:51:20.877594+00:00,96610,Birendra,squat,good,squat_good,0.0,0.0,0.0,0.0,0.0,0.0,-9.390059,-0.474052,0.047884,-0.052227,-0.017587,0.024515
2026-08-19T15:51:20.877594+00:00,96630,Birendra,squat,good,squat_good,0.0,0.0,0.0,0.0,0.0,0.0,-9.370906,-0.512359,0.038307,-0.054891,-0.003198,0.022383
2026-08-19T15:51:20.877594+00:00,96650,Birendra,squat,good,squat_good,0.0,0.0,0.0,0.0,0.0,0.0,-9.399636,-0.469264,0.076614,-0.061286,-0.000799,0.025047
2026-08-19T15:51:20.877594+00:00,96670,Birendra,squat,good,squat_good,0.0,0.0,0.0,0.0,0.0,0.0,-9.454702,-0.507571,0.081403,-0.060753,-0.005063,0.018919
2026-08-19T15:51:20.877594+00:00,96690,Birendra,squat,good,squat_good,0.0,0.0,0.0,0.0,0.0,0.0,-9.421184,-0.550666,0.093374,-0.050361,-0.009593,0.017587
2026-08-19T15:51:20.877594+00:00,96710,Birendra,squat,good,squat_good,0.0,0.0,0.0,0.0,0.0,0.0,-9.399636,-0.531513,0.076614,-0.035972,-0.01359,0.021583
2026-08-19T15:51:20.877594+00:00,96730,Birendra,squat,good,squat_good,0.0,0.0,0.0,0.0,0.0,0.0,-9.382876,-0.536301,0.033519,-0.030377,-0.015455,0.026913
2026-08-19T15:51:20.877594+00:00,96750,Birendra,squat,good,squat_good,0.0,0.0,0.0,0.0,0.0,0.0,-9.366117,-0.505177,0.031125,-0.02185,-0.018919,0.031176
2026-08-19T15:51:20.877594+00:00,96771,Birendra,squat,good,squat_good,0.0,0.0,0.0,0.0,0.0,0.0,-9.339781,-0.457293,0.038307,-0.014389,-0.019718,0.033041
2026-08-19T15:51:20.877594+00:00,96790,Birendra,squat,good,squat_good,0.0,0.0,0.0,0.0,0.0,0.0,-9.411607,-0.395043,-0.009577,-0.010658,-0.033841,0.027179
2026-08-19T15:51:20.877594+00:00,96810,Birendra,squat,good,squat_good,0.0,0.0,0.0,0.0,0.0,0.0,-9.337387,-0.428562,-0.031125,-0.015455,-0.054358,0.03091
2026-08-19T15:51:22.194841+00:00,96831,Birendra,squat,good,squat_good,0.0,0.0,0.0,0.0,0.0,0.0,-9.325416,-0.407014,-0.086191,-0.006395,-0.054891,0.02558
2026-08-19T15:51:22.194841+00:00,96850,Birendra,squat,good,squat_good,0.0,0.0,0.0,0.0,0.0,0.0,-9.318233,-0.418985,-0.055067,-0.002931,-0.053292,0.026646
2026-08-19T15:51:22.194841+00:00,96871,Birendra,squat,good,squat_good,0.0,0.0,0.0,0.0,0.0,0.0,-9.320627,-0.371101,-0.059855,-0.001865,-0.039969,0.027179
2026-08-19T15:51:22.194841+00:00,96890,Birendra,squat,good,squat_good,0.0,0.0,0.0,0.0,0.0,0.0,-9.301474,-0.383072,-0.122104,-0.004263,-0.03011,0.023449
2026-08-19T15:51:22.194841+00:00,96910,Birendra,squat,good,squat_good,0.0,0.0,0.0,0.0,0.0,0.0,-9.416395,-0.37589,-0.086191,-0.016254,-0.039969,0.02638
2026-08-19T15:51:22.194841+00:00,96930,Birendra,squat,good,squat_good,0.0,0.0,0.0,0.0,0.0,0.0,-9.380483,-0.354342,-0.124498,-0.026646,-0.038104,0.025314
2026-08-19T15:51:22.194841+00:00,96950,Birendra,squat,good,squat_good,0.0,0.0,0.0,0.0,0.0,0.0,-9.414001,-0.387861,-0.076614,-0.034107,-0.029844,0.034374
2026-08-19T15:51:22.194841+00:00,96971,Birendra,squat,good,squat_good,0.0,0.0,0.0,0.0,0.0,0.0,-9.334992,-0.407014,-0.057461,-0.038904,-0.014389,0.042368
2026-08-19T15:51:22.194841+00:00,96991,Birendra,squat,good,squat_good,0.0,0.0,0.0,0.0,0.0,0.0,-9.409213,-0.3304,-0.004788,-0.044233,0.005063,0.038904
2026-08-19T15:51:22.194841+00:00,97010,Birendra,squat,good,squat_good,0.0,0.0,0.0,0.0,0.0,0.0,-9.452309,-0.37589,0.040701,-0.053026,-0.006662,0.03544
2026-08-19T15:51:22.194841+00:00,97030,Birendra,squat,good,squat_good,0.0,0.0,0.0,0.0,0.0,0.0,-9.409213,-0.366313,0.031125,-0.063951,-0.015455,0.028245
2026-08-19T15:51:22.194841+00:00,97050,Birendra,squat,good,squat_good,0.0,0.0,0.0,0.0,0.0,0.0,-9.411607,-0.392649,0.114922,-0.075942,-0.019452,0.019185
2026-08-19T15:51:22.194841+00:00,97070,Birendra,squat,good,squat_good,0.0,0.0,0.0,0.0,0.0,0.0,-9.342175,-0.452504,0.083797,-0.077807,-0.020784,0.021583
2026-08-19T15:51:22.194841+00:00,97090,Birendra,squat,good,squat_good,0.0,0.0,0.0,0.0,0.0,0.0,-9.349358,-0.414197,0.110133,-0.067948,-0.002132,0.011991
2026-08-19T15:51:22.194841+00:00,97110,Birendra,squat,good,squat_good,0.0,0.0,0.0,0.0,0.0,0.0,-9.428367,-0.409408,0.181959,-0.070346,-0.005596,0.007727
2026-08-19T15:51:22.194841+00:00,97130,Birendra,squat,good,squat_good,0.0,0.0,0.0,0.0,0.0,0.0,-9.428367,-0.433351,0.150835,-0.06555,-0.003464,-0.007994
2026-08-19T15:51:22.194841+00:00,97150,Birendra,squat,good,squat_good,0.0,0.0,0.0,0.0,0.0,0.0,-9.502586,-0.407014,0.107739,-0.064484,-0.018386,-0.011458
2026-08-19T15:51:22.194841+00:00,97170,Birendra,squat,good,squat_good,0.0,0.0,0.0,0.0,0.0,0.0,-9.414001,-0.418985,0.117316,-0.07381,-0.028778,-0.007194
2026-08-19T15:51:22.194841+00:00,97194,Birendra,squat,good,squat_good,0.0,0.0,0.0,0.0,0.0,0.0,-9.442732,-0.459687,0.105345,-0.06475,-0.031176,-0.005063
2026-08-19T15:51:22.194841+00:00,97211,Birendra,squat,good,squat_good,0.0,0.0,0.0,0.0,0.0,0.0,-9.399636,-0.471658,0.057461,-0.055957,-0.037838,0.005329
2026-08-19T15:51:22.194841+00:00,97231,Birendra,squat,good,squat_good,0.0,0.0,0.0,0.0,0.0,0.0,-9.437943,-0.440533,0.057461,-0.040502,-0.042634,0.010925
2026-08-19T15:51:22.194841+00:00,97250,Birendra,squat,good,squat_good,0.0,0.0,0.0,0.0,0.0,0.0,-9.397242,-0.387861,0.016759,-0.032508,-0.055957,0.013856
2026-08-19T15:51:22.194841+00:00,97271,Birendra,squat,good,squat_good,0.0,0.0,0.0,0.0,0.0,0.0,-9.380483,-0.35913,-0.035913,-0.038637,-0.062086,0.013323
2026-08-19T15:51:22.194841+00:00,97291,Birendra,squat,good,squat_good,0.0,0.0,0.0,0.0,0.0,0.0,-9.31105,-0.366313,-0.050278,-0.050095,-0.067948,0.013856
2026-08-19T15:51:22.194841+00:00,97310,Birendra,squat,good,squat_good,0.0,0.0,0.0,0.0,0.0,0.0,-9.272743,-0.373495,-0.071826,-0.060487,-0.059155,0.017054
2026-08-19T15:51:22.194841+00:00,97330,Birendra,squat,good,squat_good,0.0,0.0,0.0,0.0,0.0,0.0,-9.289502,-0.373495,-0.117316,-0.066349,-0.049029,0.014655
2026-08-19T15:51:22.194841+00:00,97350,Birendra,squat,good,squat_good,0.0,0.0,0.0,0.0,0.0,0.0,-9.272743,-0.385466,-0.079009,-0.069014,-0.051161,0.016254
2026-08-19T15:51:22.194841+00:00,97371,Birendra,squat,good,squat_good,0.0,0.0,0.0,0.0,0.0,0.0,-9.306262,-0.416591,-0.134075,-0.062086,-0.046098,0.013856
2026-08-19T15:51:22.194841+00:00,97391,Birendra,squat,good,squat_good,0.0,0.0,0.0,0.0,0.0,0.0,-9.289502,-0.411803,-0.124498,-0.057023,-0.049562,0.021051
2026-08-19T15:51:22.194841+00:00,97410,Birendra,squat,good,squat_good,0.0,0.0,0.0,0.0,0.0,0.0,-9.270349,-0.390255,-0.11971,-0.058089,-0.038637,0.026113
2026-08-19T15:51:22.194841+00:00,97430,Birendra,squat,good,squat_good,0.0,0.0,0.0,0.0,0.0,0.0,-9.31105,-0.337582,-0.067038,-0.062885,-0.028511,0.03091
2026-08-19T15:51:22.194841+00:00,97450,Birendra,squat,good,squat_good,0.0,0.0,0.0,0.0,0.0,0.0,-9.308656,-0.3304,-0.09098,-0.076475,-0.02638,0.031443
2026-08-19T15:51:22.194841+00:00,97470,Birendra,squat,good,squat_good,0.0,0.0,0.0,0.0,0.0,0.0,-9.334992,-0.399832,-0.071826,-0.081005,-0.027446,0.027712
2026-08-19T15:51:22.194841+00:00,97491,Birendra,squat,good,squat_good,0.0,0.0,0.0,0.0,0.0,0.0,-9.32781,-0.416591,-0.07422,-0.080738,-0.023982,0.026646
2026-08-19T15:51:22.194841+00:00,97510,Birendra,squat,good,squat_good,0.0,0.0,0.0,0.0,0.0,0.0,-9.370906,-0.430956,-0.023942,-0.081538,-0.014123,0.026646
2026-08-19T15:51:22.194841+00:00,97530,Birendra,squat,good,squat_good,0.0,0.0,0.0,0.0,0.0,0.0,-9.40203,-0.397437,-0.033519,-0.08207,-0.013057,0.028778
2026-08-19T15:51:22.194841+00:00,97550,Birendra,squat,good,squat_good,0.0,0.0,0.0,0.0,0.0,0.0,-9.375694,-0.380678,-0.026336,-0.091397,-0.018386,0.023715
2026-08-19T15:51:22.194841+00:00,97570,Birendra,squat,good,squat_good,0.0,0.0,0.0,0.0,0.0,0.0,-9.390059,-0.435745,-0.014365,-0.103654,-0.006395,0.011724
2026-08-19T15:51:22.194841+00:00,97591,Birendra,squat,good,squat_good,0.0,0.0,0.0,0.0,0.0,0.0,-9.409213,-0.471658,0.014365,-0.093262,-0.020784,0.015455
2026-08-19T15:51:22.194841+00:00,97610,Birendra,squat,good,squat_good,0.0,0.0,0.0,0.0,0.0,0.0,-9.40203,-0.521936,0.019154,-0.079939,-0.005596,0.015988
2026-08-19T15:51:22.194841+00:00,97630,Birendra,squat,good,squat_good,0.0,0.0,0.0,0.0,0.0,0.0,-9.440337,-0.466869,0.026336,-0.066349,-0.014922,0.021583
2026-08-19T15:51:22.194841+00:00,97650,Birendra,squat,good,squat_good,0.0,0.0,0.0,0.0,0.0,0.0,-9.397242,-0.490811,0.031125,-0.059688,-0.015455,0.011191
2026-08-19T15:51:22.194841+00:00,97670,Birendra,squat,good,squat_good,0.0,0.0,0.0,0.0,0.0,0.0,-9.437943,-0.469264,-0.016759,-0.056224,-0.023182,0.014123
2026-08-19T15:51:22.194841+00:00,97691,Birendra,squat,good,squat_good,0.0,0.0,0.0,0.0,0.0,0.0,-9.392453,-0.445322,-0.009577,-0.05649,-0.023715,0.005329
2026-08-19T15:51:22.194841+00:00,97710,Birendra,squat,good,squat_good,0.0,0.0,0.0,0.0,0.0,0.0,-9.406818,-0.519542,-0.026336,-0.059421,-0.024248,0.007461
2026-08-19T15:51:22.194841+00:00,97730,Birendra,squat,good,squat_good,0.0,0.0,0.0,0.0,0.0,0.0,-9.356541,-0.529119,-0.023942,-0.049029,-0.015988,0.003997
2026-08-19T15:51:22.194841+00:00,97750,Birendra,squat,good,squat_good,0.0,0.0,0.0,0.0,0.0,0.0,-9.366117,-0.507571,-0.033519,-0.035173,-0.020784,0.007727
2026-08-19T15:51:22.194841+00:00,97770,Birendra,squat,good,squat_good,0.0,0.0,0.0,0.0,0.0,0.0,-9.356541,-0.445322,-0.081403,-0.037038,-0.025847,0.005862
2026-08-19T15:51:22.194841+00:00,97791,Birendra,squat,good,squat_good,0.0,0.0,0.0,0.0,0.0,0.0,-9.385271,-0.442927,-0.11971,-0.041302,-0.030377,-0.014123
2026-08-19T15:51:22.194841+00:00,97810,Birendra,squat,good,squat_good,0.0,0.0,0.0,0.0,0.0,0.0,-9.449914,-0.459687,-0.040701,-0.04823,-0.03544,-0.016254
2026-08-19T15:51:23.119172+00:00,97831,Birendra,squat,good,squat_good,0.0,0.0,0.0,0.0,0.0,0.0,-9.358934,-0.486023,-0.088585,-0.04743,-0.029577,-0.010658
2026-08-19T15:51:23.119172+00:00,97850,Birendra,squat,good,squat_good,0.0,0.0,0.0,0.0,0.0,0.0,-9.399636,-0.476446,-0.079009,-0.038637,-0.024248,-0.006395
2026-08-19T15:51:23.119172+00:00,97870,Birendra,squat,good,squat_good,0.0,0.0,0.0,0.0,0.0,0.0,-9.354146,-0.428562,-0.059855,-0.037305,-0.033574,0.008793
2026-08-19T15:51:23.119172+00:00,97891,Birendra,squat,good,squat_good,0.0,0.0,0.0,0.0,0.0,0.0,-9.387665,-0.438139,-0.07422,-0.034107,-0.038371,0.008527
2026-08-19T15:51:23.119172+00:00,97910,Birendra,squat,good,squat_good,0.0,0.0,0.0,0.0,0.0,0.0,-9.404425,-0.457293,-0.093374,-0.036505,-0.054625,0.017587
2026-08-19T15:51:23.119172+00:00,97930,Birendra,squat,good,squat_good,0.0,0.0,0.0,0.0,0.0,0.0,-9.318233,-0.445322,-0.050278,-0.030377,-0.04823,0.021317
2026-08-19T15:51:23.119172+00:00,97950,Birendra,squat,good,squat_good,0.0,0.0,0.0,0.0,0.0,0.0,-9.32781,-0.416591,-0.069432,-0.027179,-0.036772,0.018919
2026-08-19T15:51:23.119172+00:00,97970,Birendra,squat,good,squat_good,0.0,0.0,0.0,0.0,0.0,0.0,-9.342175,-0.318429,-0.043096,-0.03917,-0.049296,0.022916
2026-08-19T15:51:23.119172+00:00,97990,Birendra,squat,good,squat_good,0.0,0.0,0.0,0.0,0.0,0.0,-9.313444,-0.378284,-0.07422,-0.046364,-0.045565,0.013323
2026-08-19T15:51:23.119172+00:00,98011,Birendra,squat,good,squat_good,0.0,0.0,0.0,0.0,0.0,0.0,-9.318233,-0.385466,-0.059855,-0.050894,-0.052493,0.015988
2026-08-19T15:51:23.119172+00:00,98030,Birendra,squat,good,squat_good,0.0,0.0,0.0,0.0,0.0,0.0,-9.318233,-0.414197,-0.062249,-0.055158,-0.042368,0.015455
2026-08-19T15:51:23.119172+00:00,98050,Birendra,squat,good,squat_good,0.0,0.0,0.0,0.0,0.0,0.0,-9.349358,-0.397437,-0.083797,-0.049029,-0.03464,0.016521
2026-08-19T15:51:23.119172+00:00,98070,Birendra,squat,good,squat_good,0.0,0.0,0.0,0.0,0.0,0.0,-9.361329,-0.339977,-0.040701,-0.054891,-0.032775,0.01279
2026-08-19T15:51:23.119172+00:00,98091,Birendra,squat,good,squat_good,0.0,0.0,0.0,0.0,0.0,0.0,-9.363723,-0.387861,-0.043096,-0.065017,-0.045032,0.01732
2026-08-19T15:51:23.119172+00:00,98111,Birendra,squat,good,squat_good,0.0,0.0,0.0,0.0,0.0,0.0,-9.344569,-0.390255,-0.035913,-0.065017,-0.039703,0.017587
2026-08-19T15:51:23.119172+00:00,98130,Birendra,squat,good,squat_good,0.0,0.0,0.0,0.0,0.0,0.0,-9.351752,-0.433351,-0.043096,-0.06555,-0.039703,0.02558
2026-08-19T15:51:23.119172+00:00,98150,Birendra,squat,good,squat_good,0.0,0.0,0.0,0.0,0.0,0.0,-9.366117,-0.416591,-0.050278,-0.059421,-0.024781,0.026646
2026-08-19T15:51:23.119172+00:00,98170,Birendra,squat,good,squat_good,0.0,0.0,0.0,0.0,0.0,0.0,-9.411607,-0.411803,-0.02873,-0.054625,-0.02638,0.027712
2026-08-19T15:51:23.119172+00:00,98190,Birendra,squat,good,squat_good,0.0,0.0,0.0,0.0,0.0,0.0,-9.411607,-0.383072,-0.019154,-0.059421,-0.032242,0.024781
2026-08-19T15:51:23.119172+00:00,98211,Birendra,squat,good,squat_good,0.0,0.0,0.0,0.0,0.0,0.0,-9.399636,-0.42138,-0.040701,-0.070613,-0.038104,0.027712
2026-08-19T15:51:23.119172+00:00,98230,Birendra,squat,good,squat_good,0.0,0.0,0.0,0.0,0.0,0.0,-9.368511,-0.40462,-0.059855,-0.076741,-0.031975,0.023982
2026-08-19T15:51:23.119172+00:00,98250,Birendra,squat,good,squat_good,0.0,0.0,0.0,0.0,0.0,0.0,-9.409213,-0.462081,-0.057461,-0.086334,-0.035972,0.029311
2026-08-19T15:51:23.119172+00:00,98270,Birendra,squat,good,squat_good,0.0,0.0,0.0,0.0,0.0,0.0,-9.313444,-0.505177,-0.016759,-0.085801,-0.03091,0.030377
2026-08-19T15:51:23.119172+00:00,98290,Birendra,squat,good,squat_good,0.0,0.0,0.0,0.0,0.0,0.0,-9.361329,-0.502782,-0.016759,-0.075409,-0.02185,0.021583
2026-08-19T15:51:23.119172+00:00,98311,Birendra,squat,good,squat_good,0.0,0.0,0.0,0.0,0.0,0.0,-9.358934,-0.490811,-0.016759,-0.069547,-0.032508,0.02185
2026-08-19T15:51:23.119172+00:00,98330,Birendra,squat,good,squat_good,0.0,0.0,0.0,0.0,0.0,0.0,-9.32781,-0.526724,-0.04549,-0.064217,-0.033574,0.015988
2026-08-19T15:51:23.119172+00:00,98350,Birendra,squat,good,squat_good,0.0,0.0,0.0,0.0,0.0,0.0,-9.31105,-0.512359,-0.055067,-0.059155,-0.028245,0.011458
2026-08-19T15:51:23.119172+00:00,98370,Birendra,squat,good,squat_good,0.0,0.0,0.0,0.0,0.0,0.0,-9.313444,-0.483629,-0.07422,-0.060753,-0.019718,0.007727
2026-08-19T15:51:23.119172+00:00,98390,Birendra,squat,good,squat_good,0.0,0.0,0.0,0.0,0.0,0.0,-9.358934,-0.490811,-0.062249,-0.061819,-0.018652,0.000799
2026-08-19T15:51:23.119172+00:00,98411,Birendra,squat,good,squat_good,0.0,0.0,0.0,0.0,0.0,0.0,-9.342175,-0.483629,-0.076614,-0.056224,-0.01732,-0.007727
2026-08-19T15:51:23.119172+00:00,98430,Birendra,squat,good,squat_good,0.0,0.0,0.0,0.0,0.0,0.0,-9.354146,-0.476446,-0.069432,-0.054358,-0.018119,-0.006395
2026-08-19T15:51:23.119172+00:00,98450,Birendra,squat,good,squat_good,0.0,0.0,0.0,0.0,0.0,0.0,-9.375694,-0.481235,-0.098162,-0.058622,-0.026646,0.002398
2026-08-19T15:51:23.119172+00:00,98470,Birendra,squat,good,squat_good,0.0,0.0,0.0,0.0,0.0,0.0,-9.358934,-0.4956,-0.134075,-0.056224,-0.021317,0.003464
2026-08-19T15:51:23.119172+00:00,98490,Birendra,squat,good,squat_good,0.0,0.0,0.0,0.0,0.0,0.0,-9.375694,-0.464475,-0.107739,-0.054092,-0.022383,0.006928
2026-08-19T15:51:23.119172+00:00,98513,Birendra,squat,good,squat_good,0.0,0.0,0.0,0.0,0.0,0.0,-9.397242,-0.442927,-0.055067,-0.051427,-0.024781,0.006928
2026-08-19T15:51:23.119172+00:00,98531,Birendra,squat,good,squat_good,0.0,0.0,0.0,0.0,0.0,0.0,-9.380483,-0.469264,-0.031125,-0.049562,-0.027446,0.008793
2026-08-19T15:51:23.119172+00:00,98551,Birendra,squat,good,squat_good,0.0,0.0,0.0,0.0,0.0,0.0,-9.397242,-0.452504,-0.076614,-0.049296,-0.023715,0.007194
2026-08-19T15:51:23.119172+00:00,98570,Birendra,squat,good,squat_good,0.0,0.0,0.0,0.0,0.0,0.0,-9.366117,-0.428562,-0.062249,-0.054358,-0.031443,0.009593
2026-08-19T15:51:23.119172+00:00,98590,Birendra,squat,good,squat_good,0.0,0.0,0.0,0.0,0.0,0.0,-9.394848,-0.399832,-0.095768,-0.059421,-0.034107,0.008793
2026-08-19T15:51:23.119172+00:00,98612,Birendra,squat,good,squat_good,0.0,0.0,0.0,0.0,0.0,0.0,-9.406818,-0.416591,-0.071826,-0.065283,-0.036239,0.006662
2026-08-19T15:51:23.119172+00:00,98630,Birendra,squat,good,squat_good,0.0,0.0,0.0,0.0,0.0,0.0,-9.41879,-0.476446,-0.071826,-0.064484,-0.042634,0.013323
2026-08-19T15:51:23.119172+00:00,98650,Birendra,squat,good,squat_good,0.0,0.0,0.0,0.0,0.0,0.0,-9.346964,-0.486023,-0.071826,-0.052227,-0.036772,0.017853
2026-08-19T15:51:23.119172+00:00,98670,Birendra,squat,good,squat_good,0.0,0.0,0.0,0.0,0.0,0.0,-9.390059,-0.414197,-0.076614,-0.046631,-0.042368,0.027446
2026-08-19T15:51:23.119172+00:00,98690,Birendra,squat,good,squat_good,0.0,0.0,0.0,0.0,0.0,0.0,-9.334992,-0.426168,-0.105345,-0.051161,-0.046897,0.031443
2026-08-19T15:51:23.119172+00:00,98711,Birendra,squat,good,squat_good,0.0,0.0,0.0,0.0,0.0,0.0,-9.351752,-0.445322,-0.110133,-0.053559,-0.047963,0.032242
2026-08-19T15:51:23.119172+00:00,98730,Birendra,squat,good,squat_good,0.0,0.0,0.0,0.0,0.0,0.0,-9.313444,-0.459687,-0.100556,-0.061286,-0.040769,0.02638
2026-08-19T15:51:23.119172+00:00,98750,Birendra,squat,good,squat_good,0.0,0.0,0.0,0.0,0.0,0.0,-9.320627,-0.476446,-0.124498,-0.061286,-0.036772,0.028245
2026-08-19T15:51:23.119172+00:00,98770,Birendra,squat,good,squat_good,0.0,0.0,0.0,0.0,0.0,0.0,-9.275137,-0.493206,-0.110133,-0.058888,-0.02558,0.025847
2026-08-19T15:51:23.119172+00:00,98790,Birendra,squat,good,squat_good,0.0,0.0,0.0,0.0,0.0,0.0,-9.26556,-0.54109,-0.126893,-0.058355,-0.032508,0.034907
2026-08-19T15:51:23.119172+00:00,98811,Birendra,squat,good,squat_good,0.0,0.0,0.0,0.0,0.0,0.0,-9.23683,-0.593762,-0.134075,-0.045032,-0.015988,0.031443
2026-08-19T15:51:23.560724+00:00,98832,Birendra,squat,good,squat_good,0.0,0.0,0.0,0.0,0.0,0.0,-9.267955,-0.567426,-0.167594,-0.038371,-0.01359,0.040769
2026-08-19T15:51:23.560724+00:00,98850,Birendra,squat,good,squat_good,0.0,0.0,0.0,0.0,0.0,0.0,-9.205706,-0.641646,-0.169988,-0.025314,-0.001865,0.041035
2026-08-19T15:51:23.560724+00:00,98870,Birendra,squat,good,squat_good,0.0,0.0,0.0,0.0,0.0,0.0,-9.272743,-0.550666,-0.114922,-0.011458,0.029311,0.024781
2026-08-19T15:51:23.560724+00:00,98891,Birendra,squat,good,squat_good,0.0,0.0,0.0,0.0,0.0,0.0,-9.332599,-0.521936,-0.107739,-0.015988,0.028778,0.01279
2026-08-19T15:51:23.560724+00:00,98910,Birendra,squat,good,squat_good,0.0,0.0,0.0,0.0,0.0,0.0,-9.334992,-0.476446,-0.105345,-0.027446,0.026913,-0.006129
2026-08-19T15:51:23.560724+00:00,98931,Birendra,squat,good,squat_good,0.0,0.0,0.0,0.0,0.0,0.0,-9.406818,-0.426168,-0.071826,-0.041568,0.023449,-0.020784
2026-08-19T15:51:23.560724+00:00,98950,Birendra,squat,good,squat_good,0.0,0.0,0.0,0.0,0.0,0.0,-9.461885,-0.447716,-0.057461,-0.053559,0.006395,-0.018386
2026-08-19T15:51:23.560724+00:00,98970,Birendra,squat,good,squat_good,0.0,0.0,0.0,0.0,0.0,0.0,-9.478644,-0.500388,-0.021548,-0.047164,0.001332,-0.010658
2026-08-19T15:51:23.560724+00:00,98990,Birendra,squat,good,squat_good,0.0,0.0,0.0,0.0,0.0,0.0,-9.471462,-0.483629,-0.067038,-0.029311,-0.00826,0.00826
2026-08-19T15:51:23.560724+00:00,99011,Birendra,squat,good,squat_good,0.0,0.0,0.0,0.0,0.0,0.0,-9.490616,-0.454898,-0.102951,-0.008793,-0.014389,0.021051
2026-08-19T15:51:23.560724+00:00,99031,Birendra,squat,good,squat_good,0.0,0.0,0.0,0.0,0.0,0.0,-9.476251,-0.363919,-0.105345,0.001865,-0.016254,0.02638
2026-08-19T15:51:23.560724+00:00,99050,Birendra,squat,good,squat_good,0.0,0.0,0.0,0.0,0.0,0.0,-9.528923,-0.299275,-0.122104,-0.00453,-0.035173,0.024248
2026-08-19T15:51:23.560724+00:00,99070,Birendra,squat,good,squat_good,0.0,0.0,0.0,0.0,0.0,0.0,-9.452309,-0.337582,-0.191536,-0.02638,-0.053825,0.027179
2026-08-19T15:51:23.560724+00:00,99091,Birendra,squat,good,squat_good,0.0,0.0,0.0,0.0,0.0,0.0,-9.394848,-0.31364,-0.181959,-0.039703,-0.053825,0.036772
2026-08-19T15:51:23.560724+00:00,99111,Birendra,squat,good,squat_good,0.0,0.0,0.0,0.0,0.0,0.0,-9.356541,-0.325611,-0.169988,-0.055158,-0.047697,0.042634
2026-08-19T15:51:23.560724+00:00,99131,Birendra,squat,good,squat_good,0.0,0.0,0.0,0.0,0.0,0.0,-9.361329,-0.337582,-0.148441,-0.063418,-0.0437,0.048763
2026-08-19T15:51:23.560724+00:00,99150,Birendra,squat,good,squat_good,0.0,0.0,0.0,0.0,0.0,0.0,-9.378088,-0.325611,-0.167594,-0.077274,-0.064484,0.054891
2026-08-19T15:51:23.560724+00:00,99170,Birendra,squat,good,squat_good,0.0,0.0,0.0,0.0,0.0,0.0,-9.255983,-0.438139,-0.162806,-0.083403,-0.074876,0.053825
2026-08-19T15:51:23.560724+00:00,99190,Birendra,squat,good,squat_good,0.0,0.0,0.0,0.0,0.0,0.0,-9.203311,-0.433351,-0.160412,-0.077008,-0.068481,0.053559
2026-08-19T15:51:23.560724+00:00,99210,Birendra,squat,good,squat_good,0.0,0.0,0.0,0.0,0.0,0.0,-9.232041,-0.500388,-0.167594,-0.061553,-0.052227,0.050095
2026-08-19T15:51:23.560724+00:00,99231,Birendra,squat,good,squat_good,0.0,0.0,0.0,0.0,0.0,0.0,-9.3733,-0.483629,-0.215478,-0.047963,-0.062352,0.051694
2026-08-19T15:51:23.560724+00:00,99251,Birendra,squat,good,squat_good,0.0,0.0,0.0,0.0,0.0,0.0,-9.318233,-0.517148,-0.213084,-0.05196,-0.065017,0.041835
2026-08-19T15:51:23.560724+00:00,99270,Birendra,squat,good,squat_good,0.0,0.0,0.0,0.0,0.0,0.0,-9.385271,-0.462081,-0.217872,-0.061553,-0.054358,0.035706
2026-08-19T15:51:23.560724+00:00,99290,Birendra,squat,good,squat_good,0.0,0.0,0.0,0.0,0.0,0.0,-9.334992,-0.483629,-0.201113,-0.075942,-0.05196,0.036505
2026-08-19T15:51:23.560724+00:00,99310,Birendra,squat,good,squat_good,0.0,0.0,0.0,0.0,0.0,0.0,-9.334992,-0.557849,-0.205901,-0.08287,-0.039969,0.031709
2026-08-19T15:51:23.560724+00:00,99331,Birendra,squat,good,squat_good,0.0,0.0,0.0,0.0,0.0,0.0,-9.392453,-0.605733,-0.181959,-0.074343,-0.041568,0.028245
2026-08-19T15:51:23.560724+00:00,99350,Birendra,squat,good,squat_good,0.0,0.0,0.0,0.0,0.0,0.0,-9.315839,-0.581791,-0.146046,-0.064217,-0.042368,0.021317
2026-08-19T15:51:23.560724+00:00,99370,Birendra,squat,good,squat_good,0.0,0.0,0.0,0.0,0.0,0.0,-9.291897,-0.588974,-0.131681,-0.051161,-0.037571,0.012524
2026-08-19T15:51:23.560724+00:00,99390,Birendra,squat,good,squat_good,0.0,0.0,0.0,0.0,0.0,0.0,-9.313444,-0.548272,-0.150835,-0.041835,-0.030643,-0.002398
2026-08-19T15:51:23.560724+00:00,99410,Birendra,squat,good,squat_good,0.0,0.0,0.0,0.0,0.0,0.0,-9.289502,-0.505177,-0.150835,-0.048496,-0.030377,-0.009593
2026-08-19T15:51:23.560724+00:00,99433,Birendra,squat,good,squat_good,0.0,0.0,0.0,0.0,0.0,0.0,-9.31105,-0.502782,-0.129287,-0.053825,-0.011724,-0.02558
2026-08-19T15:51:23.560724+00:00,99451,Birendra,squat,good,squat_good,0.0,0.0,0.0,0.0,0.0,0.0,-9.31105,-0.474052,-0.112527,-0.055158,-0.00906,-0.028245
2026-08-19T15:51:23.560724+00:00,99471,Birendra,squat,good,squat_good,0.0,0.0,0.0,0.0,0.0,0.0,-9.289502,-0.502782,-0.086191,-0.057822,-0.003997,-0.036505
2026-08-19T15:51:23.560724+00:00,99490,Birendra,squat,good,squat_good,0.0,0.0,0.0,0.0,0.0,0.0,-9.366117,-0.42138,-0.076614,-0.053292,-0.00373,-0.045032
2026-08-19T15:51:23.560724+00:00,99511,Birendra,squat,good,squat_good,0.0,0.0,0.0,0.0,0.0,0.0,-9.323022,-0.414197,-0.117316,-0.055424,-0.010925,-0.047963
2026-08-19T15:51:23.560724+00:00,99531,Birendra,squat,good,squat_good,0.0,0.0,0.0,0.0,0.0,0.0,-9.318233,-0.426168,-0.093374,-0.055957,-0.006129,-0.051427
2026-08-19T15:51:23.560724+00:00,99550,Birendra,squat,good,squat_good,0.0,0.0,0.0,0.0,0.0,0.0,-9.380483,-0.385466,-0.09098,-0.059155,-0.009593,-0.044233
2026-08-19T15:51:23.560724+00:00,99570,Birendra,squat,good,squat_good,0.0,0.0,0.0,0.0,0.0,0.0,-9.378088,-0.392649,-0.107739,-0.059688,-0.015988,-0.037305
2026-08-19T15:51:23.560724+00:00,99590,Birendra,squat,good,squat_good,0.0,0.0,0.0,0.0,0.0,0.0,-9.409213,-0.385466,-0.150835,-0.052227,-0.018386,-0.025847
2026-08-19T15:51:23.560724+00:00,99610,Birendra,squat,good,squat_good,0.0,0.0,0.0,0.0,0.0,0.0,-9.454702,-0.332794,-0.162806,-0.053559,-0.027446,-0.009859
2026-08-19T15:51:23.560724+00:00,99631,Birendra,squat,good,squat_good,0.0,0.0,0.0,0.0,0.0,0.0,-9.483433,-0.351948,-0.196325,-0.055691,-0.039436,0.002398
2026-08-19T15:51:23.560724+00:00,99650,Birendra,squat,good,squat_good,0.0,0.0,0.0,0.0,0.0,0.0,-9.469068,-0.35913,-0.177171,-0.061286,-0.049828,0.016787
2026-08-19T15:51:23.560724+00:00,99670,Birendra,squat,good,squat_good,0.0,0.0,0.0,0.0,0.0,0.0,-9.435549,-0.399832,-0.201113,-0.069547,-0.06102,0.033574
2026-08-19T15:51:23.560724+00:00,99690,Birendra,squat,good,squat_good,0.0,0.0,0.0,0.0,0.0,0.0,-9.366117,-0.430956,-0.222661,-0.071145,-0.060753,0.05276
2026-08-19T15:51:23.560724+00:00,99710,Birendra,squat,good,squat_good,0.0,0.0,0.0,0.0,0.0,0.0,-9.390059,-0.457293,-0.181959,-0.072478,-0.055158,0.060221
2026-08-19T15:51:23.560724+00:00,99731,Birendra,squat,good,squat_good,0.0,0.0,0.0,0.0,0.0,0.0,-9.346964,-0.454898,-0.222661,-0.078606,-0.062086,0.061553
2026-08-19T15:51:23.560724+00:00,99751,Birendra,squat,good,squat_good,0.0,0.0,0.0,0.0,0.0,0.0,-9.320627,-0.4956,-0.179565,-0.085268,-0.061553,0.051161
2026-08-19T15:51:23.560724+00:00,99770,Birendra,squat,good,squat_good,0.0,0.0,0.0,0.0,0.0,0.0,-9.246407,-0.505177,-0.136469,-0.092462,-0.059421,0.045032
2026-08-19T15:51:23.560724+00:00,99790,Birendra,squat,good,squat_good,0.0,0.0,0.0,0.0,0.0,0.0,-9.258378,-0.553061,-0.105345,-0.096459,-0.054891,0.034374
2026-08-19T15:51:23.560724+00:00,99810,Birendra,squat,good,squat_good,0.0,0.0,0.0,0.0,0.0,0.0,-9.244013,-0.538695,-0.11971,-0.0866,-0.044499,0.018386
2026-08-19T15:51:24.580491+00:00,99832,Birendra,squat,good,squat_good,0.0,0.0,0.0,0.0,0.0,0.0,-9.270349,-0.557849,-0.064643,-0.089265,-0.045032,0.005063
2026-08-19T15:51:24.580491+00:00,99851,Birendra,squat,good,squat_good,0.0,0.0,0.0,0.0,0.0,0.0,-9.308656,-0.584185,-0.062249,-0.080738,-0.046098,-0.006662
2026-08-19T15:51:24.580491+00:00,99871,Birendra,squat,good,squat_good,0.0,0.0,0.0,0.0,0.0,0.0,-9.385271,-0.600945,-0.083797,-0.070613,-0.051161,-0.009593
2026-08-19T15:51:24.580491+00:00,99891,Birendra,squat,good,squat_good,0.0,0.0,0.0,0.0,0.0,0.0,-9.342175,-0.617704,-0.107739,-0.058888,-0.050095,-0.003464
2026-08-19T15:51:24.580491+00:00,99911,Birendra,squat,good,squat_good,0.0,0.0,0.0,0.0,0.0,0.0,-9.382876,-0.560243,-0.098162,-0.055957,-0.03464,0.0
2026-08-19T15:51:24.580491+00:00,99931,Birendra,squat,good,squat_good,0.0,0.0,0.0,0.0,0.0,0.0,-9.349358,-0.545878,-0.071826,-0.05196,-0.038637,0.00906
2026-08-19T15:51:24.580491+00:00,99951,Birendra,squat,good,squat_good,0.0,0.0,0.0,0.0,0.0,0.0,-9.337387,-0.502782,-0.126893,-0.050628,-0.031709,0.001865
2026-08-19T15:51:24.580491+00:00,99970,Birendra,squat,good,squat_good,0.0,0.0,0.0,0.0,0.0,0.0,-9.358934,-0.440533,-0.122104,-0.06555,-0.038104,-0.006928
2026-08-19T15:51:24.580491+00:00,99990,Birendra,squat,good,squat_good,0.0,0.0,0.0,0.0,0.0,0.0,-9.337387,-0.471658,-0.055067,-0.079939,-0.038104,-0.019718
2026-08-19T15:51:24.580491+00:00,100010,Birendra,squat,good,squat_good,0.0,0.0,0.0,0.0,0.0,0.0,-9.339781,-0.486023,-0.079009,-0.08207,-0.033308,-0.020784
2026-08-19T15:51:24.580491+00:00,100030,Birendra,squat,good,squat_good,0.0,0.0,0.0,0.0,0.0,0.0,-9.337387,-0.567426,-0.143652,-0.071678,-0.023982,-0.016787
2026-08-19T15:51:24.580491+00:00,100051,Birendra,squat,good,squat_good,0.0,0.0,0.0,0.0,0.0,0.0,-9.344569,-0.500388,-0.11971,-0.060221,-0.024515,-0.006928
2026-08-19T15:51:24.580491+00:00,100070,Birendra,squat,good,squat_good,0.0,0.0,0.0,0.0,0.0,0.0,-9.368511,-0.471658,-0.141258,-0.060487,-0.024248,-0.005329
2026-08-19T15:51:24.580491+00:00,100090,Birendra,squat,good,squat_good,0.0,0.0,0.0,0.0,0.0,0.0,-9.368511,-0.430956,-0.158017,-0.067149,-0.031176,-0.001332
2026-08-19T15:51:24.580491+00:00,100110,Birendra,squat,good,squat_good,0.0,0.0,0.0,0.0,0.0,0.0,-9.354146,-0.464475,-0.158017,-0.071145,-0.033308,0.001332
2026-08-19T15:51:24.580491+00:00,100130,Birendra,squat,good,squat_good,0.0,0.0,0.0,0.0,0.0,0.0,-9.334992,-0.442927,-0.201113,-0.072478,-0.035706,0.010392
2026-08-19T15:51:24.580491+00:00,100151,Birendra,squat,good,squat_good,0.0,0.0,0.0,0.0,0.0,0.0,-9.325416,-0.426168,-0.174777,-0.077008,-0.037038,0.019452
2026-08-19T15:51:24.580491+00:00,100170,Birendra,squat,good,squat_good,0.0,0.0,0.0,0.0,0.0,0.0,-9.289502,-0.435745,-0.244209,-0.092196,-0.038637,0.026913
2026-08-19T15:51:24.580491+00:00,100190,Birendra,squat,good,squat_good,0.0,0.0,0.0,0.0,0.0,0.0,-9.263166,-0.481235,-0.203507,-0.102322,-0.03464,0.027179
2026-08-19T15:51:24.580491+00:00,100210,Birendra,squat,good,squat_good,0.0,0.0,0.0,0.0,0.0,0.0,-9.270349,-0.493206,-0.174777,-0.106052,-0.026913,0.020518
2026-08-19T15:51:24.580491+00:00,100230,Birendra,squat,good,squat_good,0.0,0.0,0.0,0.0,0.0,0.0,-9.25359,-0.52433,-0.1652,-0.102055,-0.02185,0.017853
2026-08-19T15:51:24.580491+00:00,100251,Birendra,squat,good,squat_good,0.0,0.0,0.0,0.0,0.0,0.0,-9.289502,-0.519542,-0.155623,-0.093795,-0.018386,0.01359
2026-08-19T15:51:24.580491+00:00,100270,Birendra,squat,good,squat_good,0.0,0.0,0.0,0.0,0.0,0.0,-9.332599,-0.52433,-0.148441,-0.096726,-0.017853,0.015988
2026-08-19T15:51:24.580491+00:00,100290,Birendra,squat,good,squat_good,0.0,0.0,0.0,0.0,0.0,0.0,-9.342175,-0.507571,-0.141258,-0.096992,-0.015988,0.011191
2026-08-19T15:51:24.580491+00:00,100310,Birendra,squat,good,squat_good,0.0,0.0,0.0,0.0,0.0,0.0,-9.392453,-0.533907,-0.138864,-0.10019,-0.015455,0.01359
2026-08-19T15:51:24.580491+00:00,100330,Birendra,squat,good,squat_good,0.0,0.0,0.0,0.0,0.0,0.0,-9.382876,-0.512359,-0.09098,-0.101789,-0.010392,0.016787
2026-08-19T15:51:24.580491+00:00,100351,Birendra,squat,good,squat_good,0.0,0.0,0.0,0.0,0.0,0.0,-9.423578,-0.529119,-0.107739,-0.09939,-0.011991,0.019452
2026-08-19T15:51:24.580491+00:00,100370,Birendra,squat,good,squat_good,0.0,0.0,0.0,0.0,0.0,0.0,-9.433155,-0.512359,-0.083797,-0.094861,-0.013856,0.018386
2026-08-19T15:51:24.580491+00:00,100390,Birendra,squat,good,squat_good,0.0,0.0,0.0,0.0,0.0,0.0,-9.399636,-0.462081,-0.043096,-0.099657,-0.018652,0.022649
2026-08-19T15:51:24.580491+00:00,100410,Birendra,squat,good,squat_good,0.0,0.0,0.0,0.0,0.0,0.0,-9.334992,-0.454898,-0.009577,-0.110049,-0.017054,0.026913
2026-08-19T15:51:24.580491+00:00,100430,Birendra,squat,good,squat_good,0.0,0.0,0.0,0.0,0.0,0.0,-9.284714,-0.466869,-0.016759,-0.111381,-0.00826,0.029577
2026-08-19T15:51:24.580491+00:00,100451,Birendra,squat,good,squat_good,0.0,0.0,0.0,0.0,0.0,0.0,-9.275137,-0.476446,-0.021548,-0.110049,-0.011191,0.034107
2026-08-19T15:51:24.580491+00:00,100470,Birendra,squat,good,squat_good,0.0,0.0,0.0,0.0,0.0,0.0,-9.275137,-0.486023,-0.050278,-0.094328,-0.010658,0.036239
2026-08-19T15:51:24.580491+00:00,100490,Birendra,squat,good,squat_good,0.0,0.0,0.0,0.0,0.0,0.0,-9.306262,-0.462081,-0.062249,-0.071145,-0.020251,0.047963
2026-08-19T15:51:24.580491+00:00,100510,Birendra,squat,good,squat_good,0.0,0.0,0.0,0.0,0.0,0.0,-9.267955,-0.414197,-0.071826,-0.056224,-0.018652,0.066083
2026-08-19T15:51:24.580491+00:00,100530,Birendra,squat,good,squat_good,0.0,0.0,0.0,0.0,0.0,0.0,-9.306262,-0.349553,-0.124498,-0.049296,-0.012524,0.081804
2026-08-19T15:51:24.580491+00:00,100550,Birendra,squat,good,squat_good,0.0,0.0,0.0,0.0,0.0,0.0,-9.337387,-0.3304,-0.189142,-0.04743,-0.020251,0.096726
2026-08-19T15:51:24.580491+00:00,100571,Birendra,squat,good,squat_good,0.0,0.0,0.0,0.0,0.0,0.0,-9.394848,-0.301669,-0.222661,-0.041302,-0.031176,0.110049
2026-08-19T15:51:24.580491+00:00,100590,Birendra,squat,good,squat_good,0.0,0.0,0.0,0.0,0.0,0.0,-9.332599,-0.220267,-0.179565,-0.045299,-0.046897,0.131632
2026-08-19T15:51:24.580491+00:00,100610,Birendra,squat,good,squat_good,0.0,0.0,0.0,0.0,0.0,0.0,-9.239224,-0.155623,-0.174777,-0.057556,-0.037305,0.144156
2026-08-19T15:51:24.580491+00:00,100630,Birendra,squat,good,squat_good,0.0,0.0,0.0,0.0,0.0,0.0,-9.222465,-0.093374,-0.232238,-0.073277,-0.026646,0.145222
2026-08-19T15:51:24.580491+00:00,100651,Birendra,squat,good,squat_good,0.0,0.0,0.0,0.0,0.0,0.0,-9.323022,-0.067038,-0.196325,-0.095394,-0.037838,0.14842
2026-08-19T15:51:24.580491+00:00,100671,Birendra,squat,good,squat_good,0.0,0.0,0.0,0.0,0.0,0.0,-9.217676,-0.148441,-0.215478,-0.112714,-0.046897,0.161743
2026-08-19T15:51:24.580491+00:00,100690,Birendra,squat,good,squat_good,0.0,0.0,0.0,0.0,0.0,0.0,-9.148245,-0.143652,-0.189142,-0.110049,-0.032775,0.176931
2026-08-19T15:51:24.580491+00:00,100710,Birendra,squat,good,squat_good,0.0,0.0,0.0,0.0,0.0,0.0,-9.121908,-0.09098,-0.217872,-0.100456,-0.018386,0.186524
2026-08-19T15:51:24.580491+00:00,100730,Birendra,squat,good,squat_good,0.0,0.0,0.0,0.0,0.0,0.0,-9.150639,-0.033519,-0.150835,-0.094594,-0.01279,0.186524
2026-08-19T15:51:24.580491+00:00,100750,Birendra,squat,good,squat_good,0.0,0.0,0.0,0.0,0.0,0.0,-9.174581,-0.007183,-0.131681,-0.090064,-0.023182,0.185458
2026-08-19T15:51:24.580491+00:00,100771,Birendra,squat,good,squat_good,0.0,0.0,0.0,0.0,0.0,0.0,-9.107543,0.009577,-0.146046,-0.091663,-0.032242,0.186524
2026-08-19T15:51:24.580491+00:00,100790,Birendra,squat,good,squat_good,0.0,0.0,0.0,0.0,0.0,0.0,-9.074024,0.055067,-0.129287,-0.092995,-0.018119,0.183593
2026-08-19T15:51:24.580491+00:00,100810,Birendra,squat,good,squat_good,0.0,0.0,0.0,0.0,0.0,0.0,-9.057265,0.079009,-0.122104,-0.110049,-0.018919,0.190787
2026-08-19T15:51:25.702646+00:00,100831,Birendra,squat,good,squat_good,0.0,0.0,0.0,0.0,0.0,0.0,-9.081207,0.019154,-0.153229,-0.118309,-0.006662,0.184392
2026-08-19T15:51:25.702646+00:00,100851,Birendra,squat,good,squat_good,0.0,0.0,0.0,0.0,0.0,0.0,-9.167398,0.088585,-0.181959,-0.108983,-0.016254,0.174533
2026-08-19T15:51:25.702646+00:00,100871,Birendra,squat,good,squat_good,0.0,0.0,0.0,0.0,0.0,0.0,-9.232041,0.067038,-0.167594,-0.119908,-0.010392,0.172934
2026-08-19T15:51:25.702646+00:00,100893,Birendra,squat,good,squat_good,0.0,0.0,0.0,0.0,0.0,0.0,-9.277532,0.09098,-0.222661,-0.093262,-0.018652,0.155614
2026-08-19T15:51:25.702646+00:00,100911,Birendra,squat,good,squat_good,0.0,0.0,0.0,0.0,0.0,0.0,-9.28232,0.124498,-0.217872,-0.095926,-0.02558,0.148686
2026-08-19T15:51:25.702646+00:00,100931,Birendra,squat,good,squat_good,0.0,0.0,0.0,0.0,0.0,0.0,-9.239224,0.11971,-0.225055,-0.113247,-0.00373,0.148153
2026-08-19T15:51:25.702646+00:00,100950,Birendra,squat,good,squat_good,0.0,0.0,0.0,0.0,0.0,0.0,-9.14585,0.162806,-0.308852,-0.096726,0.001599,0.124438
2026-08-19T15:51:25.702646+00:00,100971,Birendra,squat,good,squat_good,0.0,0.0,0.0,0.0,0.0,0.0,-9.279925,0.093374,-0.19393,-0.098058,-0.009593,0.118576
2026-08-19T15:51:25.702646+00:00,100990,Birendra,squat,good,squat_good,0.0,0.0,0.0,0.0,0.0,0.0,-9.244013,0.059855,-0.138864,-0.060221,-0.013323,0.122839
2026-08-19T15:51:25.702646+00:00,101010,Birendra,squat,good,squat_good,0.0,0.0,0.0,0.0,0.0,0.0,-9.169792,0.227449,-0.213084,-0.027712,-0.006928,0.106585
2026-08-19T15:51:25.702646+00:00,101030,Birendra,squat,good,squat_good,0.0,0.0,0.0,0.0,0.0,0.0,-9.181764,0.339977,-0.19393,-0.018919,-0.010658,0.097259
2026-08-19T15:51:25.702646+00:00,101050,Birendra,squat,good,squat_good,0.0,0.0,0.0,0.0,0.0,0.0,-9.114726,0.270545,-0.146046,0.001865,-0.010658,0.094861
2026-08-19T15:51:25.702646+00:00,101071,Birendra,squat,good,squat_good,0.0,0.0,0.0,0.0,0.0,0.0,-9.081207,0.28491,-0.181959,0.040769,-0.009859,0.100723
2026-08-19T15:51:25.702646+00:00,101090,Birendra,squat,good,squat_good,0.0,0.0,0.0,0.0,0.0,0.0,-9.109938,0.136469,-0.299275,0.084202,-0.019452,0.119642
2026-08-19T15:51:25.702646+00:00,101110,Birendra,squat,good,squat_good,0.0,0.0,0.0,0.0,0.0,0.0,-9.267955,0.023942,-0.414197,0.160943,-0.029577,0.146554
2026-08-19T15:51:25.702646+00:00,101130,Birendra,squat,good,squat_good,0.0,0.0,0.0,0.0,0.0,0.0,-9.248801,0.191536,-0.466869,0.220897,-0.02558,0.185458
2026-08-19T15:51:25.702646+00:00,101150,Birendra,squat,good,squat_good,0.0,0.0,0.0,0.0,0.0,0.0,-9.337387,0.373495,-0.509965,0.229158,0.015188,0.205176
2026-08-19T15:51:25.702646+00:00,101171,Birendra,squat,good,squat_good,0.0,0.0,0.0,0.0,0.0,0.0,-9.43076,0.636858,-0.557849,0.175599,0.040502,0.210505
2026-08-19T15:51:25.702646+00:00,101190,Birendra,squat,good,squat_good,0.0,0.0,0.0,0.0,0.0,0.0,-9.591172,0.694318,-0.603339,0.074077,0.050095,0.19585
2026-08-19T15:51:25.702646+00:00,101210,Birendra,squat,good,squat_good,0.0,0.0,0.0,0.0,0.0,0.0,-9.734824,0.632069,-0.699107,-0.021317,0.015721,0.167871
2026-08-19T15:51:25.702646+00:00,101230,Birendra,squat,good,squat_good,0.0,0.0,0.0,0.0,0.0,0.0,-9.804255,0.457293,-0.723049,-0.099657,-0.032775,0.163874
2026-08-19T15:51:25.702646+00:00,101250,Birendra,squat,good,squat_good,0.0,0.0,0.0,0.0,0.0,0.0,-9.734824,0.169988,-0.682347,-0.124438,-0.055957,0.20038
2026-08-19T15:51:25.702646+00:00,101271,Birendra,squat,good,squat_good,0.0,0.0,0.0,0.0,0.0,0.0,-9.696517,0.04549,-0.653617,-0.0866,-0.036239,0.255804
2026-08-19T15:51:25.702646+00:00,101290,Birendra,squat,good,squat_good,0.0,0.0,0.0,0.0,0.0,0.0,-9.73243,0.026336,-0.682347,-0.034907,-0.028511,0.311761
2026-08-19T15:51:25.702646+00:00,101310,Birendra,squat,good,squat_good,0.0,0.0,0.0,0.0,0.0,0.0,-9.730036,0.169988,-0.713472,0.003198,-0.031709,0.357859
2026-08-19T15:51:25.702646+00:00,101330,Birendra,squat,good,squat_good,0.0,0.0,0.0,0.0,0.0,0.0,-9.674969,0.292093,-0.656011,0.005862,-0.038371,0.376778
2026-08-19T15:51:25.702646+00:00,101350,Birendra,squat,good,squat_good,0.0,0.0,0.0,0.0,0.0,0.0,-9.512163,0.438139,-0.6608,-0.031975,-0.038904,0.365587
2026-08-19T15:51:25.702646+00:00,101370,Birendra,squat,good,squat_good,0.0,0.0,0.0,0.0,0.0,0.0,-9.394848,0.447716,-0.605733,-0.068747,-0.040769,0.31789
2026-08-19T15:51:25.702646+00:00,101390,Birendra,squat,good,squat_good,0.0,0.0,0.0,0.0,0.0,0.0,-9.28232,0.423774,-0.505177,-0.107118,-0.038637,0.275789
2026-08-19T15:51:25.702646+00:00,101410,Birendra,squat,good,squat_good,0.0,0.0,0.0,0.0,0.0,0.0,-9.07163,0.392649,-0.395043,-0.119375,-0.020251,0.225694
2026-08-19T15:51:25.702646+00:00,101430,Birendra,squat,good,squat_good,0.0,0.0,0.0,0.0,0.0,0.0,-8.959103,0.462081,-0.349553,-0.11751,0.017587,0.149752
2026-08-19T15:51:25.702646+00:00,101450,Birendra,squat,good,squat_good,0.0,0.0,0.0,0.0,0.0,0.0,-9.040505,0.555455,-0.294487,-0.126037,0.039969,0.065017
2026-08-19T15:51:25.702646+00:00,101470,Birendra,squat,good,squat_good,0.0,0.0,0.0,0.0,0.0,0.0,-9.081207,0.562637,-0.270545,-0.130567,0.045299,-0.025047
2026-08-19T15:51:25.702646+00:00,101491,Birendra,squat,good,squat_good,0.0,0.0,0.0,0.0,0.0,0.0,-9.172187,0.500388,-0.270545,-0.12657,0.049828,-0.104187
2026-08-19T15:51:25.702646+00:00,101510,Birendra,squat,good,squat_good,0.0,0.0,0.0,0.0,0.0,0.0,-9.299079,0.462081,-0.3304,-0.118576,0.049029,-0.156946
2026-08-19T15:51:25.702646+00:00,101530,Birendra,squat,good,squat_good,0.0,0.0,0.0,0.0,0.0,0.0,-9.454702,0.414197,-0.270545,-0.080205,0.02638,-0.184658
2026-08-19T15:51:25.702646+00:00,101550,Birendra,squat,good,squat_good,0.0,0.0,0.0,0.0,0.0,0.0,-9.655815,0.294487,-0.19393,-0.027179,-0.001066,-0.181194
2026-08-19T15:51:25.702646+00:00,101571,Birendra,squat,good,squat_good,0.0,0.0,0.0,0.0,0.0,0.0,-9.703699,0.337582,-0.277727,0.03917,-0.037038,-0.154282
2026-08-19T15:51:25.702646+00:00,101590,Birendra,squat,good,squat_good,0.0,0.0,0.0,0.0,0.0,0.0,-9.708488,0.426168,-0.332794,0.093528,-0.061553,-0.116977
2026-08-19T15:51:25.702646+00:00,101610,Birendra,squat,good,squat_good,0.0,0.0,0.0,0.0,0.0,0.0,-9.564836,0.45011,-0.371101,0.139893,-0.062086,-0.06475
2026-08-19T15:51:25.702646+00:00,101630,Birendra,squat,good,squat_good,0.0,0.0,0.0,0.0,0.0,0.0,-9.564836,0.586579,-0.471658,0.167072,-0.040502,-0.025314
2026-08-19T15:51:25.702646+00:00,101650,Birendra,squat,good,squat_good,0.0,0.0,0.0,0.0,0.0,0.0,-9.727641,0.778116,-0.519542,0.154815,-0.065017,-0.01359
2026-08-19T15:51:25.702646+00:00,101670,Birendra,squat,good,squat_good,0.0,0.0,0.0,0.0,0.0,0.0,-9.770737,0.830788,-0.574608,0.106052,-0.127369,-0.029311
2026-08-19T15:51:25.702646+00:00,101691,Birendra,squat,good,squat_good,0.0,0.0,0.0,0.0,0.0,0.0,-9.603143,0.732626,-0.610521,0.050095,-0.184392,-0.044233
2026-08-19T15:51:25.702646+00:00,101710,Birendra,squat,good,squat_good,0.0,0.0,0.0,0.0,0.0,0.0,-9.406818,0.531513,-0.533907,0.009859,-0.201712,-0.037305
2026-08-19T15:51:25.702646+00:00,101730,Birendra,squat,good,squat_good,0.0,0.0,0.0,0.0,0.0,0.0,-9.138668,0.35913,-0.471658,0.025047,-0.180129,-0.011458
2026-08-19T15:51:25.702646+00:00,101750,Birendra,squat,good,squat_good,0.0,0.0,0.0,0.0,0.0,0.0,-9.002198,0.277727,-0.395043,0.066882,-0.140692,0.021317
2026-08-19T15:51:25.702646+00:00,101770,Birendra,squat,good,squat_good,0.0,0.0,0.0,0.0,0.0,0.0,-8.951921,0.356736,-0.35913,0.132965,-0.098591,0.014389
2026-08-19T15:51:25.702646+00:00,101791,Birendra,squat,good,squat_good,0.0,0.0,0.0,0.0,0.0,0.0,-8.975863,0.507571,-0.354342,0.176665,-0.079939,-0.015988
2026-08-19T15:51:25.702646+00:00,101810,Birendra,squat,good,squat_good,0.0,0.0,0.0,0.0,0.0,0.0,-9.121908,0.641646,-0.390255,0.171602,-0.058355,-0.086867
2026-08-19T15:51:26.952181+00:00,101831,Birendra,squat,good,squat_good,0.0,0.0,0.0,0.0,0.0,0.0,-9.23683,0.59855,-0.385466,0.135629,-0.070879,-0.151351
2026-08-19T15:51:26.952181+00:00,101850,Birendra,squat,good,squat_good,0.0,0.0,0.0,0.0,0.0,0.0,-9.313444,0.636858,-0.272939,0.101256,-0.046897,-0.207841
2026-08-19T15:51:26.952181+00:00,101870,Birendra,squat,good,squat_good,0.0,0.0,0.0,0.0,0.0,0.0,-9.485827,0.663194,-0.110133,0.068214,-0.123372,-0.245678
2026-08-19T15:51:26.952181+00:00,101891,Birendra,squat,good,squat_good,0.0,0.0,0.0,0.0,0.0,0.0,-9.289502,0.952892,-0.196325,-0.03917,-0.17027,-0.203311
2026-08-19T15:51:26.952181+00:00,101910,Birendra,squat,good,squat_good,0.0,0.0,0.0,0.0,0.0,0.0,-8.963891,0.306458,-0.198719,-0.063418,-0.028245,-0.154815
2026-08-19T15:51:26.952181+00:00,101930,Birendra,squat,good,squat_good,0.0,0.0,0.0,0.0,0.0,0.0,-9.217676,0.47884,-0.196325,0.017853,0.115112,-0.171335
2026-08-19T15:51:26.952181+00:00,101950,Birendra,squat,good,squat_good,0.0,0.0,0.0,0.0,0.0,0.0,-9.957485,0.684742,0.110133,-0.018119,0.044499,-0.195317
2026-08-19T15:51:26.952181+00:00,101970,Birendra,squat,good,squat_good,0.0,0.0,0.0,0.0,0.0,0.0,-9.423578,0.59855,-0.138864,-0.028778,-0.12657,-0.198515
2026-08-19T15:51:26.952181+00:00,101994,Birendra,squat,good,squat_good,0.0,0.0,0.0,0.0,0.0,0.0,-9.562442,0.620098,-0.067038,-0.03917,-0.083669,-0.212904
2026-08-19T15:51:26.952181+00:00,102013,Birendra,squat,good,squat_good,0.0,0.0,0.0,0.0,0.0,0.0,-9.318233,0.627281,-0.114922,-0.036505,-0.101256,-0.154282
2026-08-19T15:51:26.952181+00:00,102031,Birendra,squat,good,squat_good,0.0,0.0,0.0,0.0,0.0,0.0,-9.181764,0.584185,-0.098162,-0.019452,-0.031443,-0.103654
2026-08-19T15:51:26.952181+00:00,102051,Birendra,squat,good,squat_good,0.0,0.0,0.0,0.0,0.0,0.0,-9.263166,0.713472,-0.071826,0.003464,0.004263,-0.045565
2026-08-19T15:51:26.952181+00:00,102070,Birendra,squat,good,squat_good,0.0,0.0,0.0,0.0,0.0,0.0,-9.330204,0.881066,-0.016759,-0.020251,0.001332,0.001332
2026-08-19T15:51:26.952181+00:00,102092,Birendra,squat,good,squat_good,0.0,0.0,0.0,0.0,0.0,0.0,-9.028535,1.058237,-0.107739,-0.075142,0.002931,0.018652
2026-08-19T15:51:26.952181+00:00,102110,Birendra,squat,good,squat_good,0.0,0.0,0.0,0.0,0.0,0.0,-9.057265,1.039083,-0.114922,-0.131632,0.005063,0.014389
2026-08-19T15:51:26.952181+00:00,102130,Birendra,squat,good,squat_good,0.0,0.0,0.0,0.0,0.0,0.0,-8.951921,1.017536,-0.098162,-0.193985,0.026913,-0.002665
2026-08-19T15:51:26.952181+00:00,102150,Birendra,squat,good,squat_good,0.0,0.0,0.0,0.0,0.0,0.0,-9.030929,0.861913,-0.148441,-0.231289,0.032508,-0.02558
2026-08-19T15:51:26.952181+00:00,102170,Birendra,squat,good,squat_good,0.0,0.0,0.0,0.0,0.0,0.0,-9.176975,0.790087,-0.253785,-0.245678,0.046631,-0.027979
2026-08-19T15:51:26.952181+00:00,102191,Birendra,squat,good,squat_good,0.0,0.0,0.0,0.0,0.0,0.0,-9.323022,0.663194,-0.308852,-0.229158,0.075942,-0.012524
2026-08-19T15:51:26.952181+00:00,102210,Birendra,squat,good,squat_good,0.0,0.0,0.0,0.0,0.0,0.0,-9.43076,0.445322,-0.3304,-0.207574,0.062619,0.030377
2026-08-19T15:51:26.952181+00:00,102230,Birendra,squat,good,squat_good,0.0,0.0,0.0,0.0,0.0,0.0,-9.44752,0.280122,-0.306458,-0.145755,0.037038,0.072478
2026-08-19T15:51:26.952181+00:00,102250,Birendra,squat,good,squat_good,0.0,0.0,0.0,0.0,0.0,0.0,-9.368511,0.304064,-0.342371,-0.09193,0.001332,0.144156
2026-08-19T15:51:26.952181+00:00,102270,Birendra,squat,good,squat_good,0.0,0.0,0.0,0.0,0.0,0.0,-9.291897,0.258574,-0.392649,-0.04823,0.016787,0.205443
2026-08-19T15:51:26.952181+00:00,102291,Birendra,squat,good,squat_good,0.0,0.0,0.0,0.0,0.0,0.0,-9.342175,0.371101,-0.414197,-0.049029,0.026113,0.249409
2026-08-19T15:51:26.952181+00:00,102311,Birendra,squat,good,squat_good,0.0,0.0,0.0,0.0,0.0,0.0,-9.215282,0.402226,-0.433351,-0.063418,0.025847,0.262199
2026-08-19T15:51:26.952181+00:00,102330,Birendra,squat,good,squat_good,0.0,0.0,0.0,0.0,0.0,0.0,-9.241618,0.385466,-0.440533,-0.085268,0.039969,0.260334
2026-08-19T15:51:26.952181+00:00,102350,Birendra,squat,good,squat_good,0.0,0.0,0.0,0.0,0.0,0.0,-9.153033,0.416591,-0.474052,-0.116178,0.035173,0.241149
2026-08-19T15:51:26.952181+00:00,102370,Birendra,squat,good,squat_good,0.0,0.0,0.0,0.0,0.0,0.0,-9.150639,0.275333,-0.481235,-0.144423,0.039436,0.201979
2026-08-19T15:51:26.952181+00:00,102391,Birendra,squat,good,squat_good,0.0,0.0,0.0,0.0,0.0,0.0,-9.241618,0.208296,-0.512359,-0.155881,0.041568,0.167338
2026-08-19T15:51:26.952181+00:00,102411,Birendra,squat,good,squat_good,0.0,0.0,0.0,0.0,0.0,0.0,-9.26556,0.069432,-0.486023,-0.151884,0.045299,0.154282
2026-08-19T15:51:26.952181+00:00,102430,Birendra,squat,good,squat_good,0.0,0.0,0.0,0.0,0.0,0.0,-9.23683,-0.011971,-0.486023,-0.11751,0.044233,0.137495
2026-08-19T15:51:26.952181+00:00,102450,Birendra,squat,good,squat_good,0.0,0.0,0.0,0.0,0.0,0.0,-9.390059,0.067038,-0.466869,-0.107118,0.0437,0.110582
2026-08-19T15:51:26.952181+00:00,102470,Birendra,squat,good,squat_good,0.0,0.0,0.0,0.0,0.0,0.0,-9.466674,-0.038307,-0.402226,-0.110315,-0.029311,0.089531
2026-08-19T15:51:26.952181+00:00,102491,Birendra,squat,good,squat_good,0.0,0.0,0.0,0.0,0.0,0.0,-9.301474,-0.304064,-0.347159,-0.059421,-0.058355,0.060221
2026-08-19T15:51:26.952181+00:00,102511,Birendra,squat,good,squat_good,0.0,0.0,0.0,0.0,0.0,0.0,-9.354146,-0.440533,-0.301669,0.018386,-0.05196,0.072211
2026-08-19T15:51:26.952181+00:00,102530,Birendra,squat,good,squat_good,0.0,0.0,0.0,0.0,0.0,0.0,-9.222465,-0.483629,-0.31364,0.127369,0.008527,0.092995
2026-08-19T15:51:26.952181+00:00,102550,Birendra,squat,good,squat_good,0.0,0.0,0.0,0.0,0.0,0.0,-9.421184,-0.25618,-0.351948,0.2169,0.074077,0.110848
2026-08-19T15:51:26.952181+00:00,102570,Birendra,squat,good,squat_good,0.0,0.0,0.0,0.0,0.0,0.0,-9.540894,-0.117316,-0.392649,0.280851,0.081271,0.128968
2026-08-19T15:51:26.952181+00:00,102590,Birendra,squat,good,squat_good,0.0,0.0,0.0,0.0,0.0,0.0,-9.61272,0.016759,-0.505177,0.344802,0.086867,0.140959
2026-08-19T15:51:26.952181+00:00,102611,Birendra,squat,good,squat_good,0.0,0.0,0.0,0.0,0.0,0.0,-9.694122,0.227449,-0.488417,0.393299,0.070613,0.154282
2026-08-19T15:51:26.952181+00:00,102630,Birendra,squat,good,squat_good,0.0,0.0,0.0,0.0,0.0,0.0,-9.689334,0.426168,-0.579397,0.414083,0.037305,0.169737
2026-08-19T15:51:26.952181+00:00,102650,Birendra,squat,good,squat_good,0.0,0.0,0.0,0.0,0.0,0.0,-9.725247,0.545878,-0.586579,0.430337,0.015188,0.17853
2026-08-19T15:51:26.952181+00:00,102670,Birendra,squat,good,squat_good,0.0,0.0,0.0,0.0,0.0,0.0,-9.643845,0.64404,-0.591368,0.421544,-0.001599,0.212637
2026-08-19T15:51:26.952181+00:00,102690,Birendra,squat,good,squat_good,0.0,0.0,0.0,0.0,0.0,0.0,-9.385271,0.651223,-0.691924,0.417547,0.01359,0.264864
2026-08-19T15:51:26.952181+00:00,102711,Birendra,squat,good,squat_good,0.0,0.0,0.0,0.0,0.0,0.0,-9.643845,0.921768,-0.526724,0.358658,0.101522,0.362123
2026-08-19T15:51:26.952181+00:00,102730,Birendra,squat,good,squat_good,0.0,0.0,0.0,0.0,0.0,0.0,-9.710882,0.624887,-0.332794,0.458049,-0.098325,0.341871
2026-08-19T15:51:26.952181+00:00,102750,Birendra,squat,good,squat_good,0.0,0.0,0.0,0.0,0.0,0.0,-9.442732,0.840365,-0.445322,0.459648,-0.22596,0.362123
2026-08-19T15:51:26.952181+00:00,102770,Birendra,squat,good,squat_good,0.0,0.0,0.0,0.0,0.0,0.0,-8.882488,0.890643,-0.514753,0.49189,-0.275256,0.340273
2026-08-19T15:51:26.952181+00:00,102790,Birendra,squat,good,squat_good,0.0,0.0,0.0,0.0,0.0,0.0,-8.750807,1.04866,-0.502782,0.428205,-0.166806,0.254472
2026-08-19T15:51:26.952181+00:00,102811,Birendra,squat,good,squat_good,0.0,0.0,0.0,0.0,0.0,0.0,-8.580819,1.165976,-0.699107,0.310695,-0.123372,0.230224
2026-08-19T15:51:27.538794+00:00,102832,Birendra,squat,good,squat_good,0.0,0.0,0.0,0.0,0.0,0.0,-8.331821,1.091756,-0.869095,0.187057,0.025847,0.159078
2026-08-19T15:51:27.538794+00:00,102850,Birendra,squat,good,squat_good,0.0,0.0,0.0,0.0,0.0,0.0,-8.76996,0.921768,-0.859518,0.128701,0.092462,0.096459
2026-08-19T15:51:27.538794+00:00,102870,Birendra,squat,good,squat_good,0.0,0.0,0.0,0.0,0.0,0.0,-9.006987,0.775721,-0.76375,0.13856,0.044766,0.037838
2026-08-19T15:51:27.538794+00:00,102890,Birendra,squat,good,squat_good,0.0,0.0,0.0,0.0,0.0,0.0,-9.105149,0.873884,-0.624887,0.147887,-0.029311,-0.026113
2026-08-19T15:51:27.538794+00:00,102911,Birendra,squat,good,squat_good,0.0,0.0,0.0,0.0,0.0,0.0,-8.825027,0.823605,-0.505177,0.126303,-0.022916,-0.06102
2026-08-19T15:51:27.538794+00:00,102930,Birendra,squat,good,squat_good,0.0,0.0,0.0,0.0,0.0,0.0,-8.655039,0.955287,-0.509965,0.09566,0.079672,-0.065283
2026-08-19T15:51:27.538794+00:00,102950,Birendra,squat,good,squat_good,0.0,0.0,0.0,0.0,0.0,0.0,-8.559271,1.079785,-0.651223,0.041568,0.20411,-0.055424
2026-08-19T15:51:27.538794+00:00,102970,Birendra,squat,good,squat_good,0.0,0.0,0.0,0.0,0.0,0.0,-8.585608,1.060631,-0.70629,-0.036772,0.257936,-0.097259
2026-08-19T15:51:27.538794+00:00,102990,Birendra,squat,good,squat_good,0.0,0.0,0.0,0.0,0.0,0.0,-8.746018,1.079785,-0.744597,-0.110049,0.236619,-0.174799
2026-08-19T15:51:27.538794+00:00,103013,Birendra,squat,good,squat_good,0.0,0.0,0.0,0.0,0.0,0.0,-8.635885,0.986411,-0.715866,-0.20411,0.198515,-0.222763
2026-08-19T15:51:27.538794+00:00,103031,Birendra,squat,good,squat_good,0.0,0.0,0.0,0.0,0.0,0.0,-8.540117,0.967257,-0.64404,-0.288579,0.24408,-0.251274
2026-08-19T15:51:27.538794+00:00,103050,Birendra,squat,good,squat_good,0.0,0.0,0.0,0.0,0.0,0.0,-8.647857,0.6608,-0.555455,-0.359458,0.294175,-0.261933
2026-08-19T15:51:27.538794+00:00,103071,Birendra,squat,good,squat_good,0.0,0.0,0.0,0.0,0.0,0.0,-8.856153,0.474052,-0.383072,-0.372781,0.273391,-0.257669
2026-08-19T15:51:27.538794+00:00,103090,Birendra,squat,good,squat_good,0.0,0.0,0.0,0.0,0.0,0.0,-8.930372,0.129287,-0.40462,-0.302968,0.284848,-0.215835
2026-08-19T15:51:27.538794+00:00,103110,Birendra,squat,good,squat_good,0.0,0.0,0.0,0.0,0.0,0.0,-9.291897,0.098162,-0.347159,-0.200113,0.307764,-0.090864
2026-08-19T15:51:27.538794+00:00,103131,Birendra,squat,good,squat_good,0.0,0.0,0.0,0.0,0.0,0.0,-9.258378,-0.21069,-0.181959,0.05196,0.515605,0.072744
2026-08-19T15:51:27.538794+00:00,103150,Birendra,squat,good,squat_good,0.0,0.0,0.0,0.0,0.0,0.0,-9.890448,-0.105345,-0.167594,0.421544,0.665623,0.341072
2026-08-19T15:51:27.538794+00:00,103170,Birendra,squat,good,squat_good,0.0,0.0,0.0,0.0,0.0,0.0,-10.29267,0.818817,-0.318429,0.73064,0.609933,0.529461
2026-08-19T15:51:27.538794+00:00,103190,Birendra,squat,good,squat_good,0.0,0.0,0.0,0.0,0.0,0.0,-10.25915,2.035071,-0.368707,0.76075,0.378643,0.57476
2026-08-19T15:51:27.538794+00:00,103211,Birendra,squat,good,squat_good,0.0,0.0,0.0,0.0,0.0,0.0,-9.299079,2.319981,-0.775721,0.461779,0.110582,0.487893
2026-08-19T15:51:27.538794+00:00,103231,Birendra,squat,good,squat_good,0.0,0.0,0.0,0.0,0.0,0.0,-8.63828,2.209848,-1.158794,0.171069,0.076208,0.289645
2026-08-19T15:51:27.538794+00:00,103250,Birendra,squat,good,squat_good,0.0,0.0,0.0,0.0,0.0,0.0,-8.810662,2.044648,-1.316811,-0.14309,0.07008,0.085534
2026-08-19T15:51:27.538794+00:00,103271,Birendra,squat,good,squat_good,0.0,0.0,0.0,0.0,0.0,0.0,-9.193734,1.192312,-0.988805,-0.322153,-0.004263,-0.063685
2026-08-19T15:51:27.538794+00:00,103293,Birendra,squat,good,squat_good,0.0,0.0,0.0,0.0,0.0,0.0,-9.217676,0.509965,-0.902614,-0.291776,-0.064484,-0.102855
2026-08-19T15:51:27.538794+00:00,103311,Birendra,squat,good,squat_good,0.0,0.0,0.0,0.0,0.0,0.0,-9.07163,0.318429,-1.058237,-0.13936,-0.031443,-0.078873
2026-08-19T15:51:27.538794+00:00,103331,Birendra,squat,good,squat_good,0.0,0.0,0.0,0.0,0.0,0.0,-8.961497,0.428562,-1.393425,-0.015988,0.045565,-0.003997
2026-08-19T15:51:27.538794+00:00,103351,Birendra,squat,good,squat_good,0.0,0.0,0.0,0.0,0.0,0.0,-8.746018,0.739808,-1.728614,0.059954,0.134031,0.04743
2026-08-19T15:51:27.538794+00:00,103371,Birendra,squat,good,squat_good,0.0,0.0,0.0,0.0,0.0,0.0,-8.801085,0.790087,-1.917756,0.066083,0.234753,0.070613
2026-08-19T15:51:27.538794+00:00,103390,Birendra,squat,good,squat_good,0.0,0.0,0.0,0.0,0.0,0.0,-8.808268,1.00317,-2.027889,0.043167,0.264064,0.09939
2026-08-19T15:51:27.538794+00:00,103410,Birendra,squat,good,squat_good,0.0,0.0,0.0,0.0,0.0,0.0,-8.825027,0.873884,-2.140416,0.007994,0.256603,0.086334
2026-08-19T15:51:27.538794+00:00,103430,Birendra,squat,good,squat_good,0.0,0.0,0.0,0.0,0.0,0.0,-8.951921,1.074997,-2.25055,-0.056224,0.14762,0.056224
2026-08-19T15:51:27.538794+00:00,103450,Birendra,squat,good,squat_good,0.0,0.0,0.0,0.0,0.0,0.0,-8.415619,0.876278,-2.525883,-0.117776,0.054358,0.058355
2026-08-19T15:51:27.538794+00:00,103470,Birendra,squat,good,squat_good,0.0,0.0,0.0,0.0,0.0,0.0,-8.293514,0.758962,-2.56419,-0.14389,0.113247,0.042101
2026-08-19T15:51:27.538794+00:00,103490,Birendra,squat,good,squat_good,0.0,0.0,0.0,0.0,0.0,0.0,-8.377312,0.782904,-2.547431,-0.17773,0.150818,0.043966
2026-08-19T15:51:27.538794+00:00,103510,Birendra,squat,good,squat_good,0.0,0.0,0.0,0.0,0.0,0.0,-8.178593,0.543484,-2.657564,-0.195051,0.218766,0.065283
2026-08-19T15:51:27.538794+00:00,103531,Birendra,squat,good,squat_good,0.0,0.0,0.0,0.0,0.0,0.0,-8.317456,0.577003,-2.705448,-0.171868,0.321887,0.07381
2026-08-19T15:51:27.538794+00:00,103550,Birendra,squat,good,squat_good,0.0,0.0,0.0,0.0,0.0,0.0,-8.482656,0.684742,-2.731784,-0.149752,0.365587,0.071145
2026-08-19T15:51:27.538794+00:00,103570,Birendra,squat,good,squat_good,0.0,0.0,0.0,0.0,0.0,0.0,-8.432379,0.694318,-2.813187,-0.144956,0.355194,0.058622
2026-08-19T15:51:27.538794+00:00,103590,Birendra,squat,good,squat_good,0.0,0.0,0.0,0.0,0.0,0.0,-8.568848,0.691924,-2.834735,-0.160677,0.33068,0.0437
2026-08-19T15:51:27.538794+00:00,103610,Birendra,squat,good,squat_good,0.0,0.0,0.0,0.0,0.0,0.0,-8.5473,0.725443,-2.896984,-0.20411,0.27792,0.056757
2026-08-19T15:51:27.538794+00:00,103630,Birendra,squat,good,squat_good,0.0,0.0,0.0,0.0,0.0,0.0,-8.41083,0.543484,-2.930503,-0.215835,0.250741,0.060487
2026-08-19T15:51:27.538794+00:00,103650,Birendra,squat,good,squat_good,0.0,0.0,0.0,0.0,0.0,0.0,-8.386889,0.519542,-2.918532,-0.233688,0.247544,0.077807
2026-08-19T15:51:27.538794+00:00,103670,Birendra,squat,good,squat_good,0.0,0.0,0.0,0.0,0.0,0.0,-8.240842,0.442927,-2.959233,-0.228358,0.25234,0.090864
2026-08-19T15:51:27.538794+00:00,103690,Birendra,squat,good,squat_good,0.0,0.0,0.0,0.0,0.0,0.0,-8.271967,0.476446,-2.978387,-0.214236,0.285914,0.080205
2026-08-19T15:51:27.538794+00:00,103710,Birendra,squat,good,squat_good,0.0,0.0,0.0,0.0,0.0,0.0,-8.164227,0.557849,-2.928109,-0.232888,0.278986,0.081005
2026-08-19T15:51:27.538794+00:00,103731,Birendra,squat,good,squat_good,0.0,0.0,0.0,0.0,0.0,0.0,-7.912837,0.591368,-2.935291,-0.248609,0.316291,0.04823
2026-08-19T15:51:27.538794+00:00,103750,Birendra,squat,good,squat_good,0.0,0.0,0.0,0.0,0.0,0.0,-8.010999,0.672771,-2.990358,-0.265397,0.35626,-0.009593
2026-08-19T15:51:27.538794+00:00,103770,Birendra,squat,good,squat_good,0.0,0.0,0.0,0.0,0.0,0.0,-8.085219,0.797269,-3.033453,-0.290977,0.346934,-0.084469
2026-08-19T15:51:27.538794+00:00,103790,Birendra,squat,good,squat_good,0.0,0.0,0.0,0.0,0.0,0.0,-8.135497,0.739808,-3.071761,-0.307498,0.333345,-0.184658
2026-08-19T15:51:27.538794+00:00,103810,Birendra,squat,good,squat_good,0.0,0.0,0.0,0.0,0.0,0.0,-8.137892,0.85473,-3.165135,-0.324551,0.337608,-0.297372
2026-08-19T15:51:29.258956+00:00,103832,Birendra,squat,good,squat_good,0.0,0.0,0.0,0.0,0.0,0.0,-8.090008,0.857124,-3.244143,-0.360524,0.312827,-0.379176
2026-08-19T15:51:29.258956+00:00,103853,Birendra,squat,good,squat_good,0.0,0.0,0.0,0.0,0.0,0.0,-7.970297,0.823605,-3.303998,-0.377044,0.346135,-0.433534
2026-08-19T15:51:29.258956+00:00,103871,Birendra,squat,good,squat_good,0.0,0.0,0.0,0.0,0.0,0.0,-8.293514,0.830788,-3.289633,-0.377844,0.358126,-0.472171
2026-08-19T15:51:29.258956+00:00,103891,Birendra,squat,good,squat_good,0.0,0.0,0.0,0.0,0.0,0.0,-8.334216,0.766145,-3.275268,-0.372515,0.315758,-0.459115
2026-08-19T15:51:29.258956+00:00,103910,Birendra,squat,good,squat_good,0.0,0.0,0.0,0.0,0.0,0.0,-8.192958,0.754174,-3.359065,-0.344802,0.297106,-0.440462
2026-08-19T15:51:29.258956+00:00,103932,Birendra,squat,good,squat_good,0.0,0.0,0.0,0.0,0.0,0.0,-8.228871,0.711078,-3.46441,-0.306165,0.27872,-0.396763
2026-08-19T15:51:29.258956+00:00,103950,Birendra,squat,good,squat_good,0.0,0.0,0.0,0.0,0.0,0.0,-8.355764,0.6608,-3.526659,-0.254472,0.263531,-0.351464
2026-08-19T15:51:29.258956+00:00,103970,Birendra,squat,good,squat_good,0.0,0.0,0.0,0.0,0.0,0.0,-8.468291,0.610521,-3.624821,-0.188389,0.20944,-0.270193
2026-08-19T15:51:29.258956+00:00,103990,Birendra,squat,good,squat_good,0.0,0.0,0.0,0.0,0.0,0.0,-8.394072,0.471658,-3.782839,-0.094328,0.165207,-0.179596
2026-08-19T15:51:29.258956+00:00,104010,Birendra,squat,good,squat_good,0.0,0.0,0.0,0.0,0.0,0.0,-8.391677,0.517148,-3.842694,-0.019452,0.140159,-0.049562
2026-08-19T15:51:29.258956+00:00,104030,Birendra,squat,good,squat_good,0.0,0.0,0.0,0.0,0.0,0.0,-8.075643,0.486023,-3.878607,0.111381,0.145755,0.059688
2026-08-19T15:51:29.258956+00:00,104051,Birendra,squat,good,squat_good,0.0,0.0,0.0,0.0,0.0,0.0,-8.073248,0.471658,-3.842694,0.20491,0.144689,0.211038
2026-08-19T15:51:29.258956+00:00,104070,Birendra,squat,good,squat_good,0.0,0.0,0.0,0.0,0.0,0.0,-7.82904,0.641646,-3.775656,0.272325,0.119642,0.385838
2026-08-19T15:51:29.258956+00:00,104090,Birendra,squat,good,squat_good,0.0,0.0,0.0,0.0,0.0,0.0,-7.410054,0.641646,-3.835511,0.35706,0.138028,0.512674
2026-08-19T15:51:29.258956+00:00,104110,Birendra,squat,good,squat_good,0.0,0.0,0.0,0.0,0.0,0.0,-7.354988,0.754174,-3.830723,0.41728,0.106052,0.636046
2026-08-19T15:51:29.258956+00:00,104131,Birendra,squat,good,squat_good,0.0,0.0,0.0,0.0,0.0,0.0,-7.110779,0.830788,-3.881001,0.471639,0.101522,0.705859
2026-08-19T15:51:29.258956+00:00,104151,Birendra,squat,good,squat_good,0.0,0.0,0.0,0.0,0.0,0.0,-7.115568,0.818817,-4.383783,0.520934,0.133498,0.709057
2026-08-19T15:51:29.258956+00:00,104170,Birendra,squat,good,squat_good,0.0,0.0,0.0,0.0,0.0,0.0,-8.073248,0.955287,-4.912902,0.576092,0.214769,0.577957
2026-08-19T15:51:29.258956+00:00,104191,Birendra,squat,good,squat_good,0.0,0.0,0.0,0.0,0.0,0.0,-7.630321,1.122881,-4.623203,0.51374,0.012524,0.62592
2026-08-19T15:51:29.258956+00:00,104210,Birendra,squat,good,squat_good,0.0,0.0,0.0,0.0,0.0,0.0,-6.739678,0.881066,-4.67827,0.46924,0.189988,0.543051
2026-08-19T15:51:29.258956+00:00,104231,Birendra,squat,good,squat_good,0.0,0.0,0.0,0.0,0.0,0.0,-7.182605,1.154005,-4.534618,0.47457,0.282717,0.484962
2026-08-19T15:51:29.258956+00:00,104251,Birendra,squat,good,squat_good,0.0,0.0,0.0,0.0,0.0,0.0,-6.849811,1.407791,-4.189853,0.418613,0.298438,0.421011
2026-08-19T15:51:29.258956+00:00,104270,Birendra,squat,good,squat_good,0.0,0.0,0.0,0.0,0.0,0.0,-6.658275,1.517924,-3.921702,0.311495,0.334144,0.355194
2026-08-19T15:51:29.258956+00:00,104290,Birendra,squat,good,squat_good,0.0,0.0,0.0,0.0,0.0,0.0,-6.665458,1.774103,-4.089296,0.165473,0.403424,0.257136
2026-08-19T15:51:29.258956+00:00,104310,Birendra,squat,good,squat_good,0.0,0.0,0.0,0.0,0.0,0.0,-7.268796,1.960851,-4.268862,-0.013323,0.35626,0.137761
2026-08-19T15:51:29.258956+00:00,104330,Birendra,squat,good,squat_good,0.0,0.0,0.0,0.0,0.0,0.0,-7.666234,1.819593,-4.359841,-0.209173,0.177464,0.055691
2026-08-19T15:51:29.258956+00:00,104351,Birendra,squat,good,squat_good,0.0,0.0,0.0,0.0,0.0,0.0,-7.460332,1.326388,-4.412514,-0.329348,0.067948,0.040236
2026-08-19T15:51:29.258956+00:00,104370,Birendra,squat,good,squat_good,0.0,0.0,0.0,0.0,0.0,0.0,-7.366959,1.074997,-4.525041,-0.321887,0.098858,0.079672
2026-08-19T15:51:29.258956+00:00,104390,Birendra,squat,good,squat_good,0.0,0.0,0.0,0.0,0.0,0.0,-7.563283,0.878672,-4.553771,-0.259534,0.16947,0.171335
2026-08-19T15:51:29.258956+00:00,104410,Birendra,squat,good,squat_good,0.0,0.0,0.0,0.0,0.0,0.0,-7.635109,0.861913,-4.537012,-0.174799,0.19132,0.302701
2026-08-19T15:51:29.258956+00:00,104430,Birendra,squat,good,squat_good,0.0,0.0,0.0,0.0,0.0,0.0,-7.501034,1.180341,-4.627992,-0.128168,0.215835,0.386104
2026-08-19T15:51:29.258956+00:00,104451,Birendra,squat,good,squat_good,0.0,0.0,0.0,0.0,0.0,0.0,-7.560889,1.37906,-4.69503,-0.13936,0.206775,0.440729
2026-08-19T15:51:29.258956+00:00,104470,Birendra,squat,good,squat_good,0.0,0.0,0.0,0.0,0.0,0.0,-7.513005,1.302446,-4.668694,-0.140959,0.163342,0.484162
2026-08-19T15:51:29.258956+00:00,104490,Birendra,squat,good,squat_good,0.0,0.0,0.0,0.0,0.0,0.0,-7.302315,1.323994,-4.625597,-0.10019,0.153749,0.49189
2026-08-19T15:51:29.258956+00:00,104510,Birendra,squat,good,squat_good,0.0,0.0,0.0,0.0,0.0,0.0,-7.295133,1.810017,-4.651934,-0.096726,0.179329,0.423675
2026-08-19T15:51:29.258956+00:00,104530,Birendra,squat,good,squat_good,0.0,0.0,0.0,0.0,0.0,0.0,-7.065289,1.946486,-4.637568,-0.187323,0.207041,0.361057
2026-08-19T15:51:29.258956+00:00,104551,Birendra,squat,good,squat_good,0.0,0.0,0.0,0.0,0.0,0.0,-7.290344,2.032677,-4.458004,-0.257936,0.174799,0.283516
2026-08-19T15:51:29.258956+00:00,104570,Birendra,squat,good,squat_good,0.0,0.0,0.0,0.0,0.0,0.0,-7.206547,1.778892,-4.362236,-0.316824,0.096193,0.23955
2026-08-19T15:51:29.258956+00:00,104590,Birendra,squat,good,squat_good,0.0,0.0,0.0,0.0,0.0,0.0,-7.28795,1.82917,-4.345476,-0.315758,0.092995,0.170003
2026-08-19T15:51:29.258956+00:00,104610,Birendra,squat,good,squat_good,0.0,0.0,0.0,0.0,0.0,0.0,-7.474698,1.886631,-4.63278,-0.338674,0.072744,0.124971
2026-08-19T15:51:29.258956+00:00,104630,Birendra,squat,good,squat_good,0.0,0.0,0.0,0.0,0.0,0.0,-7.639898,2.03986,-4.924873,-0.37358,0.070613,0.03544
2026-08-19T15:51:29.258956+00:00,104651,Birendra,squat,good,squat_good,0.0,0.0,0.0,0.0,0.0,0.0,-8.027759,2.044648,-5.12838,-0.415681,0.053559,-0.075942
2026-08-19T15:51:29.258956+00:00,104670,Birendra,squat,good,squat_good,0.0,0.0,0.0,0.0,0.0,0.0,-8.451532,2.044648,-5.216966,-0.442328,-0.001332,-0.208374
2026-08-19T15:51:29.258956+00:00,104690,Birendra,squat,good,squat_good,0.0,0.0,0.0,0.0,0.0,0.0,-8.805874,2.051831,-5.238513,-0.473237,-0.096992,-0.301103
2026-08-19T15:51:29.258956+00:00,104710,Birendra,squat,good,squat_good,0.0,0.0,0.0,0.0,0.0,0.0,-8.403648,1.745373,-5.08289,-0.473504,-0.172934,-0.292576
2026-08-19T15:51:29.258956+00:00,104730,Birendra,squat,good,squat_good,0.0,0.0,0.0,0.0,0.0,0.0,-8.082825,1.522712,-4.884171,-0.396763,-0.07381,-0.224894
2026-08-19T15:51:29.258956+00:00,104751,Birendra,squat,good,squat_good,0.0,0.0,0.0,0.0,0.0,0.0,-8.030152,1.508347,-4.563348,-0.292842,0.068214,-0.158545
2026-08-19T15:51:29.258956+00:00,104770,Birendra,squat,good,squat_good,0.0,0.0,0.0,0.0,0.0,0.0,-8.197746,2.015918,-4.371812,-0.243547,0.077541,-0.136429
2026-08-19T15:51:29.258956+00:00,104790,Birendra,squat,good,squat_good,0.0,0.0,0.0,0.0,0.0,0.0,-7.771579,2.0231,-4.261679,-0.190787,0.112447,-0.181194
2026-08-19T15:51:29.258956+00:00,104810,Birendra,squat,good,squat_good,0.0,0.0,0.0,0.0,0.0,0.0,-8.085219,2.901772,-3.864242,-0.337075,0.106319,-0.262732
2026-08-19T15:51:29.584504+00:00,104832,Birendra,squat,good,squat_good,0.0,0.0,0.0,0.0,0.0,0.0,-7.81228,2.726996,-4.005499,-0.576358,-0.132965,-0.295773
2026-08-19T15:51:29.584504+00:00,104850,Birendra,squat,good,squat_good,0.0,0.0,0.0,0.0,0.0,0.0,-7.513005,1.936909,-3.79481,-0.655764,-0.13483,-0.347467
2026-08-19T15:51:29.584504+00:00,104871,Birendra,squat,good,squat_good,0.0,0.0,0.0,0.0,0.0,0.0,-7.584831,2.300828,-3.548207,-0.684542,-0.10925,-0.391433
2026-08-19T15:51:29.584504+00:00,104891,Birendra,squat,good,squat_good,0.0,0.0,0.0,0.0,0.0,0.0,-7.85777,1.807622,-3.65834,-0.615795,-0.11298,-0.451654
2026-08-19T15:51:29.584504+00:00,104910,Birendra,squat,good,squat_good,0.0,0.0,0.0,0.0,0.0,0.0,-7.723695,2.770091,-3.457227,-0.739433,-0.216634,-0.498551
2026-08-19T15:51:29.584504+00:00,104930,Birendra,squat,good,squat_good,0.0,0.0,0.0,0.0,0.0,0.0,-7.319075,2.135628,-3.55539,-0.720781,-0.159345,-0.506279
2026-08-19T15:51:29.584504+00:00,104951,Birendra,squat,good,squat_good,0.0,0.0,0.0,0.0,0.0,0.0,-8.281544,2.679112,-3.445256,-0.616594,-0.184925,-0.546781
2026-08-19T15:51:29.584504+00:00,104971,Birendra,squat,good,squat_good,0.0,0.0,0.0,0.0,0.0,0.0,-8.336611,2.082955,-3.813963,-0.599541,-0.278187,-0.47377
2026-08-19T15:51:29.584504+00:00,104990,Birendra,squat,good,squat_good,0.0,0.0,0.0,0.0,0.0,0.0,-8.109161,2.358289,-3.617639,-0.520934,-0.306165,-0.480698
2026-08-19T15:51:29.584504+00:00,105010,Birendra,squat,good,squat_good,0.0,0.0,0.0,0.0,0.0,0.0,-8.255207,2.116474,-3.842694,-0.462579,-0.353862,-0.466576
2026-08-19T15:51:29.584504+00:00,105030,Birendra,squat,good,squat_good,0.0,0.0,0.0,0.0,0.0,0.0,-8.018182,2.030283,-3.833117,-0.459115,-0.331479,-0.423942
2026-08-19T15:51:29.584504+00:00,105051,Birendra,squat,good,squat_good,0.0,0.0,0.0,0.0,0.0,0.0,-8.465898,1.900996,-3.876213,-0.362922,-0.452986,-0.364787
2026-08-19T15:51:29.584504+00:00,105071,Birendra,squat,good,squat_good,0.0,0.0,0.0,0.0,0.0,0.0,-7.611167,1.982399,-3.720589,-0.328015,-0.427406,-0.307498
2026-08-19T15:51:29.584504+00:00,105090,Birendra,squat,good,squat_good,0.0,0.0,0.0,0.0,0.0,0.0,-7.714118,1.908179,-3.809175,-0.268861,-0.333345,-0.221963
2026-08-19T15:51:29.584504+00:00,105110,Birendra,squat,good,squat_good,0.0,0.0,0.0,0.0,0.0,0.0,-7.563283,1.984793,-3.758897,-0.248343,-0.231556,-0.191587
2026-08-19T15:51:29.584504+00:00,105131,Birendra,squat,good,squat_good,0.0,0.0,0.0,0.0,0.0,0.0,-7.802703,2.102109,-3.706224,-0.237685,-0.194784,-0.190787
2026-08-19T15:51:29.584504+00:00,105150,Birendra,squat,good,squat_good,0.0,0.0,0.0,0.0,0.0,0.0,-7.61835,2.025495,-3.739743,-0.273391,-0.211571,-0.186257
2026-08-19T15:51:29.584504+00:00,105171,Birendra,squat,good,squat_good,0.0,0.0,0.0,0.0,0.0,0.0,-7.551312,2.080561,-3.74932,-0.299237,-0.184925,-0.2169
2026-08-19T15:51:29.584504+00:00,105190,Birendra,squat,good,squat_good,0.0,0.0,0.0,0.0,0.0,0.0,-7.64708,1.90339,-3.653552,-0.348,-0.198781,-0.22596
2026-08-19T15:51:29.584504+00:00,105210,Birendra,squat,good,squat_good,0.0,0.0,0.0,0.0,0.0,0.0,-7.400477,1.747767,-3.636792,-0.35253,-0.181994,-0.224628
2026-08-19T15:51:29.584504+00:00,105230,Birendra,squat,good,squat_good,0.0,0.0,0.0,0.0,0.0,0.0,-7.539341,1.668759,-3.536236,-0.336276,-0.138827,-0.215035
2026-08-19T15:51:29.584504+00:00,105250,Birendra,squat,good,squat_good,0.0,0.0,0.0,0.0,0.0,0.0,-7.37893,1.489193,-3.524265,-0.294974,-0.132965,-0.168404
2026-08-19T15:51:29.584504+00:00,105270,Birendra,squat,good,squat_good,0.0,0.0,0.0,0.0,0.0,0.0,-7.328651,1.54426,-3.473987,-0.233421,-0.093262,-0.149219
2026-08-19T15:51:29.584504+00:00,105290,Birendra,squat,good,squat_good,0.0,0.0,0.0,0.0,0.0,0.0,-7.323863,1.551443,-3.49314,-0.192652,-0.08207,-0.12577
2026-08-19T15:51:29.584504+00:00,105310,Birendra,squat,good,squat_good,0.0,0.0,0.0,0.0,0.0,0.0,-7.328651,1.489193,-3.557784,-0.155614,-0.04823,-0.110848
2026-08-19T15:51:29.584504+00:00,105330,Birendra,squat,good,squat_good,0.0,0.0,0.0,0.0,0.0,0.0,-7.553706,1.537078,-3.517082,-0.128701,-0.043433,-0.094594
2026-08-19T15:51:29.584504+00:00,105350,Birendra,squat,good,squat_good,0.0,0.0,0.0,0.0,0.0,0.0,-7.546524,1.596933,-3.624821,-0.115378,-0.057556,-0.091663
2026-08-19T15:51:29.584504+00:00,105371,Birendra,squat,good,squat_good,0.0,0.0,0.0,0.0,0.0,0.0,-7.515399,1.563414,-3.665523,-0.106319,-0.045832,-0.108983
2026-08-19T15:51:29.584504+00:00,105391,Birendra,squat,good,squat_good,0.0,0.0,0.0,0.0,0.0,0.0,-7.496245,1.568202,-3.655946,-0.10392,-0.041568,-0.112447
2026-08-19T15:51:29.584504+00:00,105410,Birendra,squat,good,squat_good,0.0,0.0,0.0,0.0,0.0,0.0,-7.536947,1.49877,-3.608062,-0.093528,-0.001599,-0.12124
2026-08-19T15:51:29.584504+00:00,105431,Birendra,squat,good,squat_good,0.0,0.0,0.0,0.0,0.0,0.0,-7.706935,1.54426,-3.663129,-0.084469,0.008793,-0.119109
2026-08-19T15:51:29.584504+00:00,105450,Birendra,squat,good,squat_good,0.0,0.0,0.0,0.0,0.0,0.0,-7.76679,1.45328,-3.639187,-0.062885,-0.001599,-0.114845
2026-08-19T15:51:29.584504+00:00,105471,Birendra,squat,good,squat_good,0.0,0.0,0.0,0.0,0.0,0.0,-7.819463,1.460463,-3.622427,-0.023449,0.012524,-0.126037
2026-08-19T15:51:29.584504+00:00,105490,Birendra,squat,good,squat_good,0.0,0.0,0.0,0.0,0.0,0.0,-7.852982,1.496376,-3.608062,-0.011191,0.014655,-0.115911
2026-08-19T15:51:29.584504+00:00,105510,Birendra,squat,good,squat_good,0.0,0.0,0.0,0.0,0.0,0.0,-7.867347,1.400608,-3.562572,0.000799,-0.003997,-0.080205
2026-08-19T15:51:29.584504+00:00,105530,Birendra,squat,good,squat_good,0.0,0.0,0.0,0.0,0.0,0.0,-7.814674,1.302446,-3.392584,0.042101,0.005329,-0.016254
2026-08-19T15:51:29.584504+00:00,105550,Birendra,squat,good,squat_good,0.0,0.0,0.0,0.0,0.0,0.0,-7.682993,1.216254,-3.320758,0.112714,0.005329,0.069547
2026-08-19T15:51:29.584504+00:00,105573,Birendra,squat,good,squat_good,0.0,0.0,0.0,0.0,0.0,0.0,-7.639898,1.42455,-3.430891,0.180129,0.035706,0.109516
2026-08-19T15:51:29.584504+00:00,105591,Birendra,squat,good,squat_good,0.0,0.0,0.0,0.0,0.0,0.0,-7.788338,1.532289,-3.488352,0.171868,-0.005329,0.162809
2026-08-19T15:51:29.584504+00:00,105611,Birendra,squat,good,squat_good,0.0,0.0,0.0,0.0,0.0,0.0,-7.73806,1.484405,-3.490746,0.164141,-0.016254,0.175599
2026-08-19T15:51:29.584504+00:00,105630,Birendra,squat,good,squat_good,0.0,0.0,0.0,0.0,0.0,0.0,-7.855376,1.403002,-3.507505,0.180129,0.002665,0.185458
2026-08-19T15:51:29.584504+00:00,105651,Birendra,squat,good,squat_good,0.0,0.0,0.0,0.0,0.0,0.0,-7.946355,1.467646,-3.569755,0.20864,0.026913,0.190787
2026-08-19T15:51:29.584504+00:00,105671,Birendra,squat,good,squat_good,0.0,0.0,0.0,0.0,0.0,0.0,-8.149862,1.596933,-3.65834,0.23049,0.043167,0.144956
2026-08-19T15:51:29.584504+00:00,105690,Birendra,squat,good,squat_good,0.0,0.0,0.0,0.0,0.0,0.0,-8.291121,1.750161,-3.694253,0.207308,0.00453,0.079139
2026-08-19T15:51:29.584504+00:00,105710,Birendra,squat,good,squat_good,0.0,0.0,0.0,0.0,0.0,0.0,-8.298303,1.786075,-3.715801,0.147887,-0.0437,0.014922
2026-08-19T15:51:29.584504+00:00,105730,Birendra,squat,good,squat_good,0.0,0.0,0.0,0.0,0.0,0.0,-8.183381,1.582567,-3.605668,0.103121,-0.073544,-0.005329
2026-08-19T15:51:29.584504+00:00,105750,Birendra,squat,good,squat_good,0.0,0.0,0.0,0.0,0.0,0.0,-8.094796,1.355118,-3.483563,0.10472,-0.050628,0.030643
2026-08-19T15:51:29.584504+00:00,105771,Birendra,squat,good,squat_good,0.0,0.0,0.0,0.0,0.0,0.0,-8.135497,1.357512,-3.497929,0.147887,-0.011191,0.085002
2026-08-19T15:51:29.584504+00:00,105791,Birendra,squat,good,squat_good,0.0,0.0,0.0,0.0,0.0,0.0,-8.286332,1.482011,-3.490746,0.165207,-0.006395,0.113247
2026-08-19T15:51:29.584504+00:00,105810,Birendra,squat,good,squat_good,0.0,0.0,0.0,0.0,0.0,0.0,-8.23366,1.616086,-3.543418,0.133764,-0.045565,0.134564
